Nr,exercise,question,answer,german,english,level
1,1,_____ Abend,Der,Der Abend,The evening,A1
2,1,_____ Abfahrt,Die,Die Abfahrt,The farewell,A1
3,1,_____ Abflug,Der,Der Abflug,The departure,A1
4,1,_____ Absender,Der,Der Absender,The sender,A1
5,1,_____ Achtung,Die,Die Achtung,The respect,A1
6,1,_____ Adresse,Die,Die Adresse,The address,A1
7,1,_____ Alter,Das,Das Alter,The age,A1
8,1,_____ Anfang,Der,Der Anfang,The beginning,A1
9,1,_____ Angebot,Das,Das Angebot,The offer,A1
10,1,_____ Ankunft,Die,Die Ankunft,The arrival,A1
11,1,_____ Anmeldung,Die,Die Anmeldung,The registration,A1
12,1,_____ Anrede,Die,Die Anrede,The salutation,A1
13,1,_____ Anruf,Der,Der Anruf,The call,A1
14,1,_____ Anrufbeantworter,Der,Der Anrufbeantworter,The answering machine,A1
15,1,_____ Ansage,Die,Die Ansage,The announcement,A1
16,1,_____ Anschluss,Der,Der Anschluss,The connection,A1
17,1,_____ Antwort,Die,Die Antwort,The answer,A1
18,1,_____ Anzeige,Die,Die Anzeige,The ad,A1
19,1,_____ Apartment,Das,Das Apartment,The apartment,A1
20,1,_____ Apfel,Der,Der Apfel,The Apple,A1
21,2,_____ Appartement,Das,Das Appartement,The apartment,A1
22,2,_____ Appetit,Der,Der Appetit,The appetite,A1
23,2,_____ April,Der,Der April,April,A1
24,2,_____ Arbeit,Die,Die Arbeit,The work,A1
25,2,_____ Arbeitsplatz,Der,Der Arbeitsplatz,The workplace,A1
26,2,_____ Arm,Der,Der Arm,The arm,A1
27,2,_____ Arzt,Der,Der Arzt,The doctor,A1
28,2,_____ Aufgabe,Die,Die Aufgabe,The task,A1
29,2,_____ Aufzug,Der,Der Aufzug,The elevator,A1
30,2,_____ Auge,Das,Das Auge,The eye,A1
31,2,_____ August,Der,Der August,The August,A1
32,2,_____ Ausflug,Der,Der Ausflug,The excursion,A1
33,2,_____ Ausgang,Der,Der Ausgang,The outcome,A1
34,2,_____ Auskunft,Die,Die Auskunft,The information,A1
35,2,_____ Ausland,Das,Das Ausland,The foreign country,A1
36,2,_____ Ausländer,Der,Der Ausländer,The foreigner,A1
37,2,_____ Aussage,Die,Die Aussage,The statement,A1
38,2,_____ Ausweis,Der,Der Ausweis,The ID card,A1
39,2,_____ Auto,Das,Das Auto,The car,A1
40,2,_____ Autobahn,Die,Die Autobahn,The highway,A1
41,3,_____ Automat,Der,Der Automat,The machine,A1
42,3,_____ Baby,Das,Das Baby,The baby,A1
43,3,_____ Bad,Das,Das Bad,The bathroom,A1
44,3,_____ Bahn,Die,Die Bahn,The train,A1
45,3,_____ Bahnhof,Der,Der Bahnhof,The station,A1
46,3,_____ Bahnsteig,Der,Der Bahnsteig,The platform,A1
47,3,_____ Balkon,Der,Der Balkon,The balcony,A1
48,3,_____ Banane,Die,Die Banane,The banana,A1
49,3,_____ Bank,Die,Die Bank,The Bank,A1
50,3,_____ Bank,Die,Die Bank,The Bank,A1
51,3,_____ Bauch,Der,Der Bauch,The belly,A1
52,3,_____ Baum,Der,Der Baum,The tree,A1
53,3,_____ Beamte,Der,Der Beamte,The official,A1
54,3,_____ Bein,Das,Das Bein,The leg,A1
55,3,_____ Beispiel,Das,Das Beispiel,The example,A1
56,3,_____ Beruf,Der,Der Beruf,The job,A1
57,3,_____ Bett,Das,Das Bett,The bed,A1
58,3,_____ Bier,Das,Das Bier,The beer,A1
59,3,_____ Bild,Das,Das Bild,The picture,A1
60,3,_____ Birne,Die,Die Birne,The pear,A1
61,4,_____ Bitte,Die,Die Bitte,The request,A1
62,4,_____ Bleistift,Der,Der Bleistift,The pencil,A1
63,4,_____ Blick,Der,Der Blick,The view,A1
64,4,_____ Blume,Die,Die Blume,The flower,A1
65,4,_____ Bogen,Der,Der Bogen,The bow,A1
66,4,_____ Brief,Der,Der Brief,The letter,A1
67,4,_____ Briefmarke,Die,Die Briefmarke,The stamp,A1
68,4,_____ Brot,Das,Das Brot,The bread,A1
69,4,_____ Bruder,Der,Der Bruder,The brother,A1
70,4,_____ Brötchen,Das,Das Brötchen,The bread bun,A1
71,4,_____ Buch,Das,Das Buch,The book,A1
72,4,_____ Buchstabe,Der,Der Buchstabe,The letter,A1
73,4,_____ Bus,Der,Der Bus,The bus,A1
74,4,_____ Butter,Die,Die Butter,The butter,A1
75,4,_____ Bäckerei,Die,Die Bäckerei,The Bakery,A1
76,4,_____ Café,Das,Das Café,The Cafe,A1
77,4,_____ CD,Die,Die CD,The CD,A1
78,4,_____ Cent,Der,Der Cent,The cent,A1
79,4,_____ Chef,Der,Der Chef,The boss,A1
80,4,_____ Computer,Der,Der Computer,The computer,A1
81,5,_____ Dank,Der,Der Dank,The thanks,A1
82,5,_____ Datum,Das,Das Datum,The date,A1
83,5,_____ Dezember,Der,Der Dezember,December,A1
84,5,_____ Dienstag,Der,Der Dienstag,Tuesday,A1
85,5,_____ Doktor,Der,Der Doktor,The Doctor,A1
86,5,_____ Donnerstag,Der,Der Donnerstag,Thursday,A1
87,5,_____ Doppelzimmer,Das,Das Doppelzimmer,The double room,A1
88,5,_____ Dorf,Das,Das Dorf,The village,A1
89,5,_____ Drucker,Der,Der Drucker,The printer,A1
90,5,_____ Durchsage,Die,Die Durchsage,The announcement,A1
91,5,_____ Durst,Der,Der Durst,The thirst,A1
92,5,_____ Dusche,Die,Die Dusche,The shower,A1
93,5,_____ E-Mail,Die,Die E-Mail,The email,A1
94,5,_____ Ecke,Die,Die Ecke,The corner,A1
95,5,_____ Ehefrau,Die,Die Ehefrau,The wife,A1
96,5,_____ Ehemann,Der,Der Ehemann,The husband,A1
97,5,_____ Ei,Das,Das Ei,The egg,A1
98,5,_____ Eingang,Der,Der Eingang,The entrance,A1
99,5,_____ Einladung,Die,Die Einladung,The invitation,A1
100,5,_____ Eintritt,Der,Der Eintritt,The entry,A1
101,6,_____ Einzelzimmer,Das,Das Einzelzimmer,The single room,A1
102,6,_____ Empfänger,Der,Der Empfänger,The recipient,A1
103,6,_____ Ende,Das,Das Ende,The end,A1
104,6,_____ Entschuldigung,Die,Die Entschuldigung,The apology,A1
105,6,_____ Ergebnis,Das,Das Ergebnis,The result,A1
106,6,_____ Essen,Das,Das Essen,The food,A1
107,6,_____ Euro,Der,Der Euro,The Euro,A1
108,6,_____ Europäer,Der,Der Europäer,The European,A1
109,6,_____ Fahrer,Der,Der Fahrer,The driver,A1
110,6,_____ Fahrkarte,Die,Die Fahrkarte,The ticket,A1
111,6,_____ Fahrrad,Das,Das Fahrrad,The bike,A1
112,6,_____ Familie,Die,Die Familie,The family,A1
113,6,_____ Familienname,Der,Der Familienname,The family name,A1
114,6,_____ Familienstand,Der,Der Familienstand,Marital status,A1
115,6,_____ Farbe,Die,Die Farbe,The color,A1
116,6,_____ Fax,Das,Das Fax,The fax,A1
117,6,_____ Februar,Der,Der Februar,February,A1
118,6,_____ Fehler,Der,Der Fehler,The error,A1
119,6,_____ Feierabend,Der,Der Feierabend,The end of the day,A1
120,6,_____ Feiertag,Der,Der Feiertag,The holiday,A1
121,7,_____ Feuer,Das,Das Feuer,The fire,A1
122,7,_____ Fieber,Das,Das Fieber,The fever,A1
123,7,_____ Film,Der,Der Film,The film,A1
124,7,_____ Firma,Die,Die Firma,The Company,A1
125,7,_____ Fisch,Der,Der Fisch,The fish,A1
126,7,_____ Flasche,Die,Die Flasche,The bottle,A1
127,7,_____ Fleisch,Das,Das Fleisch,The meat,A1
128,7,_____ Flughafen,Der,Der Flughafen,The airport,A1
129,7,_____ Flugzeug,Das,Das Flugzeug,The plane,A1
130,7,_____ Formular,Das,Das Formular,The form,A1
131,7,_____ Foto,Das,Das Foto,The photo,A1
132,7,_____ Frage,Die,Die Frage,The question,A1
133,7,_____ Frau,Die,Die Frau,The woman,A1
134,7,_____ Freitag,Der,Der Freitag,Friday,A1
135,7,_____ Freizeit,Die,Die Freizeit,The free time,A1
136,7,_____ Freund,Der,Der Freund,The friend,A1
137,7,_____ Frühjahr,Das,Das Frühjahr,The spring,A1
138,7,_____ Frühling,Der,Der Frühling,The spring,A1
139,7,_____ Frühstück,Das,Das Frühstück,Breakfast,A1
140,7,_____ Fuß,Der,Der Fuß,The foot,A1
141,8,_____ Fußball,Der,Der Fußball,Football,A1
142,8,_____ Führung,Die,Die Führung,The leadership,A1
143,8,_____ Garten,Der,Der Garten,The garden,A1
144,8,_____ Gast,Der,Der Gast,The guest,A1
145,8,_____ Geburtsjahr,Das,Das Geburtsjahr,The year of birth,A1
146,8,_____ Geburtsort,Der,Der Geburtsort,The birthplace,A1
147,8,_____ Geburtstag,Der,Der Geburtstag,The birthday,A1
148,8,_____ Geld,Das,Das Geld,The money,A1
149,8,_____ Gemüse,Das,Das Gemüse,The vegetable,A1
150,8,_____ Gepäck,Das,Das Gepäck,The luggage,A1
151,8,_____ Geschenk,Das,Das Geschenk,The gift,A1
152,8,_____ Geschwister,Das,Das Geschwister,The sibling,A1
153,8,_____ Geschäft,Das,Das Geschäft,The business,A1
154,8,_____ Gespräch,Das,Das Gespräch,The conversation,A1
155,8,_____ Getränk,Das,Das Getränk,The drink,A1
156,8,_____ Gewicht,Das,Das Gewicht,The weight,A1
157,8,_____ Glas,Das,Das Glas,The glass,A1
158,8,_____ Gleis,Das,Das Gleis,The track,A1
159,8,_____ Glück,Das,Das Glück,Happiness,A1
160,8,_____ Glückwunsch,Der,Der Glückwunsch,Congratulations,A1
161,9,_____ Grad,Der,Der Grad,The degree,A1
162,9,_____ Gramm,Das,Das Gramm,The gram,A1
163,9,_____ Großmutter,Die,Die Großmutter,The grandmother,A1
164,9,_____ Großvater,Der,Der Großvater,The grandfather,A1
165,9,_____ Gruppe,Die,Die Gruppe,The group,A1
166,9,_____ Gruß,Der,Der Gruß,The greeting,A1
167,9,_____ Größe,Die,Die Größe,The size,A1
168,9,_____ Haar,Das,Das Haar,The hair,A1
169,9,_____ Halbpension,Die,Die Halbpension,Half board,A1
170,9,_____ Halle,Die,Die Halle,The hall,A1
171,9,_____ Haltestelle,Die,Die Haltestelle,The bus stop,A1
172,9,_____ Hand,Die,Die Hand,The hand,A1
173,9,_____ Handy,Das,Das Handy,The phone,A1
174,9,_____ Haus,Das,Das Haus,The house,A1
175,9,_____ Hausaufgabe,Die,Die Hausaufgabe,The homework,A1
176,9,_____ Hausfrau,Die,Die Hausfrau,The housewife,A1
177,9,_____ Hausmann,Der,Der Hausmann,The househusband,A1
178,9,_____ Heimat,Die,Die Heimat,The homeland,A1
179,9,_____ Herbst,Der,Der Herbst,The autumn,A1
180,9,_____ Herd,Der,Der Herd,The stove,A1
181,10,_____ Herr,Der,Der Herr,The Lord,A1
182,10,_____ Hilfe,Die,Die Hilfe,The help,A1
183,10,_____ Hobby,Das,Das Hobby,The hobby,A1
184,10,_____ Hochzeit,Die,Die Hochzeit,The wedding,A1
185,10,_____ Hotel,Das,Das Hotel,The hotel,A1
186,10,_____ Hund,Der,Der Hund,The dog,A1
187,10,_____ Hunger,Der,Der Hunger,The hunger,A1
188,10,_____ Hähnchen,Das,Das Hähnchen,The chicken,A1
189,10,_____ Information,Die,Die Information,The information,A1
190,10,_____ Internet,Das,Das Internet,The Internet,A1
191,10,_____ Jacke,Die,Die Jacke,The jacket,A1
192,10,_____ Jahr,Das,Das Jahr,The year,A1
193,10,_____ Januar,Der,Der Januar,January,A1
194,10,_____ Job,Der,Der Job,The job,A1
195,10,_____ Juli,Der,Der Juli,July,A1
196,10,_____ Junge,Der,Der Junge,The young,A1
197,10,_____ Juni,Der,Der Juni,June,A1
198,10,_____ Kaffee,Der,Der Kaffee,The coffee,A1
199,10,_____ Karte,Die,Die Karte,The map,A1
200,10,_____ Kartoffel,Die,Die Kartoffel,The potato,A1
201,11,_____ Kasse,Die,Die Kasse,The cash register,A1
202,11,_____ Kilo,Das,Das Kilo,The kilo,A1
203,11,_____ Kilogramm,Das,Das Kilogramm,The kilogram,A1
204,11,_____ Kilometer,Der,Der Kilometer,The kilometer,A1
205,11,_____ Kind,Das,Das Kind,The child,A1
206,11,_____ Kindergarten,Der,Der Kindergarten,The kindergarten,A1
207,11,_____ Kino,Das,Das Kino,The cinema,A1
208,11,_____ Kiosk,Der,Der Kiosk,The kiosk,A1
209,11,_____ Klasse,Die,Die Klasse,The class,A1
210,11,_____ Kleidung,Die,Die Kleidung,The clothing,A1
211,11,_____ Koffer,Der,Der Koffer,The suitcase,A1
212,11,_____ Kollege,Der,Der Kollege,The colleague,A1
213,11,_____ Konto,Das,Das Konto,The account,A1
214,11,_____ Kopf,Der,Der Kopf,The head,A1
215,11,_____ Kreditkarte,Die,Die Kreditkarte,The credit card,A1
216,11,_____ Kuchen,Der,Der Kuchen,The cake,A1
217,11,_____ Kugelschreiber,Der,Der Kugelschreiber,The ballpoint pen,A1
218,11,_____ Kunde,Der,Der Kunde,The customer,A1
219,11,_____ Kundin,Die,Die Kundin,The customer,A1
220,11,_____ Kurs,Der,Der Kurs,The course,A1
221,12,_____ Küche,Die,Die Küche,The kitchen,A1
222,12,_____ Kühlschrank,Der,Der Kühlschrank,The refrigerator,A1
223,12,_____ Laden,Der,Der Laden,The store,A1
224,12,_____ Land,Das,Das Land,The country,A1
225,12,_____ Leben,Das,Das Leben,The life,A1
226,12,_____ Lebensmittel,Das,Das Lebensmittel,The food,A1
227,12,_____ Lehrer,Der,Der Lehrer,The teacher,A1
228,12,_____ Licht,Das,Das Licht,The light,A1
229,12,_____ Lied,Das,Das Lied,The song,A1
230,12,_____ LKW,Der,Der LKW,The truck,A1
231,12,_____ Lkw,Der,Der Lkw,The truck,A1
232,12,_____ Lokal,Das,Das Lokal,The restaurant,A1
233,12,_____ Lösung,Die,Die Lösung,The solution,A1
234,12,_____ Mai,Der,Der Mai,May,A1
235,12,_____ Mann,Der,Der Mann,The man,A1
236,12,_____ Maschine,Die,Die Maschine,The machine,A1
237,12,_____ Meer,Das,Das Meer,The sea,A1
238,12,_____ Mensch,Der,Der Mensch,The human being,A1
239,12,_____ Meter,Der,Der Meter,The meter,A1
240,12,_____ Miete,Die,Die Miete,The rent,A1
241,13,_____ Milch,Die,Die Milch,The milk,A1
242,13,_____ Milliarde,Die,Die Milliarde,The billion,A1
243,13,_____ Million,Die,Die Million,The Million,A1
244,13,_____ Minute,Die,Die Minute,The minute,A1
245,13,_____ Mittag,Der,Der Mittag,The midday,A1
246,13,_____ Mitte,Die,Die Mitte,The middle,A1
247,13,_____ Mittwoch,Der,Der Mittwoch,Wednesday,A1
248,13,_____ Moment,Der,Der Moment,The moment,A1
249,13,_____ Montag,Der,Der Montag,Monday,A1
250,13,_____ Morgen,Der,Der Morgen,The morning,A1
251,13,_____ Mund,Der,Der Mund,The mouth,A1
252,13,_____ Mutter,Die,Die Mutter,The mother,A1
253,13,_____ Mädchen,Das,Das Mädchen,The girl,A1
254,13,_____ März,Der,Der März,March,A1
255,13,_____ Möbel,Das,Das Möbel,The furniture,A1
256,13,_____ Nachmittag,Der,Der Nachmittag,The afternoon,A1
257,13,_____ Name,Der,Der Name,The name,A1
258,13,_____ Namen,Der,Der Namen,The name,A1
259,13,_____ Norden,Der,Der Norden,The North,A1
260,13,_____ November,Der,Der November,November,A1
261,14,_____ Nummer,Die,Die Nummer,The number,A1
262,14,_____ Obst,Das,Das Obst,The fruit,A1
263,14,_____ Oktober,Der,Der Oktober,October,A1
264,14,_____ Oma,Die,Die Oma,The grandma,A1
265,14,_____ Opa,Der,Der Opa,The grandpa,A1
266,14,_____ Ordnung,Die,Die Ordnung,The order,A1
267,14,_____ Ort,Der,Der Ort,The place,A1
268,14,_____ Osten,Der,Der Osten,The East,A1
269,14,_____ Papier,Das,Das Papier,The paper,A1
270,14,_____ Partner,Der,Der Partner,The partner,A1
271,14,_____ Partnerin,Die,Die Partnerin,The partner,A1
272,14,_____ Party,Die,Die Party,The party,A1
273,14,_____ Pass,Der,Der Pass,The passport,A1
274,14,_____ Pause,Die,Die Pause,The break,A1
275,14,_____ Pfund,Das,Das Pfund,The pound,A1
276,14,_____ Plan,Der,Der Plan,The plan,A1
277,14,_____ Platz,Der,Der Platz,The space,A1
278,14,_____ Polizei,Die,Die Polizei,The police,A1
279,14,_____ Post,Die,Die Post,The post,A1
280,14,_____ Postleitzahl,Die,Die Postleitzahl,The postal code,A1
281,15,_____ Praktikum,Das,Das Praktikum,The internship,A1
282,15,_____ Praxis,Die,Die Praxis,The practice,A1
283,15,_____ Preis,Der,Der Preis,The price,A1
284,15,_____ Problem,Das,Das Problem,The problem,A1
285,15,_____ Prospekt,Der,Der Prospekt,The prospectus,A1
286,15,_____ Prozent,Das,Das Prozent,The percent,A1
287,15,_____ Prüfung,Die,Die Prüfung,The exam,A1
288,15,_____ Quadratmeter,Der,Der Quadratmeter,The square meter,A1
289,15,_____ Raum,Der,Der Raum,The space,A1
290,15,_____ Rechnung,Die,Die Rechnung,The bill,A1
291,15,_____ Regen,Der,Der Regen,The rain,A1
292,15,_____ Reis,Der,Der Reis,The rice,A1
293,15,_____ Reise,Die,Die Reise,The trip,A1
294,15,_____ Reisebüro,Das,Das Reisebüro,The travel agency,A1
295,15,_____ Reiseführer,Der,Der Reiseführer,The travel guide,A1
296,15,_____ Reparatur,Die,Die Reparatur,The repair,A1
297,15,_____ Restaurant,Das,Das Restaurant,The restaurant,A1
298,15,_____ Rezeption,Die,Die Rezeption,The reception,A1
299,15,_____ S-Bahn,Die,Die S-Bahn,The S-Bahn,A1
300,15,_____ Saft,Der,Der Saft,The juice,A1
301,16,_____ Salat,Der,Der Salat,The salad,A1
302,16,_____ Salz,Das,Das Salz,The salt,A1
303,16,_____ Samstag,Der,Der Samstag,Saturday,A1
304,16,_____ Satz,Der,Der Satz,The sentence,A1
305,16,_____ Schild,Das,Das Schild,The shield,A1
306,16,_____ Schinken,Der,Der Schinken,The ham,A1
307,16,_____ Schluss,Der,Der Schluss,The conclusion,A1
308,16,_____ Schlüssel,Der,Der Schlüssel,The key,A1
309,16,_____ Schrank,Der,Der Schrank,The cupboard,A1
310,16,_____ Schuh,Der,Der Schuh,The shoe,A1
311,16,_____ Schule,Die,Die Schule,The school,A1
312,16,_____ Schwester,Die,Die Schwester,The sister,A1
313,16,_____ Schwimmbad,Das,Das Schwimmbad,The swimming pool,A1
314,16,_____ Schüler,Der,Der Schüler,The student,A1
315,16,_____ See,Der,Der See,The lake,A1
316,16,_____ Sehenswürdigkeit,Die,Die Sehenswürdigkeit,The sight,A1
317,16,_____ Sekunde,Die,Die Sekunde,The second,A1
318,16,_____ September,Der,Der September,September,A1
319,16,_____ Sofa,Das,Das Sofa,The sofa,A1
320,16,_____ Sohn,Der,Der Sohn,The son,A1
321,17,_____ Sommer,Der,Der Sommer,The summer,A1
322,17,_____ Sonnabend,Der,Der Sonnabend,Saturday,A1
323,17,_____ Sonne,Die,Die Sonne,The sun,A1
324,17,_____ Sonntag,Der,Der Sonntag,Sunday,A1
325,17,_____ Speisekarte,Die,Die Speisekarte,The menu,A1
326,17,_____ Speisenkarte,Die,Die Speisenkarte,The menu,A1
327,17,_____ Sport,Der,Der Sport,The sport,A1
328,17,_____ Sprache,Die,Die Sprache,The language,A1
329,17,_____ Stadt,Die,Die Stadt,The city,A1
330,17,_____ Stelle,Die,Die Stelle,The spot,A1
331,17,_____ Stock,Der,Der Stock,The stick,A1
332,17,_____ Straße,Die,Die Straße,The street,A1
333,17,_____ Straßenbahn,Die,Die Straßenbahn,The tram,A1
334,17,_____ Student,Der,Der Student,The student,A1
335,17,_____ Studium,Das,Das Studium,The study,A1
336,17,_____ Stunde,Die,Die Stunde,The hour,A1
337,17,_____ Süden,Der,Der Süden,The South,A1
338,17,_____ Tag,Der,Der Tag,The day,A1
339,17,_____ Tasche,Die,Die Tasche,The bag,A1
340,17,_____ Taxi,Das,Das Taxi,The taxi,A1
341,18,_____ Tee,Der,Der Tee,The tea,A1
342,18,_____ Telefon,Das,Das Telefon,The phone,A1
343,18,_____ Termin,Der,Der Termin,The appointment,A1
344,18,_____ Test,Der,Der Test,The test,A1
345,18,_____ Text,Der,Der Text,The text,A1
346,18,_____ Thema,Das,Das Thema,The topic,A1
347,18,_____ Ticket,Das,Das Ticket,The ticket,A1
348,18,_____ Tisch,Der,Der Tisch,The table,A1
349,18,_____ Tochter,Die,Die Tochter,The daughter,A1
350,18,_____ Toilette,Die,Die Toilette,The toilet,A1
351,18,_____ Tomate,Die,Die Tomate,The tomato,A1
352,18,_____ Treppe,Die,Die Treppe,The stairs,A1
353,18,_____ Uhr,Die,Die Uhr,The clock,A1
354,18,_____ Unterricht,Der,Der Unterricht,The lesson,A1
355,18,_____ Unterschrift,Die,Die Unterschrift,The signature,A1
356,18,_____ Urlaub,Der,Der Urlaub,The holidays,A1
357,18,_____ Vater,Der,Der Vater,The father,A1
358,18,_____ Verein,Der,Der Verein,The Union,A1
359,18,_____ Verkäufer,Der,Der Verkäufer,The seller,A1
360,18,_____ Vermieter,Der,Der Vermieter,The landlord,A1
361,19,_____ Viertel,Das,Das Viertel,The quarter,A1
362,19,_____ Vormittag,Der,Der Vormittag,The morning,A1
363,19,_____ Vorname,Der,Der Vorname,The first name,A1
364,19,_____ Vorsicht,Die,Die Vorsicht,The caution,A1
365,19,_____ Vorwahl,Die,Die Vorwahl,The area code,A1
366,19,_____ Wagen,Der,Der Wagen,The car,A1
367,19,_____ Wasser,Das,Das Wasser,The water,A1
368,19,_____ Wein,Der,Der Wein,The wine,A1
369,19,_____ Welt,Die,Die Welt,The world,A1
370,19,_____ Westen,Der,Der Westen,The West,A1
371,19,_____ Wetter,Das,Das Wetter,The weather,A1
372,19,_____ Wiederhören,Das,Das Wiederhören,The reunion,A1
373,19,_____ Wiedersehen,Das,Das Wiedersehen,The reunion,A1
374,19,_____ Wind,Der,Der Wind,The wind,A1
375,19,_____ Winter,Der,Der Winter,The winter,A1
376,19,_____ Woche,Die,Die Woche,The week,A1
377,19,_____ Wochenende,Das,Das Wochenende,The weekend,A1
378,19,_____ Wochentag,Der,Der Wochentag,The day of the week,A1
379,19,_____ Wohnung,Die,Die Wohnung,The apartment,A1
380,19,_____ Zeit,Die,Die Zeit,The time,A1
381,20,_____ Zeitung,Die,Die Zeitung,The newspaper,A1
382,20,_____ Zentimeter,Der,Der Zentimeter,The centimeter,A1
383,20,_____ Zigarette,Die,Die Zigarette,The cigarette,A1
384,20,_____ Zimmer,Das,Das Zimmer,The room,A1
385,20,_____ Zoll,Der,Der Zoll,Customs,A1
386,20,_____ Zug,Der,Der Zug,The train,A1
387,20,_____ Öl,Das,Das Öl,The oil,A1
401,21,_____ Ahnung,Die,Die Ahnung,The premonition,A2
402,21,_____ Ampel,Die,Die Ampel,The traffic light,A2
403,21,_____ Angst,Die,Die Angst,The fear,A2
404,21,_____ Anzug,Der,Der Anzug,The suit,A2
405,21,_____ Apotheke,Die,Die Apotheke,The pharmacy,A2
406,21,_____ Apparat,Der,Der Apparat,The device,A2
407,21,_____ Artikel,Der,Der Artikel,The article,A2
408,21,_____ Ausbildung,Die,Die Ausbildung,The training,A2
409,21,_____ Ausstellung,Die,Die Ausstellung,The exhibition,A2
410,21,_____ Babysitter,Der,Der Babysitter,The babysitter,A2
411,21,_____ Ball,Der,Der Ball,The ball,A2
412,21,_____ Band,Die,Die Band,The band,A2
413,21,_____ Basketball,Der,Der Basketball,The basketball,A2
414,21,_____ Baustelle,Die,Die Baustelle,The construction site,A2
415,21,_____ Berg,Der,Der Berg,The mountain,A2
416,21,_____ Bescheid,Der,Der Bescheid,The notice,A2
417,21,_____ Besuch,Der,Der Besuch,The visit,A2
418,21,_____ Bewerbung,Die,Die Bewerbung,The application,A2
419,21,_____ Bibliothek,Die,Die Bibliothek,The library,A2
420,21,_____ Blatt,Das,Das Blatt,The leaf,A2
421,22,_____ Bluse,Die,Die Bluse,The blouse,A2
422,22,_____ Bohne,Die,Die Bohne,The bean,A2
423,22,_____ Brille,Die,Die Brille,The glasses,A2
424,22,_____ Brücke,Die,Die Brücke,The bridge,A2
425,22,_____ Büro,Das,Das Büro,The office,A2
426,22,_____ Cafeteria,Die,Die Cafeteria,The cafeteria,A2
427,22,_____ Chefin,Die,Die Chefin,The boss,A2
428,22,_____ Circus,Der,Der Circus,The Circus,A2
429,22,_____ Club,Der,Der Club,The Club,A2
430,22,_____ Comic,Der,Der Comic,The comic,A2
431,22,_____ Creme,Die,Die Creme,The cream,A2
432,22,_____ Crème,Die,Die Crème,The cream,A2
433,22,_____ Dame,Die,Die Dame,The lady,A2
434,22,_____ Datei,Die,Die Datei,The file,A2
435,22,_____ Ding,Das,Das Ding,The thing,A2
436,22,_____ Disco,Die,Die Disco,The disco,A2
437,22,_____ Disko,Die,Die Disko,The disco,A2
438,22,_____ E-Book,Das,Das E-Book,The e-book,A2
439,22,_____ Ehepartner,Der,Der Ehepartner,The spouse,A2
440,22,_____ Einkaufszentrum,Das,Das Einkaufszentrum,The shopping center,A2
441,23,_____ Eis,Das,Das Eis,The ice,A2
442,23,_____ Erdgeschoss,Das,Das Erdgeschoss,The ground floor,A2
443,23,_____ Erfahrung,Die,Die Erfahrung,The experience,A2
444,23,_____ Erlaubnis,Die,Die Erlaubnis,The permission,A2
445,23,_____ Ermäßigung,Die,Die Ermäßigung,The discount,A2
446,23,_____ Fach,Das,Das Fach,The subject,A2
447,23,_____ Fahrplan,Der,Der Fahrplan,The timetable,A2
448,23,_____ Fan,Der,Der Fan,The fan,A2
449,23,_____ Feier,Die,Die Feier,The party,A2
450,23,_____ Fenster,Das,Das Fenster,The window,A2
451,23,_____ Fest,Das,Das Fest,The party,A2
452,23,_____ Festival,Das,Das Festival,The Festival,A2
453,23,_____ Flohmarkt,Der,Der Flohmarkt,The flea market,A2
454,23,_____ Flug,Der,Der Flug,The flight,A2
455,23,_____ Fluss,Der,Der Fluss,The river,A2
456,23,_____ Fotoapparat,Der,Der Fotoapparat,The camera,A2
457,23,_____ Freundin,Die,Die Freundin,The girlfriend,A2
458,23,_____ Fundsache,Die,Die Fundsache,The Lost and Found,A2
459,23,_____ Führerschein,Der,Der Führerschein,The driver's license,A2
460,23,_____ Gabel,Die,Die Gabel,The fork,A2
461,24,_____ Garage,Die,Die Garage,The garage,A2
462,24,_____ Gegenteil,Das,Das Gegenteil,The contrary,A2
463,24,_____ Gehalt,Das,Das Gehalt,The salary,A2
464,24,_____ Geldbörse,Die,Die Geldbörse,The wallet,A2
465,24,_____ Gericht,Das,Das Gericht,The court,A2
466,24,_____ Gerät,Das,Das Gerät,The device,A2
467,24,_____ Geschichte,Die,Die Geschichte,The story,A2
468,24,_____ Geschirr,Das,Das Geschirr,The dishes,A2
469,24,_____ Gesundheit,Die,Die Gesundheit,The health,A2
470,24,_____ Gewitter,Das,Das Gewitter,The thunderstorm,A2
471,24,_____ Gitarre,Die,Die Gitarre,The guitar,A2
472,24,_____ Grippe,Die,Die Grippe,The flu,A2
473,24,_____ Hals,Der,Der Hals,The neck,A2
474,24,_____ Hamburger,Der,Der Hamburger,The Hamburger,A2
475,24,_____ Handtuch,Das,Das Handtuch,The towel,A2
476,24,_____ Hauptstadt,Die,Die Hauptstadt,The capital,A2
477,24,_____ Haushalt,Der,Der Haushalt,The household,A2
478,24,_____ Heft,Das,Das Heft,The booklet,A2
479,24,_____ Heizung,Die,Die Heizung,The heating system,A2
480,24,_____ Hemd,Das,Das Hemd,The shirt,A2
481,25,_____ Himmel,Der,Der Himmel,The sky,A2
482,25,_____ Homepage,Die,Die Homepage,The homepage,A2
483,25,_____ Hose,Die,Die Hose,The pants,A2
484,25,_____ Händetuch,Das,Das Händetuch,The towel,A2
485,25,_____ Idee,Die,Die Idee,The idea,A2
486,25,_____ Insel,Die,Die Insel,The island,A2
487,25,_____ Instrument,Das,Das Instrument,The instrument,A2
488,25,_____ Interesse,Das,Das Interesse,The interest,A2
489,25,_____ Interview,Das,Das Interview,The interview,A2
490,25,_____ Jeans,Die,Die Jeans,The jeans,A2
491,25,_____ Jugendherberge,Die,Die Jugendherberge,The hostel,A2
492,25,_____ Kalender,Der,Der Kalender,The calendar,A2
493,25,_____ Kamera,Die,Die Kamera,The camera,A2
494,25,_____ Katze,Die,Die Katze,The cat,A2
495,25,_____ Kaufhaus,Das,Das Kaufhaus,The department store,A2
496,25,_____ Keller,Der,Der Keller,The cellar,A2
497,25,_____ Kenntnis,Die,Die Kenntnis,The knowledge,A2
498,25,_____ Kette,Die,Die Kette,The chain,A2
499,25,_____ Kirche,Die,Die Kirche,The church,A2
500,25,_____ Klavier,Das,Das Klavier,The piano,A2
501,26,_____ Kleid,Das,Das Kleid,The dress,A2
502,26,_____ Klub,Der,Der Klub,The club,A2
503,26,_____ Kollegin,Die,Die Kollegin,The colleague,A2
504,26,_____ Kontakt,Der,Der Kontakt,The contact,A2
505,26,_____ Konzert,Das,Das Konzert,The concert,A2
506,26,_____ Kosmetik,Die,Die Kosmetik,The cosmetics,A2
507,26,_____ Krankenhaus,Das,Das Krankenhaus,The hospital,A2
508,26,_____ Krankenkasse,Die,Die Krankenkasse,The health insurance company,A2
509,26,_____ Krankheit,Die,Die Krankheit,The disease,A2
510,26,_____ Kredit,Der,Der Kredit,The loan,A2
511,26,_____ Kreuzung,Die,Die Kreuzung,The crossing,A2
512,26,_____ Krimi,Der,Der Krimi,The crime story,A2
513,26,_____ Kultur,Die,Die Kultur,The culture,A2
514,26,_____ Kunst,Die,Die Kunst,Art,A2
515,26,_____ Käse,Der,Der Käse,The cheese,A2
516,26,_____ Körper,Der,Der Körper,The body,A2
517,26,_____ Lampe,Die,Die Lampe,The lamp,A2
518,26,_____ Landschaft,Die,Die Landschaft,The landscape,A2
519,26,_____ Laptop,Der,Der Laptop,The laptop,A2
520,26,_____ Liebe,Die,Die Liebe,Love,A2
521,27,_____ Link,Der,Der Link,The link,A2
522,27,_____ Lust,Die,Die Lust,The lust,A2
523,27,_____ Löffel,Der,Der Löffel,The spoon,A2
524,27,_____ Lüge,Die,Die Lüge,The lie,A2
525,27,_____ Magen,Der,Der Magen,The stomach,A2
526,27,_____ Mail,Die,Die Mail,The email,A2
527,27,_____ Mailbox,Die,Die Mailbox,The mailbox,A2
528,27,_____ Mannschaft,Die,Die Mannschaft,The team,A2
529,27,_____ Mantel,Der,Der Mantel,The coat,A2
530,27,_____ Markt,Der,Der Markt,The market,A2
531,27,_____ Medikament,Das,Das Medikament,The drug,A2
532,27,_____ Meinung,Die,Die Meinung,The opinion,A2
533,27,_____ Menge,Die,Die Menge,The amount,A2
534,27,_____ Messe,Die,Die Messe,The fair,A2
535,27,_____ Messer,Das,Das Messer,The knife,A2
536,27,_____ Mineralwasser,Das,Das Mineralwasser,The mineral water,A2
537,27,_____ Mitarbeiter,Der,Der Mitarbeiter,The employee,A2
538,27,_____ Mittagessen,Das,Das Mittagessen,The lunch,A2
539,27,_____ Mittel,Das,Das Mittel,The remedy,A2
540,27,_____ Mobiltelefon,Das,Das Mobiltelefon,The mobile phone,A2
541,28,_____ Mode,Die,Die Mode,The fashion,A2
542,28,_____ Motor,Der,Der Motor,The engine,A2
543,28,_____ Motorroller,Der,Der Motorroller,The scooter,A2
544,28,_____ Museum,Das,Das Museum,The Museum,A2
545,28,_____ Musik,Die,Die Musik,The music,A2
546,28,_____ Müll,Der,Der Müll,The garbage,A2
547,28,_____ Mütze,Die,Die Mütze,The hat,A2
548,28,_____ Nachbar,Der,Der Nachbar,The neighbor,A2
549,28,_____ Nachbarin,Die,Die Nachbarin,The neighbor,A2
550,28,_____ Nachricht,Die,Die Nachricht,The message,A2
551,28,_____ Natur,Die,Die Natur,The nature,A2
552,28,_____ Note,Die,Die Note,The grade,A2
553,28,_____ Notiz,Die,Die Notiz,The note,A2
554,28,_____ Nudel,Die,Die Nudel,The noodle,A2
555,28,_____ Nächste,Der,Der Nächste,The next,A2
556,28,_____ nächste,Der,Der nächste,The next,A2
557,28,_____ Nähe,Die,Die Nähe,The vicinity,A2
558,28,_____ Ohr,Das,Das Ohr,The ear,A2
559,28,_____ Orange,Die,Die Orange,The Orange,A2
560,28,_____ Paar,Das,Das Paar,The couple,A2
561,29,_____ Paket,Das,Das Paket,The package,A2
562,29,_____ Parfum,Das,Das Parfum,The perfume,A2
563,29,_____ Parfüm,Das,Das Parfüm,The perfume,A2
564,29,_____ Park,Der,Der Park,The park,A2
565,29,_____ Passwort,Das,Das Passwort,The password,A2
566,29,_____ Person,Die,Die Person,The person,A2
567,29,_____ Pferd,Das,Das Pferd,The horse,A2
568,29,_____ Pflanze,Die,Die Pflanze,The plant,A2
569,29,_____ Pizza,Die,Die Pizza,The pizza,A2
570,29,_____ Plakat,Das,Das Plakat,The poster,A2
571,29,_____ Portion,Die,Die Portion,The portion,A2
572,29,_____ Poster,Das,Das Poster,The poster,A2
573,29,_____ Postkarte,Die,Die Postkarte,The postcard,A2
574,29,_____ Produkt,Das,Das Produkt,The product,A2
575,29,_____ Programm,Das,Das Programm,The program,A2
576,29,_____ Projekt,Das,Das Projekt,The project,A2
577,29,_____ Pullover,Der,Der Pullover,The sweater,A2
578,29,_____ Qualität,Die,Die Qualität,The quality,A2
579,29,_____ Quiz,Das,Das Quiz,The Quiz,A2
580,29,_____ Rad,Das,Das Rad,The wheel,A2
581,30,_____ Radio,Das,Das Radio,The radio,A2
582,30,_____ Rathaus,Das,Das Rathaus,The town hall,A2
583,30,_____ Reifen,Der,Der Reifen,The tire,A2
584,30,_____ Reihe,Die,Die Reihe,The series,A2
585,30,_____ Reinigung,Die,Die Reinigung,The cleaning,A2
586,30,_____ Rentner,Der,Der Rentner,The pensioner,A2
587,30,_____ Rentnerin,Die,Die Rentnerin,The pensioner,A2
588,30,_____ Rest,Der,Der Rest,The rest,A2
589,30,_____ Rezept,Das,Das Rezept,The recipe,A2
590,30,_____ Rind,Das,Das Rind,The cattle,A2
591,30,_____ Ring,Der,Der Ring,The Ring,A2
592,30,_____ Rock,Der,Der Rock,The skirt,A2
593,30,_____ Rose,Die,Die Rose,The Rose,A2
594,30,_____ Rucksack,Der,Der Rucksack,The backpack,A2
595,30,_____ Ruhe,Die,Die Ruhe,The peace,A2
596,30,_____ Rundgang,Der,Der Rundgang,The tour,A2
597,30,_____ Rätsel,Das,Das Rätsel,The riddle,A2
598,30,_____ Rücken,Der,Der Rücken,The back,A2
599,30,_____ Sache,Die,Die Sache,The matter,A2
600,30,_____ Schere,Die,Die Schere,The scissors,A2
601,31,_____ Schiff,Das,Das Schiff,The ship,A2
602,31,_____ Schirm,Der,Der Schirm,The umbrella,A2
603,31,_____ Schlafzimmer,Das,Das Schlafzimmer,The bedroom,A2
604,31,_____ Schloss,Das,Das Schloss,The castle,A2
605,31,_____ Schloss,Das,Das Schloss,The castle,A2
606,31,_____ Schmerz,Der,Der Schmerz,The pain,A2
607,31,_____ Schnee,Der,Der Schnee,The snow,A2
608,31,_____ Schokolade,Die,Die Schokolade,The chocolate,A2
609,31,_____ Schwein,Das,Das Schwein,The pig,A2
610,31,_____ Schülerin,Die,Die Schülerin,The student,A2
611,31,_____ Seife,Die,Die Seife,The soap,A2
612,31,_____ Seite,Die,Die Seite,The page,A2
613,31,_____ Sendung,Die,Die Sendung,The broadcast,A2
614,31,_____ Service,Der,Der Service,The service,A2
615,31,_____ Situation,Die,Die Situation,The situation,A2
616,31,_____ Spass,Der,Der Spass,The fun,A2
617,31,_____ Spaziergang,Der,Der Spaziergang,The walk,A2
618,31,_____ Spaß,Der,Der Spaß,The fun,A2
619,31,_____ Spiel,Das,Das Spiel,The game,A2
620,31,_____ Sportplatz,Der,Der Sportplatz,The sports field,A2
621,32,_____ Sprechstunde,Die,Die Sprechstunde,The consultation hour,A2
622,32,_____ Stadtplan,Der,Der Stadtplan,The city map,A2
623,32,_____ Star,Der,Der Star,The Star,A2
624,32,_____ Stiefel,Der,Der Stiefel,The boot,A2
625,32,_____ Stift,Der,Der Stift,The pencil,A2
626,32,_____ Stipendium,Das,Das Stipendium,The scholarship,A2
627,32,_____ Stockwerk,Das,Das Stockwerk,The floor,A2
628,32,_____ Strand,Der,Der Strand,The beach,A2
629,32,_____ Stress,Der,Der Stress,The stress,A2
630,32,_____ Studentin,Die,Die Studentin,The student,A2
631,32,_____ Stuhl,Der,Der Stuhl,The chair,A2
632,32,_____ Stück,Das,Das Stück,The piece,A2
633,32,_____ Supermarkt,Der,Der Supermarkt,The supermarket,A2
634,32,_____ Suppe,Die,Die Suppe,The soup,A2
635,32,_____ Süßigkeit,Die,Die Süßigkeit,The candy,A2
636,32,_____ T-Shirt,Das,Das T-Shirt,The T-Shirt,A2
637,32,_____ Tablette,Die,Die Tablette,The tablet,A2
638,32,_____ Tafel,Die,Die Tafel,The whiteboard,A2
639,32,_____ Taschengeld,Das,Das Taschengeld,The pocket money,A2
640,32,_____ Tasse,Die,Die Tasse,The cup,A2
641,33,_____ Team,Das,Das Team,The team,A2
642,33,_____ Teller,Der,Der Teller,The dish,A2
643,33,_____ Tennis,Das,Das Tennis,The tennis,A2
644,33,_____ Theater,Das,Das Theater,The theater,A2
645,33,_____ Tier,Das,Das Tier,The animal,A2
646,33,_____ Tipp,Der,Der Tipp,The tip,A2
647,33,_____ Titel,Der,Der Titel,The title,A2
648,33,_____ Topf,Der,Der Topf,The pot,A2
649,33,_____ Torte,Die,Die Torte,The cake,A2
650,33,_____ Tour,Die,Die Tour,The tour,A2
651,33,_____ Tourist,Der,Der Tourist,The Tourist,A2
652,33,_____ Touristin,Die,Die Touristin,The Tourist,A2
653,33,_____ Training,Das,Das Training,The training,A2
654,33,_____ Traum,Der,Der Traum,The dream,A2
655,33,_____ Tür,Die,Die Tür,The door,A2
656,33,_____ Umzug,Der,Der Umzug,The move,A2
657,33,_____ Unfall,Der,Der Unfall,The accident,A2
658,33,_____ Universität,Die,Die Universität,The University,A2
659,33,_____ Unterkunft,Die,Die Unterkunft,The accommodation,A2
660,33,_____ Unterschied,Der,Der Unterschied,The difference,A2
661,34,_____ Veranstaltung,Die,Die Veranstaltung,The event,A2
662,34,_____ Verkehr,Der,Der Verkehr,The traffic,A2
663,34,_____ Verkehrsmittel,Das,Das Verkehrsmittel,The means of transport,A2
664,34,_____ Vermieterin,Die,Die Vermieterin,The landlady,A2
665,34,_____ Verspätung,Die,Die Verspätung,The delay,A2
666,34,_____ Vertrag,Der,Der Vertrag,The contract,A2
667,34,_____ Vogel,Der,Der Vogel,The bird,A2
668,34,_____ Vorschlag,Der,Der Vorschlag,The suggestion,A2
669,34,_____ Wald,Der,Der Wald,The forest,A2
670,34,_____ Web-Seite,Die,Die Web-Seite,The website,A2
671,34,_____ Webseite,Die,Die Webseite,The website,A2
672,34,_____ Weg,Der,Der Weg,The path,A2
673,34,_____ Werkstatt,Die,Die Werkstatt,The workshop,A2
674,34,_____ Wettbewerb,Der,Der Wettbewerb,The competition,A2
675,34,_____ Witz,Der,Der Witz,The joke,A2
676,34,_____ Wohnzimmer,Das,Das Wohnzimmer,The living room,A2
677,34,_____ Wolke,Die,Die Wolke,The Cloud,A2
678,34,_____ Workshop,Der,Der Workshop,The workshop,A2
679,34,_____ Wunsch,Der,Der Wunsch,The desire,A2
680,34,_____ Wurst,Die,Die Wurst,The sausage,A2
681,35,_____ Wäsche,Die,Die Wäsche,The laundry,A2
682,35,_____ Zahl,Die,Die Zahl,The number,A2
683,35,_____ Zahn,Der,Der Zahn,The tooth,A2
684,35,_____ Zeitschrift,Die,Die Zeitschrift,The magazine,A2
685,35,_____ Zelt,Das,Das Zelt,The tent,A2
686,35,_____ Zentrum,Das,Das Zentrum,The center,A2
687,35,_____ Zettel,Der,Der Zettel,The note,A2
688,35,_____ Zeugnis,Das,Das Zeugnis,The testimony,A2
689,35,_____ Ziel,Das,Das Ziel,The goal,A2
690,35,_____ Zirkus,Der,Der Zirkus,The circus,A2
691,35,_____ Zitrone,Die,Die Zitrone,The lemon,A2
692,35,_____ Zoo,Der,Der Zoo,The Zoo,A2
693,35,_____ Zucker,Der,Der Zucker,The sugar,A2
694,35,_____ Übersetzung,Die,Die Übersetzung,The translation,A2
701,36,_____ Abbildung,Die,Die Abbildung,The illustration,B1
702,36,_____ Abenteuer,Das,Das Abenteuer,The adventure,B1
703,36,_____ Abfall,Der,Der Abfall,The waste,B1
704,36,_____ Abfalleimer,Der,Der Abfalleimer,The trash can,B1
705,36,_____ Abgas,Das,Das Abgas,The exhaust gas,B1
706,36,_____ Abitur,Das,Das Abitur,The high school diploma,B1
707,36,_____ Abonnement,Das,Das Abonnement,The subscription,B1
708,36,_____ Abschied,Der,Der Abschied,The farewell,B1
709,36,_____ Abschluss,Der,Der Abschluss,The conclusion,B1
710,36,_____ Abschnitt,Der,Der Abschnitt,The section,B1
711,36,_____ Absenderin,Die,Die Absenderin,The sender,B1
712,36,_____ Abt,Der,Der Abt,The Abbot,B1
713,36,_____ Abteilung,Die,Die Abteilung,The Department,B1
714,36,_____ Abwart,Der,Der Abwart,The caretaker,B1
715,36,_____ Abwartin,Die,Die Abwartin,The caretaker,B1
716,36,_____ Aktion,Die,Die Aktion,The action,B1
717,36,_____ Aktivität,Die,Die Aktivität,The activity,B1
718,36,_____ Alarm,Der,Der Alarm,The alarm,B1
719,36,_____ Alkohol,Der,Der Alkohol,The alcohol,B1
720,36,_____ Alltag,Der,Der Alltag,The everyday,B1
721,37,_____ Alphabet,Das,Das Alphabet,The Alphabet,B1
722,37,_____ Altenheim,Das,Das Altenheim,The retirement home,B1
723,37,_____ Alternative,Die,Die Alternative,The alternative,B1
724,37,_____ Altersheim,Das,Das Altersheim,The retirement home,B1
725,37,_____ Amt,Das,Das Amt,The Office,B1
726,37,_____ Anbieter,Der,Der Anbieter,The provider,B1
727,37,_____ Angabe,Die,Die Angabe,The information,B1
728,37,_____ Anlage,Die,Die Anlage,The attachment,B1
729,37,_____ Anleitung,Die,Die Anleitung,The instructions,B1
730,37,_____ Annonce,Die,Die Annonce,The advertisement,B1
731,37,_____ Anspruch,Der,Der Anspruch,The claim,B1
732,37,_____ Antrag,Der,Der Antrag,The application,B1
733,37,_____ Anwalt,Der,Der Anwalt,The lawyer,B1
734,37,_____ Anwältin,Die,Die Anwältin,The lawyer,B1
735,37,_____ Anzahl,Die,Die Anzahl,The number,B1
736,37,_____ Aprikose,Die,Die Aprikose,The apricot,B1
737,37,_____ Arbeiter,Der,Der Arbeiter,The worker,B1
738,37,_____ Arbeiterin,Die,Die Arbeiterin,The worker,B1
739,37,_____ Arbeitserlaubnis,Die,Die Arbeitserlaubnis,The work permit,B1
740,37,_____ Arbeitslosigkeit,Die,Die Arbeitslosigkeit,Unemployment,B1
741,38,_____ Arbeitsstelle,Die,Die Arbeitsstelle,The workplace,B1
742,38,_____ Architekt,Der,Der Architekt,The architect,B1
743,38,_____ Architektin,Die,Die Architektin,The architect,B1
744,38,_____ Art,Die,Die Art,The type,B1
745,38,_____ Asyl,Das,Das Asyl,The asylum,B1
746,38,_____ Atem,Der,Der Atem,The breath,B1
747,38,_____ Aufenthalt,Der,Der Aufenthalt,The stay,B1
748,38,_____ Aufforderung,Die,Die Aufforderung,The request,B1
749,38,_____ Aufnahme,Die,Die Aufnahme,The recording,B1
750,38,_____ Auftrag,Der,Der Auftrag,The order,B1
751,38,_____ Auftritt,Der,Der Auftritt,The performance,B1
752,38,_____ Augenblick,Der,Der Augenblick,The moment,B1
753,38,_____ Ausdruck,Der,Der Ausdruck,The expression,B1
754,38,_____ Ausdruck,Der,Der Ausdruck,The expression,B1
755,38,_____ Ausfahrt,Die,Die Ausfahrt,The exit,B1
756,38,_____ Ausgabe,Die,Die Ausgabe,The issue,B1
757,38,_____ Aushilfe,Die,Die Aushilfe,The temporary worker,B1
758,38,_____ Ausländerin,Die,Die Ausländerin,The foreigner,B1
759,38,_____ Ausnahme,Die,Die Ausnahme,The exception,B1
760,38,_____ Aussprache,Die,Die Aussprache,The pronunciation,B1
761,39,_____ Auswahl,Die,Die Auswahl,The selection,B1
762,39,_____ Autor,Der,Der Autor,The author,B1
763,39,_____ Autorin,Die,Die Autorin,The author,B1
764,39,_____ Backofen,Der,Der Backofen,The oven,B1
765,39,_____ Backrohr,Das,Das Backrohr,The oven,B1
766,39,_____ Badewanne,Die,Die Badewanne,The bathtub,B1
767,39,_____ Ballett,Das,Das Ballett,The ballet,B1
768,39,_____ Bancomat,Der,Der Bancomat,The ATM,B1
769,39,_____ Bancomatkarte,Die,Die Bancomatkarte,The ATM card,B1
770,39,_____ Bankleitzahl,Die,Die Bankleitzahl,The bank sort code,B1
771,39,_____ Bankomat,Der,Der Bankomat,The ATM,B1
772,39,_____ Bankomatkarte,Die,Die Bankomatkarte,The ATM card,B1
773,39,_____ Bar,Die,Die Bar,The Bar,B1
774,39,_____ Bargeld,Das,Das Bargeld,The cash,B1
775,39,_____ Bart,Der,Der Bart,The beard,B1
776,39,_____ Batterie,Die,Die Batterie,The battery,B1
777,39,_____ Bau,Der,Der Bau,The construction,B1
778,39,_____ Bauer,Der,Der Bauer,The farmer,B1
779,39,_____ Bauernhof,Der,Der Bauernhof,The farm,B1
780,39,_____ Beamtin,Die,Die Beamtin,The official,B1
781,40,_____ Bedarf,Der,Der Bedarf,The need,B1
782,40,_____ Bedeutung,Die,Die Bedeutung,The meaning,B1
783,40,_____ Bedienungsanleitung,Die,Die Bedienungsanleitung,The operating instructions,B1
784,40,_____ Bedingung,Die,Die Bedingung,The condition,B1
785,40,_____ Beginn,Der,Der Beginn,The beginning,B1
786,40,_____ Begründung,Die,Die Begründung,The reasoning,B1
787,40,_____ Behörde,Die,Die Behörde,The authority,B1
788,40,_____ Beitrag,Der,Der Beitrag,The contribution,B1
789,40,_____ Beleg,Der,Der Beleg,The receipt,B1
790,40,_____ Benzin,Das,Das Benzin,The gasoline,B1
791,40,_____ Beratung,Die,Die Beratung,The consultation,B1
792,40,_____ Bereich,Der,Der Bereich,The area,B1
793,40,_____ Bericht,Der,Der Bericht,The report,B1
794,40,_____ Beschreibung,Die,Die Beschreibung,The description,B1
795,40,_____ Beschäftigung,Die,Die Beschäftigung,The employment,B1
796,40,_____ Besprechung,Die,Die Besprechung,The meeting,B1
797,40,_____ Besserung,Die,Die Besserung,The improvement,B1
798,40,_____ Bestätigung,Die,Die Bestätigung,The confirmation,B1
799,40,_____ Betrag,Der,Der Betrag,The amount,B1
800,40,_____ Betreuer,Der,Der Betreuer,The supervisor,B1
801,41,_____ Betreuerin,Die,Die Betreuerin,The supervisor,B1
802,41,_____ Betreuung,Die,Die Betreuung,The care,B1
803,41,_____ Betrieb,Der,Der Betrieb,The operation,B1
804,41,_____ Betriebsrat,Der,Der Betriebsrat,The works council,B1
805,41,_____ Betriebsrätin,Die,Die Betriebsrätin,The works council member,B1
806,41,_____ Bevölkerung,Die,Die Bevölkerung,The population,B1
807,41,_____ Bewegung,Die,Die Bewegung,The movement,B1
808,41,_____ Beweis,Der,Der Beweis,The proof,B1
809,41,_____ Bewohner,Der,Der Bewohner,The resident,B1
810,41,_____ Bewohnerin,Die,Die Bewohnerin,The resident,B1
811,41,_____ Beziehung,Die,Die Beziehung,The relationship,B1
812,41,_____ Bildschirm,Der,Der Bildschirm,The screen,B1
813,41,_____ Billett,Das,Das Billett,The ticket,B1
814,41,_____ Biologie,Die,Die Biologie,The biology,B1
815,41,_____ Blitz,Der,Der Blitz,The Flash,B1
816,41,_____ Boden,Der,Der Boden,The floor,B1
817,41,_____ Boot,Das,Das Boot,The boat,B1
818,41,_____ Botschaft,Die,Die Botschaft,The message,B1
819,41,_____ Braten,Der,Der Braten,The roast,B1
820,41,_____ Bremse,Die,Die Bremse,The brake,B1
821,42,_____ Briefkasten,Der,Der Briefkasten,The mailbox,B1
822,42,_____ Brieftasche,Die,Die Brieftasche,The wallet,B1
823,42,_____ Briefträger,Der,Der Briefträger,The postman,B1
824,42,_____ Briefträgerin,Die,Die Briefträgerin,The Postwoman,B1
825,42,_____ Briefumschlag,Der,Der Briefumschlag,The envelope,B1
826,42,_____ Broschüre,Die,Die Broschüre,The brochure,B1
827,42,_____ Brust,Die,Die Brust,The chest,B1
828,42,_____ Brötli,Das,Das Brötli,The roll,B1
829,42,_____ Bub,Der,Der Bub,The boy,B1
830,42,_____ Buchhandlung,Die,Die Buchhandlung,The bookstore,B1
831,42,_____ Buffet,Das,Das Buffet,The buffet,B1
832,42,_____ Burg,Die,Die Burg,The castle,B1
833,42,_____ Büchse,Die,Die Büchse,The box,B1
834,42,_____ Büfett,Das,Das Büfett,The buffet,B1
835,42,_____ Bühne,Die,Die Bühne,The stage,B1
836,42,_____ Bürger,Der,Der Bürger,The citizen,B1
837,42,_____ Bürgerin,Die,Die Bürgerin,The citizen,B1
838,42,_____ Bürste,Die,Die Bürste,The brush,B1
839,42,_____ Chance,Die,Die Chance,The opportunity,B1
840,42,_____ Chipkarte,Die,Die Chipkarte,The chip card,B1
841,43,_____ Coiffeur,Der,Der Coiffeur,The hairdresser,B1
842,43,_____ Coiffeuse,Die,Die Coiffeuse,The hairdresser,B1
843,43,_____ Couch,Die,Die Couch,The couch,B1
844,43,_____ Cousin,Der,Der Cousin,The cousin,B1
845,43,_____ Cousine,Die,Die Cousine,The cousin,B1
846,43,_____ Couvert,Das,Das Couvert,The envelope,B1
847,43,_____ Dach,Das,Das Dach,The roof,B1
848,43,_____ Darstellung,Die,Die Darstellung,The representation,B1
849,43,_____ Dauer,Die,Die Dauer,The duration,B1
850,43,_____ Decke,Die,Die Decke,The ceiling,B1
851,43,_____ Denkmal,Das,Das Denkmal,The monument,B1
852,43,_____ Dessert,Das,Das Dessert,The dessert,B1
853,43,_____ Detail,Das,Das Detail,The detail,B1
854,43,_____ Dialekt,Der,Der Dialekt,The dialect,B1
855,43,_____ Dialog,Der,Der Dialog,The dialogue,B1
856,43,_____ Dieb,Der,Der Dieb,The thief,B1
857,43,_____ Dienst,Der,Der Dienst,The service,B1
858,43,_____ Diplom,Das,Das Diplom,The diploma,B1
859,43,_____ Direktor,Der,Der Direktor,The director,B1
860,43,_____ Direktorin,Die,Die Direktorin,The director,B1
861,44,_____ Diskothek,Die,Die Diskothek,The discotheque,B1
862,44,_____ Diskussion,Die,Die Diskussion,The discussion,B1
863,44,_____ Distanz,Die,Die Distanz,The distance,B1
864,44,_____ Diät,Die,Die Diät,The diet,B1
865,44,_____ Doktorin,Die,Die Doktorin,The Doctor,B1
866,44,_____ Dokument,Das,Das Dokument,The document,B1
867,44,_____ Donner,Der,Der Donner,The Thunder,B1
868,44,_____ Dose,Die,Die Dose,The tin,B1
869,44,_____ Dreck,Der,Der Dreck,The dirt,B1
870,44,_____ Droge,Die,Die Droge,The drug,B1
871,44,_____ Drogerie,Die,Die Drogerie,The drugstore,B1
872,44,_____ Druck,Der,Der Druck,The pressure,B1
873,44,_____ Durchschnitt,Der,Der Durchschnitt,The average,B1
874,44,_____ EC-Karte,Die,Die EC-Karte,The EC card,B1
875,44,_____ Eck,Das,Das Eck,The corner,B1
876,44,_____ Ehe,Die,Die Ehe,The marriage,B1
877,44,_____ Ehepaar,Das,Das Ehepaar,The couple,B1
878,44,_____ Eile,Die,Die Eile,The rush,B1
879,44,_____ Einbahnstraße,Die,Die Einbahnstraße,The one-way street,B1
880,44,_____ Einbrecher,Der,Der Einbrecher,The burglar,B1
881,45,_____ Einbrecherin,Die,Die Einbrecherin,The burglar,B1
882,45,_____ Einbruch,Der,Der Einbruch,The break-in,B1
883,45,_____ Eindruck,Der,Der Eindruck,The impression,B1
884,45,_____ Einfahrt,Die,Die Einfahrt,The entrance,B1
885,45,_____ Einfall,Der,Der Einfall,The idea,B1
886,45,_____ Einfluss,Der,Der Einfluss,The influence,B1
887,45,_____ Einführung,Die,Die Einführung,The introduction,B1
888,45,_____ Einkauf,Der,Der Einkauf,The purchase,B1
889,45,_____ Einkommen,Das,Das Einkommen,The income,B1
890,45,_____ Einnahme,Die,Die Einnahme,The intake,B1
891,45,_____ Einrichtung,Die,Die Einrichtung,The facility,B1
892,45,_____ Einschreiben,Das,Das Einschreiben,The registered letter,B1
893,45,_____ Einwohner,Der,Der Einwohner,The resident,B1
894,45,_____ Einwohnerin,Die,Die Einwohnerin,The resident,B1
895,45,_____ Einzahlung,Die,Die Einzahlung,The deposit,B1
896,45,_____ Einzelheit,Die,Die Einzelheit,The detail,B1
897,45,_____ Eisenbahn,Die,Die Eisenbahn,The railway,B1
898,45,_____ Empfang,Der,Der Empfang,The reception,B1
899,45,_____ Empfehlung,Die,Die Empfehlung,The recommendation,B1
900,45,_____ Energie,Die,Die Energie,The energy,B1
901,46,_____ Enkel,Der,Der Enkel,The grandson,B1
902,46,_____ Enkelin,Die,Die Enkelin,The granddaughter,B1
903,46,_____ Entfernung,Die,Die Entfernung,The distance,B1
904,46,_____ Entlassung,Die,Die Entlassung,The dismissal,B1
905,46,_____ Entscheidung,Die,Die Entscheidung,The decision,B1
906,46,_____ Enttäuschung,Die,Die Enttäuschung,The disappointment,B1
907,46,_____ Entwickelung,Die,Die Entwickelung,The development,B1
908,46,_____ Entwicklung,Die,Die Entwicklung,The development,B1
909,46,_____ Erdapfel,Der,Der Erdapfel,The potato,B1
910,46,_____ Erde,Die,Die Erde,The earth,B1
911,46,_____ Ereignis,Das,Das Ereignis,The event,B1
912,46,_____ Erfindung,Die,Die Erfindung,The invention,B1
913,46,_____ Erfolg,Der,Der Erfolg,The success,B1
914,46,_____ Erholung,Die,Die Erholung,The recovery,B1
915,46,_____ Erhöhung,Die,Die Erhöhung,The increase,B1
916,46,_____ Erinnerung,Die,Die Erinnerung,The memory,B1
917,46,_____ Erklärung,Die,Die Erklärung,The declaration,B1
918,46,_____ Erkältung,Die,Die Erkältung,The cold,B1
919,46,_____ Erlebnis,Das,Das Erlebnis,The experience,B1
920,46,_____ Ernte,Die,Die Ernte,The harvest,B1
921,47,_____ Ernährung,Die,Die Ernährung,The diet,B1
922,47,_____ Ersatz,Der,Der Ersatz,The replacement,B1
923,47,_____ Erziehung,Die,Die Erziehung,The education,B1
924,47,_____ Erzählung,Die,Die Erzählung,The story,B1
925,47,_____ Eröffnung,Die,Die Eröffnung,The opening,B1
926,47,_____ Essig,Der,Der Essig,The vinegar,B1
927,47,_____ Etage,Die,Die Etage,The floor,B1
928,47,_____ Experte,Der,Der Experte,The expert,B1
929,47,_____ Export,Der,Der Export,The export,B1
930,47,_____ Fabrik,Die,Die Fabrik,The factory,B1
931,47,_____ Fachfrau,Die,Die Fachfrau,The expert,B1
932,47,_____ Fachmann,Der,Der Fachmann,The expert,B1
933,47,_____ Fahrbahn,Die,Die Fahrbahn,The roadway,B1
934,47,_____ Fahrzeug,Das,Das Fahrzeug,The vehicle,B1
935,47,_____ Faktor,Der,Der Faktor,The factor,B1
936,47,_____ Fall,Der,Der Fall,The case,B1
937,47,_____ Fantasie,Die,Die Fantasie,The fantasy,B1
938,47,_____ Faschierte,Das,Das Faschierte,The minced meat,B1
939,47,_____ Fasching,Der,Der Fasching,The Carnival,B1
940,47,_____ Fasnacht,Die,Die Fasnacht,The Carnival,B1
941,48,_____ Fauteuil,Der,Der Fauteuil,The armchair,B1
942,48,_____ Feber,Der,Der Feber,The February,B1
943,48,_____ Feld,Das,Das Feld,The field,B1
944,48,_____ Fernbedienung,Die,Die Fernbedienung,The remote control,B1
945,48,_____ Fernsehen,Das,Das Fernsehen,The television,B1
946,48,_____ Fernseher,Der,Der Fernseher,The TV,B1
947,48,_____ Festplatte,Die,Die Festplatte,The hard drive,B1
948,48,_____ Fett,Das,Das Fett,The fat,B1
949,48,_____ Feuerwehr,Die,Die Feuerwehr,The fire department,B1
950,48,_____ Feuerzeug,Das,Das Feuerzeug,The lighter,B1
951,48,_____ Figur,Die,Die Figur,The figure,B1
952,48,_____ Finger,Der,Der Finger,The finger,B1
953,48,_____ Fleck,Der,Der Fleck,The stain,B1
954,48,_____ Fleischhauer,Der,Der Fleischhauer,The Butcher,B1
955,48,_____ Flucht,Die,Die Flucht,The escape,B1
956,48,_____ Flur,Der,Der Flur,The corridor,B1
957,48,_____ Fläche,Die,Die Fläche,The area,B1
958,48,_____ Flöte,Die,Die Flöte,The flute,B1
959,48,_____ Flüssigkeit,Die,Die Flüssigkeit,The liquid,B1
960,48,_____ Folge,Die,Die Folge,The result,B1
961,49,_____ Forderung,Die,Die Forderung,The requirement,B1
962,49,_____ Form,Die,Die Form,The shape,B1
963,49,_____ Forschung,Die,Die Forschung,The research,B1
964,49,_____ Fortbildung,Die,Die Fortbildung,The training,B1
965,49,_____ Fortschritt,Der,Der Fortschritt,The progress,B1
966,49,_____ Fortsetzung,Die,Die Fortsetzung,The sequel,B1
967,49,_____ Forum,Das,Das Forum,The Forum,B1
968,49,_____ Fotograf,Der,Der Fotograf,The photographer,B1
969,49,_____ Fotografie,Die,Die Fotografie,The photography,B1
970,49,_____ Freiheit,Die,Die Freiheit,Freedom,B1
971,49,_____ Fremdsprache,Die,Die Fremdsprache,The foreign language,B1
972,49,_____ Freude,Die,Die Freude,The joy,B1
973,49,_____ Freundschaft,Die,Die Freundschaft,The friendship,B1
974,49,_____ Friede,Der,Der Friede,The Peace,B1
975,49,_____ Frieden,Der,Der Frieden,The Peace,B1
976,49,_____ Friseur,Der,Der Friseur,The hairdresser,B1
977,49,_____ Frist,Die,Die Frist,The deadline,B1
978,49,_____ Frisur,Die,Die Frisur,The hairstyle,B1
979,49,_____ Frisör,Der,Der Frisör,The hairdresser,B1
980,49,_____ Frucht,Die,Die Frucht,The fruit,B1
981,50,_____ Fundbüro,Das,Das Fundbüro,The Lost and Found Office,B1
982,50,_____ Fußgänger,Der,Der Fußgänger,The pedestrian,B1
983,50,_____ Fußgängerin,Die,Die Fußgängerin,The pedestrian,B1
984,50,_____ Fußgängerzone,Die,Die Fußgängerzone,The pedestrian zone,B1
985,50,_____ Fähigkeit,Die,Die Fähigkeit,The ability,B1
986,50,_____ Fähre,Die,Die Fähre,The ferry,B1
987,50,_____ Führerausweis,Der,Der Führerausweis,The driving license,B1
988,50,_____ Galerie,Die,Die Galerie,The Gallery,B1
989,50,_____ Gang,Der,Der Gang,The aisle,B1
990,50,_____ Garantie,Die,Die Garantie,The guarantee,B1
991,50,_____ Garderobe,Die,Die Garderobe,The wardrobe,B1
992,50,_____ Gas,Das,Das Gas,The gas,B1
993,50,_____ Gasthaus,Das,Das Gasthaus,The guesthouse,B1
994,50,_____ Gaststätte,Die,Die Gaststätte,The restaurant,B1
995,50,_____ Gebiet,Das,Das Gebiet,The area,B1
996,50,_____ Gebirge,Das,Das Gebirge,The mountains,B1
997,50,_____ Gebrauchsanweisung,Die,Die Gebrauchsanweisung,The instructions for use,B1
998,50,_____ Geburt,Die,Die Geburt,The birth,B1
999,50,_____ Gebäck,Das,Das Gebäck,The pastries,B1
1000,50,_____ Gebäude,Das,Das Gebäude,The building,B1
1001,51,_____ Gebühr,Die,Die Gebühr,The fee,B1
1002,51,_____ Gedanke,Der,Der Gedanke,The thought,B1
1003,51,_____ Gedicht,Das,Das Gedicht,The poem,B1
1004,51,_____ Geduld,Die,Die Geduld,Patience,B1
1005,51,_____ Gefahr,Die,Die Gefahr,The danger,B1
1006,51,_____ Gefängnis,Das,Das Gefängnis,The prison,B1
1007,51,_____ Gefühl,Das,Das Gefühl,The feeling,B1
1008,51,_____ Gegend,Die,Die Gegend,The area,B1
1009,51,_____ Gegensatz,Der,Der Gegensatz,The contrast,B1
1010,51,_____ Gegenstand,Der,Der Gegenstand,The object,B1
1011,51,_____ Gegner,Der,Der Gegner,The opponent,B1
1012,51,_____ Geheimnis,Das,Das Geheimnis,The secret,B1
1013,51,_____ Gehsteig,Der,Der Gehsteig,The sidewalk,B1
1014,51,_____ Geldautomat,Der,Der Geldautomat,The ATM,B1
1015,51,_____ Gelegenheit,Die,Die Gelegenheit,The opportunity,B1
1016,51,_____ Gemeinschaft,Die,Die Gemeinschaft,The community,B1
1017,51,_____ Generation,Die,Die Generation,The generation,B1
1018,51,_____ Geschlecht,Das,Das Geschlecht,The gender,B1
1019,51,_____ Geschmack,Der,Der Geschmack,The taste,B1
1020,51,_____ Geschwindigkeit,Die,Die Geschwindigkeit,The speed,B1
1021,52,_____ Geschwindigkeitsbeschränkung,Die,Die Geschwindigkeitsbeschränkung,The speed limit,B1
1022,52,_____ Gesellschaft,Die,Die Gesellschaft,The society,B1
1023,52,_____ Gesetz,Das,Das Gesetz,The law,B1
1024,52,_____ Gewalt,Die,Die Gewalt,The violence,B1
1025,52,_____ Gewerkschaft,Die,Die Gewerkschaft,The union,B1
1026,52,_____ Gewinn,Der,Der Gewinn,The profit,B1
1027,52,_____ Gewissen,Das,Das Gewissen,The conscience,B1
1028,52,_____ Gewohnheit,Die,Die Gewohnheit,The habit,B1
1029,52,_____ Gewürz,Das,Das Gewürz,The spice,B1
1030,52,_____ Gift,Das,Das Gift,The poison,B1
1031,52,_____ Girokonto,Das,Das Girokonto,The current account,B1
1032,52,_____ Glace,Die,Die Glace,The ice cream,B1
1033,52,_____ Glace,Die,Die Glace,The ice cream,B1
1034,52,_____ Glacé,Die,Die Glacé,The ice cream,B1
1035,52,_____ Gold,Das,Das Gold,The gold,B1
1036,52,_____ Golf,Das,Das Golf,The Golf,B1
1037,52,_____ Gott,Der,Der Gott,The God,B1
1038,52,_____ Grafik,Die,Die Grafik,The graphic,B1
1039,52,_____ Graphik,Die,Die Graphik,The graphic,B1
1040,52,_____ Gras,Das,Das Gras,The grass,B1
1041,53,_____ Gratulation,Die,Die Gratulation,The congratulations,B1
1042,53,_____ Grenze,Die,Die Grenze,The border,B1
1043,53,_____ Grill,Der,Der Grill,The grill,B1
1044,53,_____ Grund,Der,Der Grund,The reason,B1
1045,53,_____ Grundstück,Das,Das Grundstück,The property,B1
1046,53,_____ Gymnastik,Die,Die Gymnastik,The gymnastics,B1
1047,53,_____ Hackfleisch,Das,Das Hackfleisch,The minced meat,B1
1048,53,_____ Hafen,Der,Der Hafen,The port,B1
1049,53,_____ Hallenbad,Das,Das Hallenbad,The indoor pool,B1
1050,53,_____ Halt,Der,Der Halt,The stop,B1
1051,53,_____ Hammer,Der,Der Hammer,The hammer,B1
1052,53,_____ Handel,Der,Der Handel,The trade,B1
1053,53,_____ Handwerker,Der,Der Handwerker,The craftsman,B1
1054,53,_____ Hauptbahnhof,Der,Der Hauptbahnhof,The main station,B1
1055,53,_____ Hausmeister,Der,Der Hausmeister,The caretaker,B1
1056,53,_____ Hausmeisterin,Die,Die Hausmeisterin,The caretaker,B1
1057,53,_____ Haustier,Das,Das Haustier,The pet,B1
1058,53,_____ Haut,Die,Die Haut,The skin,B1
1059,53,_____ Heim,Das,Das Heim,The home,B1
1060,53,_____ Heimweh,Das,Das Heimweh,Homesickness,B1
1061,54,_____ Held,Der,Der Held,The hero,B1
1062,54,_____ Heldin,Die,Die Heldin,The heroine,B1
1063,54,_____ Henderl,Das,Das Henderl,The chicken,B1
1064,54,_____ Hendl,Das,Das Hendl,The chicken,B1
1065,54,_____ Herausforderung,Die,Die Herausforderung,The challenge,B1
1066,54,_____ Herkunft,Die,Die Herkunft,The origin,B1
1067,54,_____ Hersteller,Der,Der Hersteller,The manufacturer,B1
1068,54,_____ Herz,Das,Das Herz,The heart,B1
1069,54,_____ Hinweis,Der,Der Hinweis,The note,B1
1070,54,_____ Hitze,Die,Die Hitze,The heat,B1
1071,54,_____ Hof,Der,Der Hof,The yard,B1
1072,54,_____ Hoffnung,Die,Die Hoffnung,The hope,B1
1073,54,_____ Holz,Das,Das Holz,The wood,B1
1074,54,_____ Honig,Der,Der Honig,The honey,B1
1075,54,_____ Humor,Der,Der Humor,The humor,B1
1076,54,_____ Husten,Der,Der Husten,The cough,B1
1077,54,_____ Hut,Der,Der Hut,The hat,B1
1078,54,_____ Hälfte,Die,Die Hälfte,The half,B1
1079,54,_____ Händler,Der,Der Händler,The dealer,B1
1080,54,_____ Händlerin,Die,Die Händlerin,The dealer,B1
1081,55,_____ Höhe,Die,Die Höhe,The height,B1
1082,55,_____ Hörer,Der,Der Hörer,The listener,B1
1083,55,_____ Hörerin,Die,Die Hörerin,The listener,B1
1084,55,_____ Hügel,Der,Der Hügel,The hill,B1
1085,55,_____ Hühnchen,Das,Das Hühnchen,The chicken,B1
1086,55,_____ Hütte,Die,Die Hütte,The hut,B1
1087,55,_____ Imbiss,Der,Der Imbiss,The snack bar,B1
1088,55,_____ Import,Der,Der Import,The import,B1
1089,55,_____ Industrie,Die,Die Industrie,The industry,B1
1090,55,_____ Infektion,Die,Die Infektion,The infection,B1
1091,55,_____ Ingenieur,Der,Der Ingenieur,The engineer,B1
1092,55,_____ Inhalt,Der,Der Inhalt,The content,B1
1093,55,_____ Inserat,Das,Das Inserat,The advertisement,B1
1094,55,_____ Institut,Das,Das Institut,The Institute,B1
1095,55,_____ Integration,Die,Die Integration,The integration,B1
1096,55,_____ Intelligenz,Die,Die Intelligenz,The intelligence,B1
1097,55,_____ Intensivkurs,Der,Der Intensivkurs,The intensive course,B1
1098,55,_____ Jause,Die,Die Jause,The snack,B1
1099,55,_____ Journalist,Der,Der Journalist,The journalist,B1
1100,55,_____ Journalistin,Die,Die Journalistin,The journalist,B1
1101,56,_____ Jugend,Die,Die Jugend,The youth,B1
1102,56,_____ Kabel,Das,Das Kabel,The cable,B1
1103,56,_____ Kabine,Die,Die Kabine,The cabin,B1
1104,56,_____ Kaffeehaus,Das,Das Kaffeehaus,The coffee house,B1
1105,56,_____ Kakao,Der,Der Kakao,The cocoa,B1
1106,56,_____ Kampf,Der,Der Kampf,The fight,B1
1107,56,_____ Kanal,Der,Der Kanal,The canal,B1
1108,56,_____ Kandidat,Der,Der Kandidat,The candidate,B1
1109,56,_____ Kanne,Die,Die Kanne,The jug,B1
1110,56,_____ Kantine,Die,Die Kantine,The canteen,B1
1111,56,_____ Kapitel,Das,Das Kapitel,The chapter,B1
1112,56,_____ Karneval,Der,Der Karneval,The Carnival,B1
1113,56,_____ Karotte,Die,Die Karotte,The carrot,B1
1114,56,_____ Karriere,Die,Die Karriere,The career,B1
1115,56,_____ Kassette,Die,Die Kassette,The cassette,B1
1116,56,_____ Kasten,Der,Der Kasten,The box,B1
1117,56,_____ Katalog,Der,Der Katalog,The catalog,B1
1118,56,_____ Katastrophe,Die,Die Katastrophe,The catastrophe,B1
1119,56,_____ Kauf,Der,Der Kauf,The purchase,B1
1120,56,_____ Kellner,Der,Der Kellner,The waiter,B1
1121,57,_____ Kellnerin,Die,Die Kellnerin,The waitress,B1
1122,57,_____ Kennzeichen,Das,Das Kennzeichen,The license plate,B1
1123,57,_____ Kerze,Die,Die Kerze,The candle,B1
1124,57,_____ Kindheit,Die,Die Kindheit,Childhood,B1
1125,57,_____ Kissen,Das,Das Kissen,The pillow,B1
1126,57,_____ Kiste,Die,Die Kiste,The box,B1
1127,57,_____ Klassenarbeit,Die,Die Klassenarbeit,The class work,B1
1128,57,_____ Klima,Das,Das Klima,The climate,B1
1129,57,_____ Klimaanlage,Die,Die Klimaanlage,The air conditioning,B1
1130,57,_____ Klingel,Die,Die Klingel,The bell,B1
1131,57,_____ Klinik,Die,Die Klinik,The clinic,B1
1132,57,_____ Kloß,Der,Der Kloß,The dumpling,B1
1133,57,_____ Kneipe,Die,Die Kneipe,The pub,B1
1134,57,_____ Knie,Das,Das Knie,The knee,B1
1135,57,_____ Knochen,Der,Der Knochen,The bone,B1
1136,57,_____ Knopf,Der,Der Knopf,The button,B1
1137,57,_____ Knödel,Der,Der Knödel,The dumpling,B1
1138,57,_____ Koch,Der,Der Koch,The cook,B1
1139,57,_____ Kommunikation,Die,Die Kommunikation,The communication,B1
1140,57,_____ Kompromiss,Der,Der Kompromiss,The compromise,B1
1141,58,_____ Konferenz,Die,Die Konferenz,The conference,B1
1142,58,_____ Konfitüre,Die,Die Konfitüre,The jam,B1
1143,58,_____ Konflikt,Der,Der Konflikt,The conflict,B1
1144,58,_____ Konkurrenz,Die,Die Konkurrenz,The competition,B1
1145,58,_____ Konsulat,Das,Das Konsulat,The Consulate,B1
1146,58,_____ Konsum,Der,Der Konsum,Consumption,B1
1147,58,_____ Kontrolle,Die,Die Kontrolle,The control,B1
1148,58,_____ Kopie,Die,Die Kopie,The copy,B1
1149,58,_____ Kopierer,Der,Der Kopierer,The copier,B1
1150,58,_____ Korridor,Der,Der Korridor,The corridor,B1
1151,58,_____ Kostüm,Das,Das Kostüm,The costume,B1
1152,58,_____ Kraft,Die,Die Kraft,The power,B1
1153,58,_____ Kraftfahrzeug,Das,Das Kraftfahrzeug,The motor vehicle,B1
1154,58,_____ Kraftwerk,Das,Das Kraftwerk,The power plant,B1
1155,58,_____ Krankenpfleger,Der,Der Krankenpfleger,The nurse,B1
1156,58,_____ Krankenschwester,Die,Die Krankenschwester,The nurse,B1
1157,58,_____ Krankenwagen,Der,Der Krankenwagen,The ambulance,B1
1158,58,_____ Kreis,Der,Der Kreis,The circle,B1
1159,58,_____ Kreuz,Das,Das Kreuz,The Cross,B1
1160,58,_____ Krieg,Der,Der Krieg,The war,B1
1161,59,_____ Kriminalpolizei,Die,Die Kriminalpolizei,The criminal police,B1
1162,59,_____ Krise,Die,Die Krise,The crisis,B1
1163,59,_____ Kritik,Die,Die Kritik,The criticism,B1
1164,59,_____ Kuli,Der,Der Kuli,Ballpen,B1
1165,59,_____ Kunststoff,Der,Der Kunststoff,The plastic,B1
1166,59,_____ Kursleiter,Der,Der Kursleiter,The course instructor,B1
1167,59,_____ Kursleiterin,Die,Die Kursleiterin,The course instructor,B1
1168,59,_____ Kurve,Die,Die Kurve,The curve,B1
1169,59,_____ Kusine,Die,Die Kusine,The cousin,B1
1170,59,_____ Kuss,Der,Der Kuss,The Kiss,B1
1171,59,_____ Kuvert,Das,Das Kuvert,The envelope,B1
1172,59,_____ Kälte,Die,Die Kälte,The cold,B1
1173,59,_____ Käufer,Der,Der Käufer,The buyer,B1
1174,59,_____ Käuferin,Die,Die Käuferin,The buyer,B1
1175,59,_____ Köchin,Die,Die Köchin,The cook,B1
1176,59,_____ König,Der,Der König,The king,B1
1177,59,_____ Kündigung,Die,Die Kündigung,The termination,B1
1178,59,_____ Künstler,Der,Der Künstler,The artist,B1
1179,59,_____ Künstlerin,Die,Die Künstlerin,The artist,B1
1180,59,_____ Küste,Die,Die Küste,The coast,B1
1181,60,_____ Lage,Die,Die Lage,The location,B1
1182,60,_____ Lager,Das,Das Lager,The warehouse,B1
1183,60,_____ Landung,Die,Die Landung,The landing,B1
1184,60,_____ Landwirtschaft,Die,Die Landwirtschaft,Agriculture,B1
1185,60,_____ Langeweile,Die,Die Langeweile,The boredom,B1
1186,60,_____ Langweile,Die,Die Langweile,The boredom,B1
1187,60,_____ Laster,Der,Der Laster,The vice,B1
1188,60,_____ Laufwerk,Das,Das Laufwerk,The drive,B1
1189,60,_____ Laune,Die,Die Laune,The mood,B1
1190,60,_____ Lautsprecher,Der,Der Lautsprecher,The loudspeaker,B1
1191,60,_____ Lebenslauf,Der,Der Lebenslauf,The CV,B1
1192,60,_____ Leder,Das,Das Leder,The leather,B1
1193,60,_____ Lehre,Die,Die Lehre,The teaching,B1
1194,60,_____ Lehrerin,Die,Die Lehrerin,The teacher,B1
1195,60,_____ Lehrling,Der,Der Lehrling,The apprentice,B1
1196,60,_____ Lehrstelle,Die,Die Lehrstelle,The apprenticeship,B1
1197,60,_____ Leistung,Die,Die Leistung,The performance,B1
1198,60,_____ Leiter,Die,Die Leiter,The ladder,B1
1199,60,_____ Leiter,Der,Der Leiter,The leader,B1
1200,60,_____ Leiterin,Die,Die Leiterin,The director,B1
1201,61,_____ Leitung,Die,Die Leitung,The management,B1
1202,61,_____ Lerner,Der,Der Lerner,The learner,B1
1203,61,_____ Lernerin,Die,Die Lernerin,The learner,B1
1204,61,_____ Leser,Der,Der Leser,The reader,B1
1205,61,_____ Leserin,Die,Die Leserin,The reader,B1
1206,61,_____ Lexikon,Das,Das Lexikon,The Lexicon,B1
1207,61,_____ Lieferung,Die,Die Lieferung,The delivery,B1
1208,61,_____ Lift,Der,Der Lift,The elevator,B1
1209,61,_____ Limonade,Die,Die Limonade,The lemonade,B1
1210,61,_____ Linie,Die,Die Linie,The line,B1
1211,61,_____ Lippe,Die,Die Lippe,The lip,B1
1212,61,_____ Liste,Die,Die Liste,The list,B1
1213,61,_____ Literatur,Die,Die Literatur,The literature,B1
1214,61,_____ Loch,Das,Das Loch,The hole,B1
1215,61,_____ Lohn,Der,Der Lohn,The reward,B1
1216,61,_____ Luft,Die,Die Luft,The air,B1
1217,61,_____ Länge,Die,Die Länge,The length,B1
1218,61,_____ Lärm,Der,Der Lärm,The noise,B1
1219,61,_____ Magazin,Das,Das Magazin,The magazine,B1
1220,61,_____ Mahlzeit,Die,Die Mahlzeit,The meal,B1
1221,62,_____ Mahnung,Die,Die Mahnung,The reminder,B1
1222,62,_____ Mal,Das,Das Mal,The mark,B1
1223,62,_____ Maler,Der,Der Maler,The painter,B1
1224,62,_____ Malerin,Die,Die Malerin,The painter,B1
1225,62,_____ Mangel,Der,Der Mangel,The shortage,B1
1226,62,_____ Mappe,Die,Die Mappe,The folder,B1
1227,62,_____ Margarine,Die,Die Margarine,The margarine,B1
1228,62,_____ Marille,Die,Die Marille,The apricot,B1
1229,62,_____ Marke,Die,Die Marke,The brand,B1
1230,62,_____ Marmelade,Die,Die Marmelade,The jam,B1
1231,62,_____ Material,Das,Das Material,The material,B1
1232,62,_____ Matura,Die,Die Matura,The Matura,B1
1233,62,_____ Mauer,Die,Die Mauer,The wall,B1
1234,62,_____ Mechaniker,Der,Der Mechaniker,The mechanic,B1
1235,62,_____ Mechanikerin,Die,Die Mechanikerin,The mechanic,B1
1236,62,_____ Medium,Das,Das Medium,The medium,B1
1237,62,_____ Medizin,Die,Die Medizin,The medicine,B1
1238,62,_____ Mehl,Das,Das Mehl,The flour,B1
1239,62,_____ Mehrheit,Die,Die Mehrheit,The majority,B1
1240,62,_____ Mehrwertsteuer,Die,Die Mehrwertsteuer,The VAT,B1
1241,63,_____ Meister,Der,Der Meister,The master,B1
1242,63,_____ Meldung,Die,Die Meldung,The message,B1
1243,63,_____ Mensa,Die,Die Mensa,The cafeteria,B1
1244,63,_____ Menü,Das,Das Menü,The menu,B1
1245,63,_____ Metall,Das,Das Metall,The metal,B1
1246,63,_____ Methode,Die,Die Methode,The method,B1
1247,63,_____ Metropole,Die,Die Metropole,The metropolis,B1
1248,63,_____ Metzger,Der,Der Metzger,The butcher,B1
1249,63,_____ Mieter,Der,Der Mieter,The tenant,B1
1250,63,_____ Mieterin,Die,Die Mieterin,The tenant,B1
1251,63,_____ Migrant,Der,Der Migrant,The migrant,B1
1252,63,_____ Migrantin,Die,Die Migrantin,The migrant,B1
1253,63,_____ Migration,Die,Die Migration,The migration,B1
1254,63,_____ Minderheit,Die,Die Minderheit,The minority,B1
1255,63,_____ Mitarbeiterin,Die,Die Mitarbeiterin,The employee,B1
1256,63,_____ Mitglied,Das,Das Mitglied,The member,B1
1257,63,_____ Mobilbox,Die,Die Mobilbox,The mobile box,B1
1258,63,_____ Mobilität,Die,Die Mobilität,The mobility,B1
1259,63,_____ Modell,Das,Das Modell,The model,B1
1260,63,_____ Mond,Der,Der Mond,The moon,B1
1261,64,_____ Monitor,Der,Der Monitor,The monitor,B1
1262,64,_____ Motorrad,Das,Das Motorrad,The motorcycle,B1
1263,64,_____ Musiker,Der,Der Musiker,The musician,B1
1264,64,_____ Musikerin,Die,Die Musikerin,The musician,B1
1265,64,_____ Muskel,Der,Der Muskel,The muscle,B1
1266,64,_____ Mut,Der,Der Mut,The courage,B1
1267,64,_____ Muttersprache,Die,Die Muttersprache,The mother tongue,B1
1268,64,_____ Märchen,Das,Das Märchen,The fairy tale,B1
1269,64,_____ Möglichkeit,Die,Die Möglichkeit,The possibility,B1
1270,64,_____ Möhre,Die,Die Möhre,The carrot,B1
1271,64,_____ Müesli,Das,Das Müesli,The muesli,B1
1272,64,_____ Mühe,Die,Die Mühe,The effort,B1
1273,64,_____ Müllabfuhr,Die,Die Müllabfuhr,The garbage collection,B1
1274,64,_____ Mülltonne,Die,Die Mülltonne,The garbage can,B1
1275,64,_____ Münze,Die,Die Münze,The coin,B1
1276,64,_____ Müsli,Das,Das Müsli,The muesli,B1
1277,64,_____ Nachfrage,Die,Die Nachfrage,The demand,B1
1278,64,_____ Nachhilfe,Die,Die Nachhilfe,The tutoring,B1
1279,64,_____ Nachspeise,Die,Die Nachspeise,The dessert,B1
1280,64,_____ Nacht,Die,Die Nacht,The night,B1
1281,65,_____ Nachteil,Der,Der Nachteil,The disadvantage,B1
1282,65,_____ Nachwuchs,Der,Der Nachwuchs,The offspring,B1
1283,65,_____ Nadel,Die,Die Nadel,The needle,B1
1284,65,_____ Nagel,Der,Der Nagel,The nail,B1
1285,65,_____ Nahrungsmittel,Das,Das Nahrungsmittel,The food,B1
1286,65,_____ Nase,Die,Die Nase,The nose,B1
1287,65,_____ Nebel,Der,Der Nebel,The fog,B1
1288,65,_____ Neffe,Der,Der Neffe,The nephew,B1
1289,65,_____ Nerv,Der,Der Nerv,The nerve,B1
1290,65,_____ Netz,Das,Das Netz,The network,B1
1291,65,_____ Netzwerk,Das,Das Netzwerk,The network,B1
1292,65,_____ Neuigkeit,Die,Die Neuigkeit,The news,B1
1293,65,_____ Nichte,Die,Die Nichte,The niece,B1
1294,65,_____ Nichtraucherin,Die,Die Nichtraucherin,The non-smoker,B1
1295,65,_____ Not,Die,Die Not,The misery,B1
1296,65,_____ Notaufnahme,Die,Die Notaufnahme,The emergency room,B1
1297,65,_____ Notausgang,Der,Der Notausgang,The emergency exit,B1
1298,65,_____ Notfall,Der,Der Notfall,The emergency,B1
1299,65,_____ Notruf,Der,Der Notruf,The emergency call,B1
1300,65,_____ Ober,Der,Der Ober,The waiter,B1
1301,66,_____ Obers,Das,Das Obers,The cream,B1
1302,66,_____ Ofen,Der,Der Ofen,The oven,B1
1303,66,_____ Onkel,Der,Der Onkel,The uncle,B1
1304,66,_____ Oper,Die,Die Oper,The Opera,B1
1305,66,_____ Operation,Die,Die Operation,The operation,B1
1306,66,_____ Opfer,Das,Das Opfer,The victim,B1
1307,66,_____ Orchester,Das,Das Orchester,The orchestra,B1
1308,66,_____ Ordination,Die,Die Ordination,The ordination,B1
1309,66,_____ Ordner,Der,Der Ordner,The folder,B1
1310,66,_____ Organisation,Die,Die Organisation,The organization,B1
1311,66,_____ Original,Das,Das Original,The original,B1
1312,66,_____ Ozean,Der,Der Ozean,The ocean,B1
1313,66,_____ Panne,Die,Die Panne,The breakdown,B1
1314,66,_____ Paradeiser,Der,Der Paradeiser,The tomato,B1
1315,66,_____ Passagier,Der,Der Passagier,The passenger,B1
1316,66,_____ Passagierin,Die,Die Passagierin,The passenger,B1
1317,66,_____ Patient,Der,Der Patient,The patient,B1
1318,66,_____ Patientin,Die,Die Patientin,The patient,B1
1319,66,_____ Pech,Das,Das Pech,The bad luck,B1
1320,66,_____ Pension,Die,Die Pension,The guesthouse,B1
1321,67,_____ Pension,Die,Die Pension,The guesthouse,B1
1322,67,_____ Pensionist,Der,Der Pensionist,The pensioner,B1
1323,67,_____ Pensionistin,Die,Die Pensionistin,The pensioner,B1
1324,67,_____ Perron,Der,Der Perron,The platform,B1
1325,67,_____ Personal,Das,Das Personal,The staff,B1
1326,67,_____ Personalie,Die,Die Personalie,The personnel,B1
1327,67,_____ Personenstand,Der,Der Personenstand,The civil status,B1
1328,67,_____ Pfanne,Die,Die Pfanne,The pan,B1
1329,67,_____ Pfeffer,Der,Der Pfeffer,The pepper,B1
1330,67,_____ Pflaster,Das,Das Pflaster,The pavement,B1
1331,67,_____ Pflaume,Die,Die Pflaume,The plum,B1
1332,67,_____ Pfleger,Der,Der Pfleger,The nurse,B1
1333,67,_____ Pflegerin,Die,Die Pflegerin,The nurse,B1
1334,67,_____ Pflicht,Die,Die Pflicht,The duty,B1
1335,67,_____ Phantasie,Die,Die Phantasie,The imagination,B1
1336,67,_____ Photograph,Der,Der Photograph,The Photographer,B1
1337,67,_____ Photographie,Die,Die Photographie,The photography,B1
1338,67,_____ Picknick,Das,Das Picknick,The picnic,B1
1339,67,_____ Pille,Die,Die Pille,The pill,B1
1340,67,_____ Pilz,Der,Der Pilz,The mushroom,B1
1341,68,_____ Planung,Die,Die Planung,The planning,B1
1342,68,_____ Politik,Die,Die Politik,Politics,B1
1343,68,_____ Politiker,Der,Der Politiker,The politician,B1
1344,68,_____ Politikerin,Die,Die Politikerin,The politician,B1
1345,68,_____ Polizist,Der,Der Polizist,The policeman,B1
1346,68,_____ Polizistin,Die,Die Polizistin,The policewoman,B1
1347,68,_____ Portemonnaie,Das,Das Portemonnaie,The wallet,B1
1348,68,_____ Portmonee,Das,Das Portmonee,The wallet,B1
1349,68,_____ Poulet,Das,Das Poulet,The chicken,B1
1350,68,_____ Praktikant,Der,Der Praktikant,The intern,B1
1351,68,_____ Praktikantin,Die,Die Praktikantin,The intern,B1
1352,68,_____ Produktion,Die,Die Produktion,The production,B1
1353,68,_____ Professor,Der,Der Professor,The Professor,B1
1354,68,_____ Professorin,Die,Die Professorin,The professor,B1
1355,68,_____ Profi,Der,Der Profi,The professional,B1
1356,68,_____ Profisportler,Der,Der Profisportler,The professional athlete,B1
1357,68,_____ Profisportlerin,Die,Die Profisportlerin,The professional athlete,B1
1358,68,_____ Protest,Der,Der Protest,The protest,B1
1359,68,_____ Prozess,Der,Der Prozess,The process,B1
1360,68,_____ Präsentation,Die,Die Präsentation,The presentation,B1
1361,69,_____ Publikum,Das,Das Publikum,The audience,B1
1362,69,_____ Punkt,Der,Der Punkt,The point,B1
1363,69,_____ Puppe,Die,Die Puppe,The doll,B1
1364,69,_____ Qualifikation,Die,Die Qualifikation,The qualification,B1
1365,69,_____ Quartier,Das,Das Quartier,The neighborhood,B1
1366,69,_____ Quittung,Die,Die Quittung,The receipt,B1
1367,69,_____ Rabatt,Der,Der Rabatt,The discount,B1
1368,69,_____ Radfahrer,Der,Der Radfahrer,The cyclist,B1
1369,69,_____ Radfahrerin,Die,Die Radfahrerin,The cyclist,B1
1370,69,_____ Rahm,Der,Der Rahm,The cream,B1
1371,69,_____ Rand,Der,Der Rand,The edge,B1
1372,69,_____ Rasen,Der,Der Rasen,The lawn,B1
1373,69,_____ Rat,Der,Der Rat,The Council,B1
1374,69,_____ Ratschlag,Der,Der Ratschlag,The advice,B1
1375,69,_____ Raucherin,Die,Die Raucherin,The smoker,B1
1376,69,_____ Reaktion,Die,Die Reaktion,The reaction,B1
1377,69,_____ Realität,Die,Die Realität,The reality,B1
1378,69,_____ Recherche,Die,Die Recherche,The research,B1
1379,69,_____ Rechner,Der,Der Rechner,The calculator,B1
1380,69,_____ Recht,Das,Das Recht,The right,B1
1381,70,_____ Rede,Die,Die Rede,The speech,B1
1382,70,_____ Referat,Das,Das Referat,The presentation,B1
1383,70,_____ Reform,Die,Die Reform,The reform,B1
1384,70,_____ Regal,Das,Das Regal,The shelf,B1
1385,70,_____ Regel,Die,Die Regel,The rule,B1
1386,70,_____ Region,Die,Die Region,The region,B1
1387,70,_____ Reihenfolge,Die,Die Reihenfolge,The chronological order,B1
1388,70,_____ Reklame,Die,Die Reklame,The advertising,B1
1389,70,_____ Rekord,Der,Der Rekord,The record,B1
1390,70,_____ Religion,Die,Die Religion,Religion,B1
1391,70,_____ Rente,Die,Die Rente,The pension,B1
1392,70,_____ Reportage,Die,Die Reportage,The report,B1
1393,70,_____ Reporter,Der,Der Reporter,The Reporter,B1
1394,70,_____ Reporterin,Die,Die Reporterin,The reporter,B1
1395,70,_____ Reservierung,Die,Die Reservierung,The reservation,B1
1396,70,_____ Respekt,Der,Der Respekt,The respect,B1
1397,70,_____ Richter,Der,Der Richter,The judge,B1
1398,70,_____ Richterin,Die,Die Richterin,The judge,B1
1399,70,_____ Richtung,Die,Die Richtung,The direction,B1
1400,70,_____ Risiko,Das,Das Risiko,The risk,B1
1401,71,_____ Rohr,Das,Das Rohr,The pipe,B1
1402,71,_____ Rolle,Die,Die Rolle,The role,B1
1403,71,_____ Roman,Der,Der Roman,The novel,B1
1404,71,_____ Rufnummer,Die,Die Rufnummer,The phone number,B1
1405,71,_____ Runde,Die,Die Runde,The round,B1
1406,71,_____ Rundfahrt,Die,Die Rundfahrt,The tour,B1
1407,71,_____ Rückfahrt,Die,Die Rückfahrt,The return journey,B1
1408,71,_____ Rückkehr,Die,Die Rückkehr,The Return,B1
1409,71,_____ Saal,Der,Der Saal,The hall,B1
1410,71,_____ Sack,Der,Der Sack,The sack,B1
1411,71,_____ Sahne,Die,Die Sahne,The cream,B1
1412,71,_____ Saison,Die,Die Saison,The season,B1
1413,71,_____ Salbe,Die,Die Salbe,The ointment,B1
1414,71,_____ Salon,Der,Der Salon,The salon,B1
1415,71,_____ Sand,Der,Der Sand,The sand,B1
1416,71,_____ Sauce,Die,Die Sauce,The sauce,B1
1417,71,_____ Schachtel,Die,Die Schachtel,The box,B1
1418,71,_____ Schade,Der,Der Schade,The damage,B1
1419,71,_____ Schaden,Der,Der Schaden,The damage,B1
1420,71,_____ Schatten,Der,Der Schatten,The Shadow,B1
1421,72,_____ Schaufenster,Das,Das Schaufenster,The shop window,B1
1422,72,_____ Schauspieler,Der,Der Schauspieler,The actor,B1
1423,72,_____ Schauspielerin,Die,Die Schauspielerin,The actress,B1
1424,72,_____ Scheibe,Die,Die Scheibe,The disc,B1
1425,72,_____ Scheidung,Die,Die Scheidung,The divorce,B1
1426,72,_____ Schein,Der,Der Schein,The appearance,B1
1427,72,_____ Schi,Der,Der Schi,The ski,B1
1428,72,_____ Schlaf,Der,Der Schlaf,Sleep,B1
1429,72,_____ Schlagobers,Das,Das Schlagobers,The whipped cream,B1
1430,72,_____ Schlagrahm,Der,Der Schlagrahm,The whipped cream,B1
1431,72,_____ Schlagsahne,Die,Die Schlagsahne,The whipped cream,B1
1432,72,_____ Schlange,Die,Die Schlange,The snake,B1
1433,72,_____ Schmerzmittel,Das,Das Schmerzmittel,The painkiller,B1
1434,72,_____ Schmuck,Der,Der Schmuck,The jewelry,B1
1435,72,_____ Schmutz,Der,Der Schmutz,The dirt,B1
1436,72,_____ Schnupfen,Der,Der Schnupfen,The cold,B1
1437,72,_____ Schreck,Der,Der Schreck,The shock,B1
1438,72,_____ Schrecken,Der,Der Schrecken,The horror,B1
1439,72,_____ Schreiben,Das,Das Schreiben,The writing,B1
1440,72,_____ Schrift,Die,Die Schrift,The writing,B1
1441,73,_____ Schriftsteller,Der,Der Schriftsteller,The writer,B1
1442,73,_____ Schriftstellerin,Die,Die Schriftstellerin,The writer,B1
1443,73,_____ Schritt,Der,Der Schritt,The step,B1
1444,73,_____ Schularbeit,Die,Die Schularbeit,The school work,B1
1445,73,_____ Schuld,Die,Die Schuld,The blame,B1
1446,73,_____ Schulter,Die,Die Schulter,The shoulder,B1
1447,73,_____ Schutz,Der,Der Schutz,The protection,B1
1448,73,_____ Schwangerschaft,Die,Die Schwangerschaft,The pregnancy,B1
1449,73,_____ Schwierigkeit,Die,Die Schwierigkeit,The difficulty,B1
1450,73,_____ Schüssel,Die,Die Schüssel,The bowl,B1
1451,73,_____ Sekretär,Der,Der Sekretär,The Secretary,B1
1452,73,_____ Sekretärin,Die,Die Sekretärin,The secretary,B1
1453,73,_____ Semester,Das,Das Semester,The semester,B1
1454,73,_____ Seminar,Das,Das Seminar,The seminar,B1
1455,73,_____ Semmel,Die,Die Semmel,The roll,B1
1456,73,_____ Sender,Der,Der Sender,The transmitter,B1
1457,73,_____ Senior,Der,Der Senior,The senior,B1
1458,73,_____ Seniorin,Die,Die Seniorin,The senior citizen,B1
1459,73,_____ Serie,Die,Die Serie,The series,B1
1460,73,_____ Sessel,Der,Der Sessel,The armchair,B1
1461,74,_____ Sicherheit,Die,Die Sicherheit,The security,B1
1462,74,_____ Sieg,Der,Der Sieg,The victory,B1
1463,74,_____ Sieger,Der,Der Sieger,The winner,B1
1464,74,_____ Siegerin,Die,Die Siegerin,The winner,B1
1465,74,_____ Sinn,Der,Der Sinn,The meaning,B1
1466,74,_____ Sitz,Der,Der Sitz,The seat,B1
1467,74,_____ Ski,Der,Der Ski,The ski,B1
1468,74,_____ Socke,Die,Die Socke,The sock,B1
1469,74,_____ Sonderangebot,Das,Das Sonderangebot,The special offer,B1
1470,74,_____ Sorge,Die,Die Sorge,The concern,B1
1471,74,_____ Souvenir,Das,Das Souvenir,The souvenir,B1
1472,74,_____ Sozialarbeiter,Der,Der Sozialarbeiter,The social worker,B1
1473,74,_____ Sozialarbeiterin,Die,Die Sozialarbeiterin,The social worker,B1
1474,74,_____ Soße,Die,Die Soße,The sauce,B1
1475,74,_____ Speise,Die,Die Speise,The dish,B1
1476,74,_____ Speisewagen,Der,Der Speisewagen,The dining car,B1
1477,74,_____ Spezialist,Der,Der Spezialist,The specialist,B1
1478,74,_____ Spezialistin,Die,Die Spezialistin,The specialist,B1
1479,74,_____ Spiegel,Der,Der Spiegel,The mirror,B1
1480,74,_____ Spieler,Der,Der Spieler,The player,B1
1481,75,_____ Spielerin,Die,Die Spielerin,The player,B1
1482,75,_____ Spielplatz,Der,Der Spielplatz,The playground,B1
1483,75,_____ Spielzeug,Das,Das Spielzeug,The toy,B1
1484,75,_____ Sportart,Die,Die Sportart,The sport,B1
1485,75,_____ Sportler,Der,Der Sportler,The athlete,B1
1486,75,_____ Sportlerin,Die,Die Sportlerin,The athlete,B1
1487,75,_____ Spritze,Die,Die Spritze,The syringe,B1
1488,75,_____ Spur,Die,Die Spur,The trail,B1
1489,75,_____ Stadion,Das,Das Stadion,The stadium,B1
1490,75,_____ Standpunkt,Der,Der Standpunkt,The point of view,B1
1491,75,_____ Start,Der,Der Start,The start,B1
1492,75,_____ Station,Die,Die Station,The station,B1
1493,75,_____ Statistik,Die,Die Statistik,The statistics,B1
1494,75,_____ Stau,Der,Der Stau,The traffic jam,B1
1495,75,_____ Staub,Der,Der Staub,The dust,B1
1496,75,_____ Steckdose,Die,Die Steckdose,The socket,B1
1497,75,_____ Stecker,Der,Der Stecker,The plug,B1
1498,75,_____ Stein,Der,Der Stein,The stone,B1
1499,75,_____ Stempel,Der,Der Stempel,The stamp,B1
1500,75,_____ Stern,Der,Der Stern,The Star,B1
1501,76,_____ Steuer,Die,Die Steuer,The tax,B1
1502,76,_____ Steward,Der,Der Steward,The Steward,B1
1503,76,_____ Stewardess,Die,Die Stewardess,The stewardess,B1
1504,76,_____ Stiege,Die,Die Stiege,The Staircase,B1
1505,76,_____ Stiegenhaus,Das,Das Stiegenhaus,The staircase,B1
1506,76,_____ Stil,Der,Der Stil,The style,B1
1507,76,_____ Stimme,Die,Die Stimme,The voice,B1
1508,76,_____ Stimmung,Die,Die Stimmung,The mood,B1
1509,76,_____ Stoff,Der,Der Stoff,The fabric,B1
1510,76,_____ Strafe,Die,Die Strafe,The punishment,B1
1511,76,_____ Strafzettel,Der,Der Strafzettel,The ticket,B1
1512,76,_____ Strecke,Die,Die Strecke,The route,B1
1513,76,_____ Streichholz,Das,Das Streichholz,The match,B1
1514,76,_____ Streik,Der,Der Streik,The strike,B1
1515,76,_____ Streit,Der,Der Streit,The dispute,B1
1516,76,_____ Strom,Der,Der Strom,The current,B1
1517,76,_____ Strumpf,Der,Der Strumpf,The stocking,B1
1518,76,_____ Studie,Die,Die Studie,The study,B1
1519,76,_____ Studio,Das,Das Studio,The Studio,B1
1520,76,_____ Stufe,Die,Die Stufe,The level,B1
1521,77,_____ Sturm,Der,Der Sturm,The storm,B1
1522,77,_____ Störung,Die,Die Störung,The disturbance,B1
1523,77,_____ Sucht,Die,Die Sucht,The addiction,B1
1524,77,_____ Suchtmittel,Das,Das Suchtmittel,The addictive substance,B1
1525,77,_____ Summe,Die,Die Summe,The sum,B1
1526,77,_____ Symbol,Das,Das Symbol,The symbol,B1
1527,77,_____ System,Das,Das System,The system,B1
1528,77,_____ Szene,Die,Die Szene,The scene,B1
1529,77,_____ Sänger,Der,Der Sänger,The singer,B1
1530,77,_____ Sängerin,Die,Die Sängerin,The singer,B1
1531,77,_____ Tabelle,Die,Die Tabelle,The table,B1
1532,77,_____ Tagesablauf,Der,Der Tagesablauf,The daily routine,B1
1533,77,_____ Tal,Das,Das Tal,The valley,B1
1534,77,_____ Talent,Das,Das Talent,The talent,B1
1535,77,_____ Tankstelle,Die,Die Tankstelle,The gas station,B1
1536,77,_____ Tante,Die,Die Tante,The aunt,B1
1537,77,_____ Tanz,Der,Der Tanz,The dance,B1
1538,77,_____ Taschentuch,Das,Das Taschentuch,The handkerchief,B1
1539,77,_____ Tastatur,Die,Die Tastatur,The keyboard,B1
1540,77,_____ Taste,Die,Die Taste,The button,B1
1541,78,_____ Tat,Die,Die Tat,The act,B1
1542,78,_____ Tatsache,Die,Die Tatsache,The fact,B1
1543,78,_____ Technik,Die,Die Technik,The technology,B1
1544,78,_____ Technologie,Die,Die Technologie,The technology,B1
1545,78,_____ Teilnahme,Die,Die Teilnahme,Participation,B1
1546,78,_____ Teilnehmer,Der,Der Teilnehmer,The participant,B1
1547,78,_____ Teilnehmerin,Die,Die Teilnehmerin,The participant,B1
1548,78,_____ Teilzeit,Die,Die Teilzeit,The part-time,B1
1549,78,_____ Temperatur,Die,Die Temperatur,The temperature,B1
1550,78,_____ Tempo,Das,Das Tempo,The pace,B1
1551,78,_____ Teppich,Der,Der Teppich,The carpet,B1
1552,78,_____ Terminkalender,Der,Der Terminkalender,The calendar,B1
1553,78,_____ Terrasse,Die,Die Terrasse,The terrace,B1
1554,78,_____ Theorie,Die,Die Theorie,The theory,B1
1555,78,_____ Therapie,Die,Die Therapie,The therapy,B1
1556,78,_____ Tierpark,Der,Der Tierpark,The zoo,B1
1557,78,_____ Tod,Der,Der Tod,The death,B1
1558,78,_____ Tor,Das,Das Tor,The gate,B1
1559,78,_____ Tourismus,Der,Der Tourismus,Tourism,B1
1560,78,_____ Tradition,Die,Die Tradition,The tradition,B1
1561,79,_____ Trainer,Der,Der Trainer,The coach,B1
1562,79,_____ Trainerin,Die,Die Trainerin,The trainer,B1
1563,79,_____ Tram,Die,Die Tram,The tram,B1
1564,79,_____ Transport,Der,Der Transport,The transport,B1
1565,79,_____ Treffpunkt,Der,Der Treffpunkt,The meeting point,B1
1566,79,_____ Trennung,Die,Die Trennung,The separation,B1
1567,79,_____ Treppenhaus,Das,Das Treppenhaus,The staircase,B1
1568,79,_____ Trinkgeld,Das,Das Trinkgeld,The tip,B1
1569,79,_____ Tropfen,Der,Der Tropfen,The drop,B1
1570,79,_____ Trottoir,Das,Das Trottoir,The sidewalk,B1
1571,79,_____ Träne,Die,Die Träne,The tear,B1
1572,79,_____ Tuch,Das,Das Tuch,The cloth,B1
1573,79,_____ Turm,Der,Der Turm,The tower,B1
1574,79,_____ Typ,Der,Der Typ,The guy,B1
1575,79,_____ Täter,Der,Der Täter,The perpetrator,B1
1576,79,_____ Täterin,Die,Die Täterin,The perpetrator,B1
1577,79,_____ Tätigkeit,Die,Die Tätigkeit,The activity,B1
1578,79,_____ Tüte,Die,Die Tüte,The bag,B1
1579,79,_____ U-Bahn,Die,Die U-Bahn,The subway,B1
1580,79,_____ Ufer,Das,Das Ufer,The shore,B1
1581,80,_____ Umfrage,Die,Die Umfrage,The survey,B1
1582,80,_____ Umgebung,Die,Die Umgebung,The environment,B1
1583,80,_____ Umleitung,Die,Die Umleitung,The diversion,B1
1584,80,_____ Umtausch,Der,Der Umtausch,The exchange,B1
1585,80,_____ Umwelt,Die,Die Umwelt,The environment,B1
1586,80,_____ Umweltschutz,Der,Der Umweltschutz,Environmental protection,B1
1587,80,_____ Umweltverschmutzung,Die,Die Umweltverschmutzung,Environmental pollution,B1
1588,80,_____ Unglück,Das,Das Unglück,The misfortune,B1
1589,80,_____ Uniform,Die,Die Uniform,The uniform,B1
1590,80,_____ Unterhaltung,Die,Die Unterhaltung,The entertainment,B1
1591,80,_____ Unterlage,Die,Die Unterlage,The base,B1
1592,80,_____ Unternehmer,Der,Der Unternehmer,The entrepreneur,B1
1593,80,_____ Unternehmerin,Die,Die Unternehmerin,The entrepreneur,B1
1594,80,_____ Unterstützung,Die,Die Unterstützung,The support,B1
1595,80,_____ Untersuchung,Die,Die Untersuchung,The investigation,B1
1596,80,_____ Urkunde,Die,Die Urkunde,The certificate,B1
1597,80,_____ Ursache,Die,Die Ursache,The cause,B1
1598,80,_____ Urteil,Das,Das Urteil,The verdict,B1
1599,80,_____ Vase,Die,Die Vase,The vase,B1
1600,80,_____ Velo,Das,Das Velo,The bike,B1
1601,81,_____ Verabredung,Die,Die Verabredung,The appointment,B1
1602,81,_____ Verantwortung,Die,Die Verantwortung,The responsibility,B1
1603,81,_____ Verbindung,Die,Die Verbindung,The connection,B1
1604,81,_____ Verbot,Das,Das Verbot,The ban,B1
1605,81,_____ Verbrecher,Der,Der Verbrecher,The criminal,B1
1606,81,_____ Verbrecherin,Die,Die Verbrecherin,The criminal,B1
1607,81,_____ Verdacht,Der,Der Verdacht,The suspicion,B1
1608,81,_____ Vergangenheit,Die,Die Vergangenheit,The past,B1
1609,81,_____ Vergleich,Der,Der Vergleich,The comparison,B1
1610,81,_____ Vergnügen,Das,Das Vergnügen,The pleasure,B1
1611,81,_____ Verhalten,Das,Das Verhalten,The behavior,B1
1612,81,_____ Verhältnis,Das,Das Verhältnis,The relationship,B1
1613,81,_____ Verkehrszeichen,Das,Das Verkehrszeichen,The traffic sign,B1
1614,81,_____ Verkäuferin,Die,Die Verkäuferin,The saleswoman,B1
1615,81,_____ Verlag,Der,Der Verlag,The publisher,B1
1616,81,_____ Verletzung,Die,Die Verletzung,The injury,B1
1617,81,_____ Verlierer,Der,Der Verlierer,The loser,B1
1618,81,_____ Verlust,Der,Der Verlust,The loss,B1
1619,81,_____ Vermietung,Die,Die Vermietung,The rental,B1
1620,81,_____ Vermittlung,Die,Die Vermittlung,The mediation,B1
1621,82,_____ Versammlung,Die,Die Versammlung,The assembly,B1
1622,82,_____ Versichertenkarte,Die,Die Versichertenkarte,The insurance card,B1
1623,82,_____ Versicherung,Die,Die Versicherung,The insurance,B1
1624,82,_____ Verständnis,Das,Das Verständnis,The understanding,B1
1625,82,_____ Versuch,Der,Der Versuch,The attempt,B1
1626,82,_____ Vertrauen,Das,Das Vertrauen,The trust,B1
1627,82,_____ Vertreter,Der,Der Vertreter,The representative,B1
1628,82,_____ Vertreterin,Die,Die Vertreterin,The representative,B1
1629,82,_____ Vertretung,Die,Die Vertretung,The representation,B1
1630,82,_____ Verwaltung,Die,Die Verwaltung,The administration,B1
1631,82,_____ Verzeihung,Die,Die Verzeihung,The forgiveness,B1
1632,82,_____ Video,Das,Das Video,The video,B1
1633,82,_____ Virus,Das,Das Virus,The virus,B1
1634,82,_____ Visitenkarte,Die,Die Visitenkarte,The business card,B1
1635,82,_____ Visum,Das,Das Visum,The visa,B1
1636,82,_____ Vitamin,Das,Das Vitamin,The vitamin,B1
1637,82,_____ Vollzeit,Die,Die Vollzeit,The full-time,B1
1638,82,_____ Voraussetzung,Die,Die Voraussetzung,The prerequisite,B1
1639,82,_____ Vorbereitung,Die,Die Vorbereitung,The preparation,B1
1640,82,_____ Vorfahrt,Die,Die Vorfahrt,The right of way,B1
1641,83,_____ Vorort,Der,Der Vorort,The suburb,B1
1642,83,_____ Vorschrift,Die,Die Vorschrift,The regulation,B1
1643,83,_____ Vorspeise,Die,Die Vorspeise,The starter,B1
1644,83,_____ Vorstellung,Die,Die Vorstellung,The idea,B1
1645,83,_____ Vorstellungsgespräch,Das,Das Vorstellungsgespräch,The interview,B1
1646,83,_____ Vorteil,Der,Der Vorteil,The advantage,B1
1647,83,_____ Vortrag,Der,Der Vortrag,The lecture,B1
1648,83,_____ Vorwurf,Der,Der Vorwurf,The accusation,B1
1649,83,_____ Wahl,Die,Die Wahl,The choice,B1
1650,83,_____ Wahrheit,Die,Die Wahrheit,The truth,B1
1651,83,_____ Wand,Die,Die Wand,The wall,B1
1652,83,_____ Wanderung,Die,Die Wanderung,The hike,B1
1653,83,_____ Wandrung,Die,Die Wandrung,The hike,B1
1654,83,_____ Ware,Die,Die Ware,The goods,B1
1655,83,_____ Waschmittel,Das,Das Waschmittel,The detergent,B1
1656,83,_____ Wecker,Der,Der Wecker,The alarm clock,B1
1657,83,_____ Weiterbildung,Die,Die Weiterbildung,Further training,B1
1658,83,_____ Werbung,Die,Die Werbung,The advertising,B1
1659,83,_____ Werk,Das,Das Werk,The work,B1
1660,83,_____ Werkzeug,Das,Das Werkzeug,The tool,B1
1661,84,_____ Wert,Der,Der Wert,The value,B1
1662,84,_____ Wetterbericht,Der,Der Wetterbericht,The weather forecast,B1
1663,84,_____ Wettervorhersage,Die,Die Wettervorhersage,The weather forecast,B1
1664,84,_____ Wiederholung,Die,Die Wiederholung,The repetition,B1
1665,84,_____ Wiese,Die,Die Wiese,The meadow,B1
1666,84,_____ Wirklichkeit,Die,Die Wirklichkeit,The reality,B1
1667,84,_____ Wirkung,Die,Die Wirkung,The effect,B1
1668,84,_____ Wirt,Der,Der Wirt,The landlord,B1
1669,84,_____ Wirtin,Die,Die Wirtin,The landlady,B1
1670,84,_____ Wirtschaft,Die,Die Wirtschaft,The economy,B1
1671,84,_____ Wissen,Das,Das Wissen,The knowledge,B1
1672,84,_____ Wissenschaftler,Der,Der Wissenschaftler,The scientist,B1
1673,84,_____ Wissenschaftlerin,Die,Die Wissenschaftlerin,The scientist,B1
1674,84,_____ Wohnort,Der,Der Wohnort,The place of residence,B1
1675,84,_____ Wohnsitz,Der,Der Wohnsitz,The residence,B1
1676,84,_____ Wolle,Die,Die Wolle,The wool,B1
1677,84,_____ Wunde,Die,Die Wunde,The wound,B1
1678,84,_____ Wunder,Das,Das Wunder,The miracle,B1
1679,84,_____ Wärme,Die,Die Wärme,The warmth,B1
1680,84,_____ Wörterbuch,Das,Das Wörterbuch,The dictionary,B1
1681,85,_____ Zahlung,Die,Die Zahlung,The payment,B1
1682,85,_____ Zahnbürste,Die,Die Zahnbürste,The toothbrush,B1
1683,85,_____ Zahncreme,Die,Die Zahncreme,The toothpaste,B1
1684,85,_____ Zahncrème,Die,Die Zahncrème,The toothpaste,B1
1685,85,_____ Zahnpasta,Die,Die Zahnpasta,The toothpaste,B1
1686,85,_____ Zange,Die,Die Zange,The pliers,B1
1687,85,_____ Zeichen,Das,Das Zeichen,The sign,B1
1688,85,_____ Zeichnung,Die,Die Zeichnung,The drawing,B1
1689,85,_____ Zeile,Die,Die Zeile,The line,B1
1690,85,_____ Zeitpunkt,Der,Der Zeitpunkt,The timing,B1
1691,85,_____ Zertifikat,Das,Das Zertifikat,The certificate,B1
1692,85,_____ Zeug,Das,Das Zeug,The stuff,B1
1693,85,_____ Zeuge,Der,Der Zeuge,The witness,B1
1694,85,_____ Zeugin,Die,Die Zeugin,The witness,B1
1695,85,_____ Zins,Der,Der Zins,The interest,B1
1696,85,_____ Zivilstand,Der,Der Zivilstand,The marital status,B1
1697,85,_____ Zone,Die,Die Zone,The Zone,B1
1698,85,_____ Zufall,Der,Der Zufall,Coincidence,B1
1699,85,_____ Zugang,Der,Der Zugang,The access,B1
1700,85,_____ Zuhause,Das,Das Zuhause,The home,B1
1701,86,_____ Zuhörer,Der,Der Zuhörer,The listener,B1
1702,86,_____ Zuhörerin,Die,Die Zuhörerin,The listener,B1
1703,86,_____ Zukunft,Die,Die Zukunft,The future,B1
1704,86,_____ Zusammenarbeit,Die,Die Zusammenarbeit,The collaboration,B1
1705,86,_____ Zusammenhang,Der,Der Zusammenhang,The connection,B1
1706,86,_____ Zuschauer,Der,Der Zuschauer,The viewer,B1
1707,86,_____ Zuschauerin,Die,Die Zuschauerin,The spectator,B1
1708,86,_____ Zuschlag,Der,Der Zuschlag,The award,B1
1709,86,_____ Zustand,Der,Der Zustand,The condition,B1
1710,86,_____ Zustimmung,Die,Die Zustimmung,The consent,B1
1711,86,_____ Zutat,Die,Die Zutat,The ingredient,B1
1712,86,_____ Zvieri,Das,Das Zvieri,The afternoon snack,B1
1713,86,_____ Zweck,Der,Der Zweck,The purpose,B1
1714,86,_____ Zweifel,Der,Der Zweifel,The doubt,B1
1715,86,_____ Zweitsprache,Die,Die Zweitsprache,The second language,B1
1716,86,_____ Zwiebel,Die,Die Zwiebel,The onion,B1
1717,86,_____ Zünder,Der,Der Zünder,The detonator,B1
1718,86,_____ Zündholz,Das,Das Zündholz,The match,B1
1719,86,_____ Änderung,Die,Die Änderung,The change,B1
1720,86,_____ Ärger,Der,Der Ärger,The anger,B1
1721,87,_____ Ärztin,Die,Die Ärztin,The doctor,B1
1722,87,_____ Öffentlichkeit,Die,Die Öffentlichkeit,The public,B1
1723,87,_____ Übernachtung,Die,Die Übernachtung,The overnight stay,B1
1724,87,_____ Überraschung,Die,Die Überraschung,The surprise,B1
1725,87,_____ Überschrift,Die,Die Überschrift,The headline,B1
1726,87,_____ Übersetzer,Der,Der Übersetzer,The translator,B1
1727,87,_____ Übersetzerin,Die,Die Übersetzerin,The translator,B1
1728,87,_____ Überstunde,Die,Die Überstunde,The overtime,B1
1729,87,_____ Überweisung,Die,Die Überweisung,The transfer,B1
1730,87,_____ Überzeugung,Die,Die Überzeugung,The conviction,B1
1731,87,_____ Übung,Die,Die Übung,The exercise,B1
1732,100,_____ Deutsche,"Die, Der","Die, Der Deutsche","The, The German",A1
1733,100, Eltern,, Eltern, Parents,A1
1734,100,_____ Erwachsene,"Die, Der","Die, Der Erwachsene","The, The Adult",A1
1735,100, Großeltern,, Großeltern,grandparents,A1
1736,100,_____ Jugendliche,"Die, Der","Die, Der Jugendliche","The, The Teenager",A1
1737,100, Leute,Die, Leute, People,A1
1738,100,_____ Liter,"Der, Das","Der, Das Liter","The, The Liter",A1
1739,100,_____ Teil,"Der, Das","Der, Das Teil","The, The Part",A1
1740,100,_____ Verwandte,"Die, Der","Die, Der Verwandte","The, The relative",A1
1741,100,_____ Blog,"Das, Der","Das, Der Blog","The, The Blog",A2
1742,100, Ferien,, Ferien, Holidays,A2
1743,100,_____ Tablet,"Das, Der","Das, Der Tablet","The, The Tablet",A2
1744,100,_____ Volleyball,"Der, Das","Der, Das Volleyball",The Volleyball,A2
1745,100,_____ Angehörige,"Die, Der","Die, Der Angehörige","The, The relative",B1
1746,100,_____ Angestellte,"Der, Die","Der, Die Angestellte","The, The Employee",B1
1747,100, Daten,, Daten, Data,B1
1748,100, Fachleute,, Fachleute,experts,B1
1749,100,_____ Klick,"Der, Das","Der, Das Klick","The, The Click",B1
1750,100, Kosten,, Kosten, Cost,B1
1751,100,_____ Kranke,"Die, Der","Die, Der Kranke","The, The Sick",B1
1752,100,_____ Nichtraucher,"Der, Das","Der, Das Nichtraucher","The, The Non-Smoker",B1
1753,100,_____ Plastik,"Das, Der","Das, Der Plastik","The, The Sculpture",B1
1754,100,_____ Raucher,"Der, Das","Der, Das Raucher","The, The smoker",B1
1755,100,_____ Schwammerl,"Der, Das","Der, Das Schwammerl","The, The Mushroom",B1
1756,100,_____ Serviceangestellte,"Die, Der","Die, Der Serviceangestellte","The, The service employee",B1
1757,100,_____ Studierende,"Die, Der","Die, Der Studierende","The, The Student",B1
1758,100,_____ Tote,"Die, Der","Die, Der Tote","The, The Dead",B1
1759,100,_____ Znüni,"Das, Der","Das, Der Znüni","That, the morning snack",B1
1760,100,_____ Bekannte,"Die, Der","Die, Der Bekannte","The, The Acquaintance",A1