Nr,exercise,question,answer,german,english,case
1,1,and,und,,,Konjunktion
2,1,but,aber,,,Konjunktion
3,1,or,oder,,,Konjunktion
4,1,"because, for",denn,,,Konjunktion
5,2,Ich gehe einkaufen _____ mein Bruder kocht das Abendessen.,und,Ich gehe einkaufen und mein Bruder kocht das Abendessen.,"I go shopping, and my brother cooks dinner.",
6,2,Wir lernen Deutsch _____ wir hören deutsche Musik.,und,Wir lernen Deutsch und wir hören deutsche Musik.,"We learn German, and we listen to German music.",
7,2,Sie liest ein Buch _____ ihr Freund schaut einen Film.,und,Sie liest ein Buch und ihr Freund schaut einen Film.,"She reads a book, and her boyfriend watches a movie.",
8,2,Er putzt das Haus _____ seine Schwester macht die Wäsche.,und,Er putzt das Haus und seine Schwester macht die Wäsche.,"He cleans the house, and his sister does the laundry.",
9,2,Wir essen zusammen _____ dann spielen wir Karten.,und,Wir essen zusammen und dann spielen wir Karten.,"We eat together, and then we play cards.",
10,2,"Ich möchte ins Kino gehen, _____ ich habe keine Zeit.",aber,"Ich möchte ins Kino gehen, aber ich habe keine Zeit.","I want to go to the cinema, but I have no time.",
11,2,"Er lernt viel, _____ er versteht die Grammatik nicht.",aber,"Er lernt viel, aber er versteht die Grammatik nicht.","He studies a lot, but he doesn’t understand the grammar.",
12,2,"Sie mag Sport, _____ sie geht selten ins Fitnessstudio.",aber,"Sie mag Sport, aber sie geht selten ins Fitnessstudio.","She likes sports, but she rarely goes to the gym.",
13,2,"Wir wollten spazieren gehen, _____ es hat geregnet.",aber,"Wir wollten spazieren gehen, aber es hat geregnet.","We wanted to go for a walk, but it rained.",
14,2,"Ich esse gern Pizza, _____ ich koche nicht oft.",aber,"Ich esse gern Pizza, aber ich koche nicht oft.","I like eating pizza, but I don’t cook often.",
15,2,"Ich gehe ins Bett, _____ ich bin müde.",denn,"Ich gehe ins Bett, denn ich bin müde.",I am going to bed because I am tired.,
16,2,"Er bleibt zu Hause, _____ er fühlt sich nicht gut.",denn,"Er bleibt zu Hause, denn er fühlt sich nicht gut.",He stays at home because he doesn’t feel well.,
17,2,"Sie kauft das Buch, _____ sie möchte es lesen.",denn,"Sie kauft das Buch, denn sie möchte es lesen.",She buys the book because she wants to read it.,
18,2,"Wir nehmen den Bus, _____ unser Auto ist kaputt.",denn,"Wir nehmen den Bus, denn unser Auto ist kaputt.",We take the bus because our car is broken.,
19,2,"Ich esse jetzt, _____ ich habe Hunger.",denn,"Ich esse jetzt, denn ich habe Hunger.",I am eating now because I am hungry.,
20,2,"Möchtest du Tee trinken, _____ soll ich Kaffee machen?",oder,"Möchtest du Tee trinken, oder soll ich Kaffee machen?","Do you want to drink tea, or should I make coffee?",
21,2,"Wir können ins Kino gehen, _____ wir bleiben zu Hause.",oder,"Wir können ins Kino gehen, oder wir bleiben zu Hause.","We can go to the cinema, or we stay at home.",
22,2,"Er fährt mit dem Fahrrad, _____ er nimmt den Bus.",oder,"Er fährt mit dem Fahrrad, oder er nimmt den Bus.","He rides his bike, or he takes the bus.",
23,2,"Liest du ein Buch, _____ schaust du einen Film?",oder,"Liest du ein Buch, oder schaust du einen Film?","Are you reading a book, or are you watching a movie?",
24,2,"Ich koche Pasta, _____ du bestellst Pizza.",oder,"Ich koche Pasta, oder du bestellst Pizza.","I will cook pasta, or you order pizza.",
25,3,"because, since",weil,,,Subjunktion
26,3,then,dann,,,Adverb
27,3,"so, thus, hence",also,,,Adverb
28,3,"therefore, for this reason, because of that",deshalb,,,Adverb
29,3,that,dass,,,Subjunktion
30,3,"although, even though",obwohl,,,Subjunktion
31,3,"if, when",wenn,,,Subjunktion
32,3,"than, when, as",als,,,Subjunktion
33,3,like,wie,,,Subjunktion
34,4,"Ich bleibe zu Hause, _____ es stark regnet.",weil,"Ich bleibe zu Hause, weil es stark regnet.",I stay at home because it is raining heavily.,
35,4,"Er kann nicht kommen, _____ er arbeiten muss.",weil,"Er kann nicht kommen, weil er arbeiten muss.",He can't come because he has to work.,
36,4,"Sie lernt viel, _____ sie die Prüfung bestehen will.",weil,"Sie lernt viel, weil sie die Prüfung bestehen will.",She studies a lot because she wants to pass the exam.,
37,4,"Wir gehen früh ins Bett, _____ wir morgen früh aufstehen müssen.",weil,"Wir gehen früh ins Bett, weil wir morgen früh aufstehen müssen.",We go to bed early because we have to get up early tomorrow.,
38,4,"Ich trinke Kaffee, _____ ich müde bin.",weil,"Ich trinke Kaffee, weil ich müde bin.",I drink coffee because I am tired.,
39,4,"Es regnet, _____ bleibe ich zu Hause.",also,"Es regnet, also bleibe ich zu Hause.","It’s raining, so I’m staying at home.",
40,4,"Ich habe Hunger, _____ esse ich jetzt.",also,"Ich habe Hunger, also esse ich jetzt.","I’m hungry, so I’m eating now.",
41,4,Du hast das Buch vergessen? _____ müssen wir zurückgehen.,Also,Du hast das Buch vergessen? Also müssen wir zurückgehen.,You forgot the book? So we have to go back.,
42,4,"Er hat viel gelernt, _____ besteht er die Prüfung.",also,"Er hat viel gelernt, also besteht er die Prüfung.","He studied a lot, so he passes the exam.",
43,4,"Das Auto ist kaputt, _____ nehmen wir den Bus.",also,"Das Auto ist kaputt, also nehmen wir den Bus.","The car is broken, so we take the bus.",
44,4,"Ich hoffe, _____ du mich bald besuchst.",dass,"Ich hoffe, dass du mich bald besuchst.",I hope that you visit me soon.,
45,4,"Er sagt, _____ er heute keine Zeit hat.",dass,"Er sagt, dass er heute keine Zeit hat.",He says that he has no time today.,
46,4,"Wir wissen, _____ Deutsch eine schwierige Sprache ist.",dass,"Wir wissen, dass Deutsch eine schwierige Sprache ist.",We know that German is a difficult language.,
47,4,"Sie glaubt, _____ er ihr helfen kann.",dass,"Sie glaubt, dass er ihr helfen kann.",She believes that he can help her.,
48,4,"Ich finde, _____ das Essen sehr lecker schmeckt.",dass,"Ich finde, dass das Essen sehr lecker schmeckt.",I think that the food tastes very delicious.,
49,4,"Es regnet stark, _____ nehme ich meinen Regenschirm.",deshalb,"Es regnet stark, deshalb nehme ich meinen Regenschirm.","It is raining heavily, therefore I take my umbrella.",
50,4,"Ich habe meine Hausaufgaben vergessen, _____ muss ich sie jetzt machen.",deshalb,"Ich habe meine Hausaufgaben vergessen, deshalb muss ich sie jetzt machen.","I forgot my homework, therefore I have to do it now.",
51,4,"Er hat schlecht geschlafen, _____ ist er heute müde.",deshalb,"Er hat schlecht geschlafen, deshalb ist er heute müde.","He slept badly, therefore he is tired today.",
52,4,"Wir haben Hunger, _____ kochen wir etwas zu essen.",deshalb,"Wir haben Hunger, deshalb kochen wir etwas zu essen.","We are hungry, therefore we cook something to eat.",
53,4,"Sie hat ihren Bus verpasst, _____ kommt sie zu spät.",deshalb,"Sie hat ihren Bus verpasst, deshalb kommt sie zu spät.","She missed her bus, therefore she is late.",
54,4,"_____ es regnet, nehme ich meinen Regenschirm.",Wenn,"Wenn es regnet, nehme ich meinen Regenschirm.","When it rains, I take my umbrella.",
55,4,"Ich gehe joggen, _____ ich Zeit habe.",wenn,"Ich gehe joggen, wenn ich Zeit habe.",I go jogging when I have time.,
56,4,"_____ er müde ist, trinkt er Kaffee.",Wenn,"Wenn er müde ist, trinkt er Kaffee.","When he is tired, he drinks coffee.",
57,4,"Wir machen ein Picknick, _____ das Wetter schön ist.",wenn,"Wir machen ein Picknick, wenn das Wetter schön ist.",We have a picnic when the weather is nice.,
58,4,"_____ sie Geburtstag hat, feiert sie mit ihrer Familie.",Wenn,"Wenn sie Geburtstag hat, feiert sie mit ihrer Familie.","When it’s her birthday, she celebrates with her family.",
59,4,"Ich gehe spazieren, _____ es regnet.",obwohl,"Ich gehe spazieren, obwohl es regnet.",I go for a walk although it is raining.,
60,4,"Er arbeitet weiter, _____ er müde ist.",obwohl,"Er arbeitet weiter, obwohl er müde ist.",He continues working although he is tired.,
61,4,"Sie kommt zur Party, _____ sie viel zu tun hat.",obwohl,"Sie kommt zur Party, obwohl sie viel zu tun hat.",She comes to the party although she has a lot to do.,
62,4,"Wir spielen draussen, _____ es kalt ist.",obwohl,"Wir spielen draussen, obwohl es kalt ist.",We play outside although it is cold.,
63,4,"Ich esse das Gericht, _____ ich es nicht mag.",obwohl,"Ich esse das Gericht, obwohl ich es nicht mag.",I eat the dish although I don’t like it.,
64,4,"Ich stehe auf, _____ mache ich mir einen Kaffee.",dann,"Ich stehe auf, dann mache ich mir einen Kaffee.","I get up, then I make myself a coffee.",
65,4,"Er geht zur Arbeit, _____ beginnt er mit seinem ersten Meeting.",dann,"Er geht zur Arbeit, dann beginnt er mit seinem ersten Meeting.","He goes to work, then he starts his first meeting.",
66,4,"Wir kaufen die Zutaten ein, _____ kochen wir das Abendessen.",dann,"Wir kaufen die Zutaten ein, dann kochen wir das Abendessen.","We buy the ingredients, then we cook dinner.",
67,4,"Sie macht ihre Hausaufgaben, _____ schaut sie einen Film.",dann,"Sie macht ihre Hausaufgaben, dann schaut sie einen Film.","She does her homework, then she watches a movie.",
68,4,"Ich dusche, _____ ziehe ich mich an.",dann,"Ich dusche, dann ziehe ich mich an.","I take a shower, then I get dressed.",
69,4,"Der Test war schwieriger, _____ ich erwartet habe.",als,"Der Test war schwieriger, als ich erwartet habe.",The test was more difficult than I expected.,
70,4,"Das Haus ist größer, _____ wir gedacht haben.",als,"Das Haus ist größer, als wir gedacht haben.",The house is bigger than we thought.,
71,4,"Es ist günstiger, _____ wir geplant haben.",als,"Es ist günstiger, als wir geplant haben.",It is cheaper than we planned.,
72,4,"Das Buch ist interessanter, _____ ich es mir vorgestellt habe.",als,"Das Buch ist interessanter, als ich es mir vorgestellt habe.",The book is more interesting than I imagined.,
73,4,"Der Film war besser, _____ ich gedacht habe.",als,"Der Film war besser, als ich gedacht habe.",The movie was better than I thought.,
74,4,"Das Essen schmeckte so gut, _____ wir es erwartet hatten.",wie,"Das Essen schmeckte so gut, wie wir es erwartet hatten.",The food tastes as good as we expected.,
75,4,"Die Prüfung war einfacher, _____ der Lehrer gesagt hatte.",wie,"Die Prüfung war einfacher, wie der Lehrer gesagt hatte.","The exam was easier, as the teacher said.",
76,4,"Er fährt genauso schnell, _____ es im Plan steht.",wie,"Er fährt genauso schnell, wie es im Plan steht.",He drives just as fast as it was planned.,
77,4,"Ich habe das Problem genauso gelöst, _____ du es mir erklärt hast.",wie,"Ich habe das Problem genauso gelöst, wie du es mir erklärt hast.",I solved the problem exactly as you explained it to me.,
78,4,"Der Film war genauso spannend, _____ ich gehofft habe.",wie,"Der Film war genauso spannend, wie ich gehofft habe.",The movie was just as exciting as I had hoped.,
79,4,"_____ ich ein Kind war, hatte ich einen Hund.",Als,"Als ich ein Kind war, hatte ich einen Hund.","When I was a child, I had a dog.",
80,4,"Er war sehr glücklich, _____ er die Prüfung bestanden hat.",als,"Er war sehr glücklich, als er die Prüfung bestanden hat.",He was very happy when he passed the exam.,
81,4,"_____ wir in Berlin waren, haben wir den Fernsehturm besucht.",Als,"Als wir in Berlin waren, haben wir den Fernsehturm besucht.","When we were in Berlin, we visited the TV tower.",
82,4,"Ich habe ihn das erste Mal getroffen, _____ ich nach Deutschland gereist bin.",als,"Ich habe ihn das erste Mal getroffen, als ich nach Deutschland gereist bin.",I met him for the first time when I traveled to Germany.,
83,4,"_____ sie ihr Auto gekauft hat, war sie sehr stolz.",Als,"Als sie ihr Auto gekauft hat, war sie sehr stolz.","When she bought her car, she was very proud.",
84,5,"since, since then",seitdem,,,Subjunktion
85,5,until,bis,,,Subjunktion
86,5,before,bevor,,,Subjunktion
87,5,after,nachdem,,,Subjunktion
88,5,"despite it, nevertheless, yet, nonetheless",trotzdem,,,Adverb
89,5,"which is why, therefore",weshalb,,,Subjunktion
90,5,so that,damit,,,Subjunktion
91,5,in order to,um zu,,,Zwei Begriffe
92,5,whether,ob,,,Subjunktion
93,5,instead of,anstatt zu,,,Zwei Begriffe
94,5,without,ohne zu,,,Zwei Begriffe
95,5,while,während,,,Subjunktion
96,5,"in case, if",falls,,,Subjunktion
97,5,by,indem,,,Subjunktion
98,5,"otherwise, else",sonst,,,Adverb
99,5,but rather,sondern,,,Konjunktion
100,6,"Ich warte, _____ du fertig bist.",bis,"Ich warte, bis du fertig bist.",I wait until you are finished.,
101,6,"Er bleibt im Büro, _____ er seine Arbeit beendet hat.",bis,"Er bleibt im Büro, bis er seine Arbeit beendet hat.",He stays in the office until he has finished his work.,
102,6,"Wir spielen draussen, _____ es dunkel wird.",bis,"Wir spielen draussen, bis es dunkel wird.",We play outside until it gets dark.,
103,6,"Sie liest ein Buch, _____ sie müde wird.",bis,"Sie liest ein Buch, bis sie müde wird.",She reads a book until she gets tired.,
104,6,"Ich bleibe hier, _____ du zurückkommst.",bis,"Ich bleibe hier, bis du zurückkommst.",I stay here until you come back.,
105,6,"Ich mache mehr Sport, _____ ich im Fitnessstudio angemeldet bin.",seitdem,"Ich mache mehr Sport, seitdem ich im Fitnessstudio angemeldet bin.",I exercise more since I signed up for the gym.,
106,6,"Er fühlt sich besser, _____ er gesünder isst.",seitdem,"Er fühlt sich besser, seitdem er gesünder isst.",He feels better since he started eating healthier.,
107,6,"Wir sind glücklich, _____ wir in diese Stadt gezogen sind.",seitdem,"Wir sind glücklich, seitdem wir in diese Stadt gezogen sind.",We have been happy since we moved to this city.,
108,6,"Sie spricht fliessend Deutsch, _____ sie in Deutschland lebt.",seitdem,"Sie spricht fliessend Deutsch, seitdem sie in Deutschland lebt.",She speaks fluent German since she has been living in Germany.,
109,6,"Ich habe weniger Stress, _____ ich regelmässig meditiere.",seitdem,"Ich habe weniger Stress, seitdem ich regelmässig meditiere.",I have less stress since I started meditating regularly.,
110,6,"Ich wasche mir die Hände, _____ ich esse.",bevor,"Ich wasche mir die Hände, bevor ich esse.",I wash my hands before I eat.,
111,6,"Er macht seine Hausaufgaben, _____ er fern sieht.",bevor,"Er macht seine Hausaufgaben, bevor er fern sieht.",He does his homework before he watches TV.,
112,6,"Wir gehen spazieren, _____ es dunkel wird.",bevor,"Wir gehen spazieren, bevor es dunkel wird.",We go for a walk before it gets dark.,
113,6,"Sie ruft ihre Mutter an, _____ sie ins Bett geht.",bevor,"Sie ruft ihre Mutter an, bevor sie ins Bett geht.",She calls her mother before she goes to bed.,
114,6,"Ich packe meinen Koffer, _____ ich in den Urlaub fahre.",bevor,"Ich packe meinen Koffer, bevor ich in den Urlaub fahre.",I pack my suitcase before I go on vacation.,
115,6,"Ich esse Frühstück, _____ ich aufgestanden bin.",nachdem,"Ich esse Frühstück, nachdem ich aufgestanden bin.",I eat breakfast after I have gotten up.,
116,6,"Er geht ins Kino, _____ er seine Arbeit beendet hat.",nachdem,"Er geht ins Kino, nachdem er seine Arbeit beendet hat.",He goes to the cinema after he has finished his work.,
117,6,"Wir spielen Fussball, _____ wir die Hausaufgaben gemacht haben.",nachdem,"Wir spielen Fussball, nachdem wir die Hausaufgaben gemacht haben.",We play football after we have done our homework.,
118,6,"Sie geht schlafen, _____ sie ein Buch gelesen hat.",nachdem,"Sie geht schlafen, nachdem sie ein Buch gelesen hat.",She goes to sleep after she has read a book.,
119,6,"Ich trinke einen Kaffee, _____ ich zur Arbeit gekommen bin.",nachdem,"Ich trinke einen Kaffee, nachdem ich zur Arbeit gekommen bin.",I drink a coffee after I have arrived at work.,
120,6,"Ich lerne jeden Tag, _____ Deutsch zu verbessern.",um,"Ich lerne jeden Tag, um Deutsch zu verbessern.",I study every day in order to improve my German.,
121,6,"Er spart Geld, _____ eine Weltreise zu machen.",um,"Er spart Geld, um eine Weltreise zu machen.",He saves money in order to travel around the world.,
122,6,"Sie trainiert hart, _____ beim Marathon zu gewinnen.",um,"Sie trainiert hart, um beim Marathon zu gewinnen.",She trains hard in order to win the marathon.,
123,6,"Wir fahren früh los, _____ den Verkehr zu vermeiden.",um,"Wir fahren früh los, um den Verkehr zu vermeiden.",We leave early in order to avoid traffic.,
124,6,"Er liest viele Bücher, _____ sein Wissen zu erweitern.",um,"Er liest viele Bücher, um sein Wissen zu erweitern.",He reads many books in order to expand his knowledge.,
125,6,"Es regnet, _____ gehen wir spazieren.",trotzdem,"Es regnet, trotzdem gehen wir spazieren.","It is raining; nevertheless, we are going for a walk.",
126,6,"Er war müde, _____ hat er bis spät in die Nacht gearbeitet.",trotzdem,"Er war müde, trotzdem hat er bis spät in die Nacht gearbeitet.","He was tired; nevertheless, he worked late into the night.",
127,6,"Sie hatte wenig Zeit, _____ hat sie mir geholfen.",trotzdem,"Sie hatte wenig Zeit, trotzdem hat sie mir geholfen.","She had little time; nevertheless, she helped me.",
128,6,"Das Essen war teuer, _____ hat es sich gelohnt.",trotzdem,"Das Essen war teuer, trotzdem hat es sich gelohnt.","The food was expensive; nevertheless, it was worth it.",
129,6,"Ich war nervös, _____ habe ich die Präsentation gut gehalten.",trotzdem,"Ich war nervös, trotzdem habe ich die Präsentation gut gehalten.","I was nervous; nevertheless, I gave the presentation well.",
130,6,"Es hat den ganzen Tag geregnet, _____ das Spiel abgesagt wurde.",weshalb,"Es hat den ganzen Tag geregnet, weshalb das Spiel abgesagt wurde.","It rained all day, which is why the game was canceled.",
131,6,"Der Bus hatte eine Panne, _____ wir zu spät zur Arbeit kamen.",weshalb,"Der Bus hatte eine Panne, weshalb wir zu spät zur Arbeit kamen.","The bus broke down, which is why we arrived late to work.",
132,6,"Ich habe schlecht geschlafen, _____ ich heute sehr müde bin.",weshalb,"Ich habe schlecht geschlafen, weshalb ich heute sehr müde bin.","I slept poorly, which is why I'm very tired today.",
133,6,"Sie hat viel gearbeitet, _____ sie jetzt Urlaub macht.",weshalb,"Sie hat viel gearbeitet, weshalb sie jetzt Urlaub macht.","She worked a lot, which is why she’s on vacation now.",
134,6,"Das Angebot war sehr günstig, _____ wir es sofort gekauft haben.",weshalb,"Das Angebot war sehr günstig, weshalb wir es sofort gekauft haben.","The offer was very good, which is why we bought it immediately.",
135,6,"_____ arbeiten, spielt er die ganze Zeit Videospiele.",Anstatt zu,"Anstatt zu arbeiten, spielt er die ganze Zeit Videospiele.","Instead of working, he plays video games all the time.",
136,6,"Sie hat sich für die Reise entschieden, _____ zu Hause zu bleiben.",anstatt,"Sie hat sich für die Reise entschieden, anstatt zu Hause zu bleiben.",She decided to travel instead of staying at home.,
137,6,"Er ging joggen, _____ lernen.",anstatt zu,"Er ging joggen, anstatt zu lernen.",He went jogging instead of studying.,
138,6,"Wir sind mit dem Zug gefahren, _____ fliegen.",anstatt zu,"Wir sind mit dem Zug gefahren, anstatt zu fliegen.",We took the train instead of flying.,
139,6,"_____ helfen, hat er nur zugesehen.",Anstatt zu,"Anstatt zu helfen, hat er nur zugesehen.","Instead of helping, he just watched.",
140,6,"Er ging, _____ bezahlen.",ohne zu,"Er ging, ohne zu bezahlen.",He left without paying.,
141,6,"Sie hat das Haus verlassen, _____ sprechen.",ohne zu,"Sie hat das Haus verlassen, ohne zu sprechen.",She left the house without speaking.,
142,6,"Wir konnten den Text verstehen, _____ übersetzen.",ohne zu,"Wir konnten den Text verstehen, ohne zu übersetzen.",We were able to understand the text without translating.,
143,6,"Ich habe die Aufgabe gelöst, _____ fragen.",ohne zu,"Ich habe die Aufgabe gelöst, ohne zu fragen.",I solved the task without asking.,
144,6,"Die Kinder spielten stundenlang draußen, _____ streiten.",ohne zu,"Die Kinder spielten stundenlang draußen, ohne zu streiten.",The children played outside for hours without arguing.,
145,6,"Beeil dich, _____ verpassen wir den Zug.",sonst,"Beeil dich, sonst verpassen wir den Zug.","Hurry up, otherwise we will miss the train.",
146,6,"Du musst mehr lernen, _____ wirst du die Prüfung nicht bestehen.",sonst,"Du musst mehr lernen, sonst wirst du die Prüfung nicht bestehen.","You need to study more, otherwise, you will not pass the exam.",
147,6,"Ich gehe jetzt einkaufen, _____ haben wir nichts zum Abendessen.",sonst,"Ich gehe jetzt einkaufen, sonst haben wir nichts zum Abendessen.","I'm going shopping now, otherwise, we will have nothing for dinner.",
148,6,"Er sollte sich mehr bewegen, _____ wird seine Gesundheit leiden.",sonst,"Er sollte sich mehr bewegen, sonst wird seine Gesundheit leiden.","He should exercise more, otherwise, his health will suffer.",
149,6,"Speichere deine Arbeit regelmäßig, _____ könntest du alles verlieren.",sonst,"Speichere deine Arbeit regelmäßig, sonst könntest du alles verlieren.","Save your work regularly, otherwise, you could lose everything.",
150,6,"_____ ich koche, hört mein Mann Musik.",Während,"Während ich koche, hört mein Mann Musik.","While I am cooking, my husband is listening to music.",
151,6,"Er arbeitet, _____ seine Kollegen eine Pause machen.",während,"Er arbeitet, während seine Kollegen eine Pause machen.",He is working while his colleagues are taking a break.,
152,6,"_____ sie für die Prüfung lernt, schaut ihr Bruder Fernsehen.",Während,"Während sie für die Prüfung lernt, schaut ihr Bruder Fernsehen.","While she is studying for the exam, her brother is watching TV.",
153,6,"Wir haben im Restaurant gegessen, _____ draußen ein Sturm tobte.",während,"Wir haben im Restaurant gegessen, während draußen ein Sturm tobte.",We ate in the restaurant while a storm was raging outside.,
154,6,"_____ ich das Buch lese, macht sie sich Notizen.",Während,"Während ich das Buch lese, macht sie sich Notizen.","While I am reading the book, she is taking notes.",
155,6,"Ich lerne jeden Tag Deutsch, _____ ich mich besser verständigen kann.",damit,"Ich lerne jeden Tag Deutsch, damit ich mich besser verständigen kann.",I study German every day so that I can communicate better.,
156,6,"Er arbeitet hart, _____ er sich eine Reise nach Japan leisten kann.",damit,"Er arbeitet hart, damit er sich eine Reise nach Japan leisten kann.",He works hard so that he can afford a trip to Japan.,
157,6,"Wir fahren früher los, _____ wir nicht im Stau stehen.",damit,"Wir fahren früher los, damit wir nicht im Stau stehen.",We are leaving earlier so that we don’t get stuck in traffic.,
158,6,"Sie schreibt alles auf, _____ sie nichts vergisst.",damit,"Sie schreibt alles auf, damit sie nichts vergisst.",She writes everything down so that she doesn’t forget anything.,
159,6,"Ich trainiere regelmäßig, _____ ich fit bleibe.",damit,"Ich trainiere regelmäßig, damit ich fit bleibe.",I train regularly so that I stay fit.,
160,6,"Ich weiß nicht, _____ er heute zur Party kommt.",ob,"Ich weiß nicht, ob er heute zur Party kommt.",I don’t know whether he is coming to the party today.,
161,6,"Sie fragt mich, _____ ich ihr helfen kann.",ob,"Sie fragt mich, ob ich ihr helfen kann.",She asks me if I can help her.,
162,6,"Er ist unsicher, _____ er den neuen Job annehmen soll.",ob,"Er ist unsicher, ob er den neuen Job annehmen soll.",He is unsure whether he should take the new job.,
163,6,"Wir überlegen, _____ wir dieses Jahr in den Urlaub fahren.",ob,"Wir überlegen, ob wir dieses Jahr in den Urlaub fahren.",We are considering whether we should go on vacation this year.,
164,6,"Ich weiß nicht, _____ das eine gute Idee ist.",ob,"Ich weiß nicht, ob das eine gute Idee ist.",I don’t know if that is a good idea.,
165,6,"Er verbessert sein Deutsch, _____ er jeden Tag deutsche Bücher liest.",indem,"Er verbessert sein Deutsch, indem er jeden Tag deutsche Bücher liest.",He improves his German by reading German books every day.,
166,6,"Du kannst Energie sparen, _____ du das Licht ausschaltest, wenn du den Raum verlässt.",indem,"Du kannst Energie sparen, indem du das Licht ausschaltest, wenn du den Raum verlässt.",You can save energy by turning off the light when you leave the room.,
167,6,"Sie hält sich fit, _____ sie regelmäßig joggt.",indem,"Sie hält sich fit, indem sie regelmäßig joggt.",She keeps fit by jogging regularly.,
168,6,"Wir können Geld sparen, _____ wir weniger auswärts essen.",indem,"Wir können Geld sparen, indem wir weniger auswärts essen.",We can save money by eating out less.,
169,6,"Er löste das Problem, _____ er eine neue Strategie entwickelte.",indem,"Er löste das Problem, indem er eine neue Strategie entwickelte.",He solved the problem by developing a new strategy.,
170,6,"_____ es regnet, nehmen wir einen Regenschirm mit.",Falls,"Falls es regnet, nehmen wir einen Regenschirm mit.","In case it rains, we will take an umbrella.",
171,6,"_____ du Fragen hast, kannst du mich jederzeit anrufen.",Falls,"Falls du Fragen hast, kannst du mich jederzeit anrufen.","If you have any questions, you can call me anytime.",
172,6,"Er nimmt einen Mantel mit, _____ es kalt wird.",falls,"Er nimmt einen Mantel mit, falls es kalt wird.",He is taking a coat with him in case it gets cold.,
173,6,"_____ du dich verspätet, gib mir bitte Bescheid.",Falls,"Falls du dich verspätet, gib mir bitte Bescheid.","If you are running late, please let me know.",
174,6,"_____ der Zug ausfällt, fahren wir mit dem Auto.",Falls,"Falls der Zug ausfällt, fahren wir mit dem Auto.","If the train is canceled, we will go by car.",
175,6,"Ich trinke keinen Kaffee, _____ Tee.",sondern,"Ich trinke keinen Kaffee, sondern Tee.","I don’t drink coffee, but rather tea.",
176,6,"Er ist nicht müde, _____ einfach nur gelangweilt.",sondern,"Er ist nicht müde, sondern einfach nur gelangweilt.","He is not tired, but rather just bored.",
177,6,"Wir haben nicht den Bus genommen, _____ sind zu Fuß gegangen.",sondern,"Wir haben nicht den Bus genommen, sondern sind zu Fuß gegangen.","We didn’t take the bus, but rather walked.",
178,6,"Sie spricht kein Deutsch, _____ Französisch.",sondern,"Sie spricht kein Deutsch, sondern Französisch.","She doesn't speak German, but rather French.",
179,6,"Das Problem ist nicht kompliziert, _____ leicht zu lösen.",sondern,"Das Problem ist nicht kompliziert, sondern leicht zu lösen.","The problem is not complicated, but rather easy to solve.",
180,7,statt zu,anstatt zu,,instead of,
181,7,sodass,damit,,so that,
182,7,darum,deshalb,,"therefore, for this reason, because of that",
183,7,deswegen,deshalb,,"therefore, for this reason, because of that",
184,7,obgleich,obwohl,,"although, even though",
185,7,obschon,obwohl,,"although, even though",
186,7,dennoch,trotzdem,,"despite it, nevertheless, yet, nonetheless",
187,7,da,weil,,"because, since",
188,8,either or,entweder oder,,,Zwei Begriffe
189,8,neither nor,weder noch,,,Zwei Begriffe
190,8,as well as,sowohl als auch,,,Zwei Begriffe
191,8,not only,nicht nur,,,Zwei Begriffe
192,8,but also,sondern auch,,,Zwei Begriffe
193,8,on the one hand,einerseits,,,Adverb
194,8,on the other hand,andererseits,,,Adverb
195,8,"however, on the other hand",dagegen,,,Adverb
196,9,"_____ ist der Job sehr anspruchsvoll, andererseits bietet er viele Chancen.",Einerseits,"Einerseits ist der Job sehr anspruchsvoll, andererseits bietet er viele Chancen.","On the one hand, the job is very demanding; on the other hand, it offers many opportunities.",
197,9,"_____ möchte ich ins Ausland ziehen, andererseits vermisse ich meine Familie.",Einerseits,"Einerseits möchte ich ins Ausland ziehen, andererseits vermisse ich meine Familie.","On the one hand, I want to move abroad; on the other hand, I miss my family.",
198,9,"_____ ist das Angebot günstig, andererseits gibt es bessere Alternativen.",Einerseits,"Einerseits ist das Angebot günstig, andererseits gibt es bessere Alternativen.","On the one hand, the offer is cheap; on the other hand, there are better alternatives.",
199,9,"_____ liebe ich meine Arbeit, andererseits ist sie oft sehr stressig.",Einerseits,"Einerseits liebe ich meine Arbeit, andererseits ist sie oft sehr stressig.","On the one hand, I love my job; on the other hand, it is often very stressful.",
200,9,"_____ wäre ein eigenes Haus schön, andererseits sind die Kosten sehr hoch.",Einerseits,"Einerseits wäre ein eigenes Haus schön, andererseits sind die Kosten sehr hoch.","On the one hand, owning a house would be nice; on the other hand, the costs are very high.",
201,9,"Ich möchte mehr Freizeit haben, _____ brauche ich das Geld.",andererseits,"Ich möchte mehr Freizeit haben, andererseits brauche ich das Geld.","I would like to have more free time; on the other hand, I need the money.",
202,9,"Ein Auto zu besitzen ist praktisch, _____ sind die Kosten sehr hoch.",andererseits,"Ein Auto zu besitzen ist praktisch, andererseits sind die Kosten sehr hoch.","Owning a car is practical; on the other hand, the costs are very high.",
203,9,"Er mag seinen Job, _____ würde er gerne etwas Neues ausprobieren.",andererseits,"Er mag seinen Job, andererseits würde er gerne etwas Neues ausprobieren.","He likes his job; on the other hand, he would like to try something new.",
204,9,"Eine grosse Stadt bietet viele Möglichkeiten, _____ kann es dort sehr laut sein.",andererseits,"Eine grosse Stadt bietet viele Möglichkeiten, andererseits kann es dort sehr laut sein.","A big city offers many opportunities; on the other hand, it can be very noisy there.",
205,9,"Ich würde gerne umziehen, _____ ist meine Wohnung sehr günstig.",andererseits,"Ich würde gerne umziehen, andererseits ist meine Wohnung sehr günstig.","I would like to move; on the other hand, my apartment is very affordable.",
206,9,"Ich mag Tee sehr gerne, mein Bruder _____ trinkt nur Kaffee.",dagegen,"Ich mag Tee sehr gerne, mein Bruder dagegen trinkt nur Kaffee.","I like tea very much; my brother, on the other hand, only drinks coffee.",
207,9,"Sie liebt es, früh aufzustehen, ihr Mann _____ schläft gerne lange.",dagegen,"Sie liebt es, früh aufzustehen, ihr Mann dagegen schläft gerne lange.","She loves getting up early; her husband, on the other hand, likes to sleep in.",
208,9,"Das Wetter ist heute sonnig, gestern war es _____ sehr regnerisch.",dagegen,"Das Wetter ist heute sonnig, gestern war es dagegen sehr regnerisch.","The weather is sunny today; yesterday, in contrast, it was very rainy.",
209,9,"Er ist sehr sportlich, seine Schwester _____ interessiert sich nicht für Sport.",dagegen,"Er ist sehr sportlich, seine Schwester dagegen interessiert sich nicht für Sport.","He is very athletic; his sister, on the other hand, is not interested in sports.",
210,9,"Ich bevorzuge ruhige Orte, meine Freunde _____ lieben große Partys.",dagegen,"Ich bevorzuge ruhige Orte, meine Freunde dagegen lieben große Partys.","I prefer quiet places; my friends, on the other hand, love big parties.",
211,9,Wir können _____ ins Kino gehen oder zu Hause einen Film schauen.,entweder,Wir können entweder ins Kino gehen oder zu Hause einen Film schauen.,We can either go to the cinema or watch a movie at home.,
212,9,"_____ du kommst pünktlich, oder wir starten ohne dich.",Entweder,"Entweder du kommst pünktlich, oder wir starten ohne dich.","Either you arrive on time, or we will start without you.",
213,9,Sie wird _____ in Berlin studieren oder nach Hamburg ziehen.,entweder,Sie wird entweder in Berlin studieren oder nach Hamburg ziehen.,She will either study in Berlin or move to Hamburg.,
214,9,"_____ du lernst fleißig, oder du wirst die Prüfung nicht bestehen.",Entweder,"Entweder du lernst fleißig, oder du wirst die Prüfung nicht bestehen.","Either you study hard, or you won’t pass the exam.",
215,9,Wir können _____ mit dem Auto fahren oder den Zug nehmen.,entweder,Wir können entweder mit dem Auto fahren oder den Zug nehmen.,We can either go by car or take the train.,
216,9,Ich trinke _____ Kaffee noch Tee.,weder,Ich trinke weder Kaffee noch Tee.,I drink neither coffee nor tea.,
217,9,Er mag _____ klassische Musik noch Pop.,weder,Er mag weder klassische Musik noch Pop.,He likes neither classical music nor pop.,
218,9,Sie spricht _____ Spanisch noch Italienisch.,weder,Sie spricht weder Spanisch noch Italienisch.,She speaks neither Spanish nor Italian.,
219,9,Das Hotel war _____ sauber noch günstig.,weder,Das Hotel war weder sauber noch günstig.,The hotel was neither clean nor affordable.,
220,9,Wir haben _____ Zeit noch Geld für eine Reise.,weder,Wir haben weder Zeit noch Geld für eine Reise.,We have neither time nor money for a trip.,
221,9,Er interessiert sich weder für Sport _____ für Kunst.,noch,Er interessiert sich weder für Sport noch für Kunst.,He is interested in neither sports nor art.,
222,9,Ich kann weder tanzen _____ singen.,noch,Ich kann weder tanzen noch singen.,I can neither dance nor sing.,
223,9,Die Aufgabe war weder einfach _____ schnell erledigt.,noch,Die Aufgabe war weder einfach noch schnell erledigt.,The task was neither easy nor quickly done.,
224,9,Weder mein Bruder _____ meine Schwester konnten kommen.,noch,Weder mein Bruder noch meine Schwester konnten kommen.,Neither my brother nor my sister could come.,
225,9,Dieses Buch ist weder spannend _____ informativ.,noch,Dieses Buch ist weder spannend noch informativ.,This book is neither exciting nor informative.,
226,9,"_____ mehr du lernst, desto besser wirst du die Sprache verstehen.",Je,"Je mehr du lernst, desto besser wirst du die Sprache verstehen.","The more you study, the better you will understand the language.",
227,9,"_____ früher wir losfahren, desto schneller kommen wir an.",Je,"Je früher wir losfahren, desto schneller kommen wir an.","The earlier we leave, the faster we will arrive.",
228,9,"_____ länger du wartest, desto schwieriger wird es, eine Entscheidung zu treffen.",Je,"Je länger du wartest, desto schwieriger wird es, eine Entscheidung zu treffen.","The longer you wait, the harder it will be to make a decision.",
229,9,"_____ mehr Geld du sparst, desto mehr kannst du dir später leisten.",Je,"Je mehr Geld du sparst, desto mehr kannst du dir später leisten.","The more money you save, the more you can afford later.",
230,9,"_____ öfter du übst, desto sicherer wirst du im Sprechen.",Je,"Je öfter du übst, desto sicherer wirst du im Sprechen.","The more often you practice, the more confident you will become in speaking.",
231,9,"Je kälter es draußen ist, _____ mehr ziehe ich warme Kleidung an.",desto,"Je kälter es draußen ist, desto mehr ziehe ich warme Kleidung an.","The colder it is outside, the more warm clothing I wear.",
232,9,"Je gesünder du isst, _____ besser fühlst du dich.",desto,"Je gesünder du isst, desto besser fühlst du dich.","The healthier you eat, the better you feel.",
233,9,"Je mehr Erfahrung du hast, _____ einfacher wird der Job.",desto,"Je mehr Erfahrung du hast, desto einfacher wird der Job.","The more experience you have, the easier the job will be.",
234,9,"Je lauter die Musik ist, _____ schlechter kann ich mich konzentrieren.",desto,"Je lauter die Musik ist, desto schlechter kann ich mich konzentrieren.","The louder the music is, the harder it is for me to concentrate.",
235,9,"Je länger wir arbeiten, _____ müder werden wir.",desto,"Je länger wir arbeiten, desto müder werden wir.","The longer we work, the more tired we become.",
236,9,Er spricht _____ Deutsch als auch Englisch fließend.,sowohl,Er spricht sowohl Deutsch als auch Englisch fließend.,He speaks both German and English fluently.,
237,9,_____ das Design als auch die Funktionalität des neuen Smartphones sind beeindruckend.,Sowohl,Sowohl das Design als auch die Funktionalität des neuen Smartphones sind beeindruckend.,Both the design and the functionality of the new smartphone are impressive.,
238,9,Sie interessiert sich _____ für Kunst als auch für Wissenschaft.,sowohl,Sie interessiert sich sowohl für Kunst als auch für Wissenschaft.,She is interested in both art and science.,
239,9,Die Firma legt Wert auf _____ nachhaltige als auch effiziente Produktionsmethoden.,sowohl,Die Firma legt Wert auf sowohl nachhaltige als auch effiziente Produktionsmethoden.,The company values both sustainable and efficient production methods.,
240,9,Dieses Hotel bietet _____ einen Pool als auch ein Fitnessstudio für seine Gäste.,sowohl,Dieses Hotel bietet sowohl einen Pool als auch ein Fitnessstudio für seine Gäste.,This hotel offers both a pool and a gym for its guests.,
241,9,Die Konferenz behandelt sowohl aktuelle _____ zukünftige wirtschaftliche Herausforderungen.,als auch,Die Konferenz behandelt sowohl aktuelle als auch zukünftige wirtschaftliche Herausforderungen.,The conference addresses both current and future economic challenges.,
242,9,Er ist sowohl ein talentierter Musiker _____ ein erfolgreicher Unternehmer.,als auch,Er ist sowohl ein talentierter Musiker als auch ein erfolgreicher Unternehmer.,He is both a talented musician and a successful entrepreneur.,
243,9,Das neue Gesetz betrifft sowohl Arbeitnehmer _____ Arbeitgeber gleichermaßen.,als auch,Das neue Gesetz betrifft sowohl Arbeitnehmer als auch Arbeitgeber gleichermaßen.,The new law affects both employees and employers equally.,
244,9,Das Wetter war sowohl sonnig _____ angenehm warm während unseres Urlaubs.,als auch,Das Wetter war sowohl sonnig als auch angenehm warm während unseres Urlaubs.,The weather was both sunny and pleasantly warm during our vacation.,
245,9,Sie hat sowohl theoretische _____ praktische Erfahrungen in diesem Bereich gesammelt.,als auch,Sie hat sowohl theoretische als auch praktische Erfahrungen in diesem Bereich gesammelt.,She has gained both theoretical and practical experience in this field.,
246,9,"Er spricht _____ Deutsch, sondern auch Spanisch fließend.",nicht nur,"Er spricht nicht nur Deutsch, sondern auch Spanisch fließend.",He speaks not only German but also Spanish fluently.,
247,9,"Das neue Auto ist _____ schnell, sondern auch umweltfreundlich.",nicht nur,"Das neue Auto ist nicht nur schnell, sondern auch umweltfreundlich.",The new car is not only fast but also environmentally friendly.,
248,9,"Sie ist _____ eine talentierte Musikerin, sondern auch eine erfolgreiche Schriftstellerin.",nicht nur,"Sie ist nicht nur eine talentierte Musikerin, sondern auch eine erfolgreiche Schriftstellerin.",She is not only a talented musician but also a successful writer.,
249,9,"Diese Stadt ist _____ historisch interessant, sondern auch kulturell vielfältig.",nicht nur,"Diese Stadt ist nicht nur historisch interessant, sondern auch kulturell vielfältig.",This city is not only historically interesting but also culturally diverse.,
250,9,"Die Firma investiert _____ in Technologie, sondern auch in nachhaltige Entwicklung.",nicht nur,"Die Firma investiert nicht nur in Technologie, sondern auch in nachhaltige Entwicklung.",The company invests not only in technology but also in sustainable development.,
251,9,"Er hat nicht nur die Prüfung bestanden, _____ die beste Note erhalten.",sondern auch,"Er hat nicht nur die Prüfung bestanden, sondern auch die beste Note erhalten.",He not only passed the exam but also got the best grade.,
252,9,"Das neue Restaurant bietet nicht nur leckeres Essen, _____ einen exzellenten Service.",sondern auch,"Das neue Restaurant bietet nicht nur leckeres Essen, sondern auch einen exzellenten Service.",The new restaurant offers not only delicious food but also excellent service.,
253,9,"Nicht nur das Wetter war perfekt, _____ die Atmosphäre am Strand war großartig.",sondern auch,"Nicht nur das Wetter war perfekt, sondern auch die Atmosphäre am Strand war großartig.","Not only was the weather perfect, but the atmosphere at the beach was also great.",
254,9,"Sie arbeitet nicht nur hart in ihrem Job, _____ zu Hause",sondern auch,"Sie arbeitet nicht nur hart in ihrem Job, sondern auch zu Hause","She does not only work hard at her job, but also at home",
255,9,"Das Training verbessert nicht nur die körperliche Fitness, _____ die mentale Stärke.",sondern auch,"Das Training verbessert nicht nur die körperliche Fitness, sondern auch die mentale Stärke.",The training improves not only physical fitness but also mental strength.,
256,10,for this purpose,zu diesem Zweck,,,Adverb
257,10,in this way,auf diese Weise,,,Adverb
258,10,instead,stattdessen,,,Adverb
259,10,even if,auch wenn,,,Subjunktion
260,10,"everytime, whenever",immer wenn,,,Subjunktion
261,10,"meanwhile, in the meantime, by now",währenddessen,,,Adverb
262,10,whereas,wohingegen,,,Subjunktion
263,10,"consequently, as a result, thereupon",folglich,,,Adverb
264,10,"as long as, so long as",solange,,,Subjunktion
265,10,"as soon as, whenever",sobald,,,Subjunktion
266,10,"by, due to the fact that",dadurch dass,,,Zwei Begriffe
267,11,Wir brauchen mehr Informationen; _____ werden wir eine Umfrage durchführen.,zu diesem Zweck,Wir brauchen mehr Informationen; zu diesem Zweck werden wir eine Umfrage durchführen.,"We need more information; for this purpose, we will conduct a survey.",
268,11,"Die Firma hat ein neues Team eingestellt, _____ wurde ein spezielles Budget bereitgestellt.",zu diesem Zweck,"Die Firma hat ein neues Team eingestellt, zu diesem Zweck wurde ein spezielles Budget bereitgestellt.","The company hired a new team; for this purpose, a special budget was allocated.",
269,11,"_____ haben wir eine Präsentation vorbereitet, um alle Fragen zu klären.",Zu diesem Zweck,"Zu diesem Zweck haben wir eine Präsentation vorbereitet, um alle Fragen zu klären.","For this purpose, we prepared a presentation to address all questions.",
270,11,"Er hat extra einen Kurs besucht, _____ hat er seine Abende frei gehalten.",zu diesem Zweck,"Er hat extra einen Kurs besucht, zu diesem Zweck hat er seine Abende frei gehalten.",He attended a course specifically for this purpose and kept his evenings free.,
271,11,"_____ wurde ein ausführlicher Bericht erstellt, der alle Details enthält.",Zu diesem Zweck,"Zu diesem Zweck wurde ein ausführlicher Bericht erstellt, der alle Details enthält.","For this purpose, a detailed report was created that contains all the details.",
272,11,Wir haben die Daten analysiert und _____ die Fehler gefunden.,auf diese Weise,Wir haben die Daten analysiert und auf diese Weise die Fehler gefunden.,We analyzed the data and found the errors in this way.,
273,11,"_____ können wir sicherstellen, dass das Projekt erfolgreich abgeschlossen wird.",Auf diese Weise,"Auf diese Weise können wir sicherstellen, dass das Projekt erfolgreich abgeschlossen wird.","In this way, we can ensure that the project is successfully completed.",
274,11,Er hat viel geübt und _____ seine Fähigkeiten verbessert.,auf diese Weise,Er hat viel geübt und auf diese Weise seine Fähigkeiten verbessert.,He practiced a lot and improved his skills in this way.,
275,11,Die Probleme wurden diskutiert und _____ gelöst.,auf diese Weise,Die Probleme wurden diskutiert und auf diese Weise gelöst.,The problems were discussed and solved in this way.,
276,11,"_____ lernen die Schüler, selbstständig zu arbeiten.",Auf diese Weise,"Auf diese Weise lernen die Schüler, selbstständig zu arbeiten.","In this way, the students learn to work independently.",
277,11,"Ich gehe joggen, _____ es regnet.",auch wenn,"Ich gehe joggen, auch wenn es regnet.",I go jogging even if it rains.,
278,11,"Er kommt zur Besprechung, _____ er keine Lust hat.",auch wenn,"Er kommt zur Besprechung, auch wenn er keine Lust hat.",He comes to the meeting even if he doesn’t feel like it.,
279,11,"Sie fährt mit dem Fahrrad, _____ der Weg lang ist.",auch wenn,"Sie fährt mit dem Fahrrad, auch wenn der Weg lang ist.",She rides her bike even if the way is long.,
280,11,"Wir machen Urlaub, _____ das Wetter schlecht ist.",auch wenn,"Wir machen Urlaub, auch wenn das Wetter schlecht ist.",We go on vacation even if the weather is bad.,
281,11,"Ich esse das Gericht, _____ ich es nicht mag.",auch wenn,"Ich esse das Gericht, auch wenn ich es nicht mag.",I eat the dish even if I don’t like it.,
282,11,"Ich wollte ins Kino gehen, _____ habe ich zu Hause einen Film geschaut.",stattdessen,"Ich wollte ins Kino gehen, stattdessen habe ich zu Hause einen Film geschaut.","I wanted to go to the cinema; instead, I watched a movie at home.",
283,11,"Er hat das teure Auto nicht gekauft, _____ hat er sich für ein günstigeres Modell entschieden.",stattdessen,"Er hat das teure Auto nicht gekauft, stattdessen hat er sich für ein günstigeres Modell entschieden.","He didn’t buy the expensive car; instead, he chose a cheaper model.",
284,11,"Sie wollte kochen, _____ hat sie Essen bestellt.",stattdessen,"Sie wollte kochen, stattdessen hat sie Essen bestellt.","She wanted to cook; instead, she ordered food.",
285,11,"Wir wollten spazieren gehen, aber es hat geregnet; _____ haben wir ein Café besucht.",stattdessen,"Wir wollten spazieren gehen, aber es hat geregnet; stattdessen haben wir ein Café besucht.","We wanted to go for a walk, but it rained; instead, we visited a café.",
286,11,"Er hatte keine Lust zu lernen, _____ hat er Videospiele gespielt.",stattdessen,"Er hatte keine Lust zu lernen, stattdessen hat er Videospiele gespielt.","He didn’t feel like studying; instead, he played video games.",
287,11,"Er hat nicht für die Prüfung gelernt, _____ hat er sie nicht bestanden.",folglich,"Er hat nicht für die Prüfung gelernt, folglich hat er sie nicht bestanden.","He didn’t study for the exam; consequently, he didn’t pass it.",
288,11,"Es gab einen Unfall auf der Autobahn, _____ hatten wir eine lange Verspätung.",folglich,"Es gab einen Unfall auf der Autobahn, folglich hatten wir eine lange Verspätung.","There was an accident on the highway; consequently, we had a long delay.",
289,11,"Sie hat jahrelang in Frankreich gelebt, _____ spricht sie fließend Französisch.",folglich,"Sie hat jahrelang in Frankreich gelebt, folglich spricht sie fließend Französisch.","She has lived in France for years; consequently, she speaks fluent French.",
290,11,"Er war krank, _____ konnte er nicht zur Arbeit gehen.",folglich,"Er war krank, folglich konnte er nicht zur Arbeit gehen.","He was sick; therefore, he couldn’t go to work.",
291,11,"Das Produkt war fehlerhaft, _____ mussten wir es zurücksenden.",folglich,"Das Produkt war fehlerhaft, folglich mussten wir es zurücksenden.","The product was defective; consequently, we had to return it.",
292,11,"_____ ich dieses Lied höre, denke ich an meine Kindheit.",Immer wenn,"Immer wenn ich dieses Lied höre, denke ich an meine Kindheit.","Whenever I hear this song, I think of my childhood.",
293,11,"Er ist glücklich, _____ er seine Freunde trifft.",immer wenn,"Er ist glücklich, immer wenn er seine Freunde trifft.",He is happy whenever he meets his friends.,
294,11,"_____ es regnet, nehme ich meinen Regenschirm mit.",Immer wenn,"Immer wenn es regnet, nehme ich meinen Regenschirm mit.","Whenever it rains, I take my umbrella with me.",
295,11,"Wir gehen spazieren, _____ das Wetter schön ist.",immer wenn,"Wir gehen spazieren, immer wenn das Wetter schön ist.",We go for a walk whenever the weather is nice.,
296,11,"_____ sie nervös ist, spricht sie besonders schnell.",Immer wenn,"Immer wenn sie nervös ist, spricht sie besonders schnell.","Whenever she is nervous, she speaks particularly fast.",
297,11,"_____ ich zu Hause bin, rufe ich dich an.",Sobald,"Sobald ich zu Hause bin, rufe ich dich an.","As soon as I get home, I will call you.",
298,11,"Er wird mit dem Projekt beginnen, _____ er alle Informationen hat.",sobald,"Er wird mit dem Projekt beginnen, sobald er alle Informationen hat.",He will start the project as soon as he has all the information.,
299,11,"_____ das Wetter besser wird, machen wir einen Ausflug.",Sobald,"Sobald das Wetter besser wird, machen wir einen Ausflug.","As soon as the weather gets better, we will go on a trip.",
300,11,"Ich werde dich besuchen, _____ ich Zeit habe.",sobald,"Ich werde dich besuchen, sobald ich Zeit habe.",I will visit you as soon as I have time.,
301,11,"_____ sie die E-Mail gelesen hat, wird sie antworten.",Sobald,"Sobald sie die E-Mail gelesen hat, wird sie antworten.","As soon as she has read the email, she will reply.",
302,11,"Er liebt Abenteuerreisen, _____ seine Frau lieber am Strand entspannt.",wohingegen,"Er liebt Abenteuerreisen, wohingegen seine Frau lieber am Strand entspannt.","He loves adventure travel, whereas his wife prefers relaxing on the beach.",
303,11,"Das eine Hotel war sehr teuer, _____ das andere viel günstiger war.",wohingegen,"Das eine Hotel war sehr teuer, wohingegen das andere viel günstiger war.","One hotel was very expensive, whereas the other one was much cheaper.",
304,11,"Ich mag moderne Kunst, _____ mein Bruder klassische Malerei bevorzugt.",wohingegen,"Ich mag moderne Kunst, wohingegen mein Bruder klassische Malerei bevorzugt.","I like modern art, whereas my brother prefers classical painting.",
305,11,"Sie arbeitet gerne im Team, _____ er lieber alleine arbeitet.",wohingegen,"Sie arbeitet gerne im Team, wohingegen er lieber alleine arbeitet.","She enjoys working in a team, whereas he prefers to work alone.",
306,11,"Ich bin gerne aktiv im Urlaub, _____ meine Freunde nur entspannen wollen.",wohingegen,"Ich bin gerne aktiv im Urlaub, wohingegen meine Freunde nur entspannen wollen.","I like to be active on vacation, whereas my friends just want to relax.",
307,11,"Du kannst hier bleiben, _____ du möchtest.",solange,"Du kannst hier bleiben, solange du möchtest.",You can stay here as long as you want.,
308,11,"_____ das Wetter schön ist, gehen wir jeden Tag spazieren.",Solange,"Solange das Wetter schön ist, gehen wir jeden Tag spazieren.","As long as the weather is nice, we go for a walk every day.",
309,11,"Er wird helfen, _____ er Zeit hat.",solange,"Er wird helfen, solange er Zeit hat.",He will help as long as he has time.,
310,11,"_____ du fleißig lernst, wirst du die Prüfung bestehen.",Solange,"Solange du fleißig lernst, wirst du die Prüfung bestehen.","As long as you study diligently, you will pass the exam.",
311,11,"Wir bleiben draußen, _____ es nicht regnet.",solange,"Wir bleiben draußen, solange es nicht regnet.",We will stay outside as long as it doesn’t rain.,
312,11,"Ich habe das Abendessen vorbereitet, _____ hat er den Tisch gedeckt.",währenddessen,"Ich habe das Abendessen vorbereitet, währenddessen hat er den Tisch gedeckt.","I prepared dinner; meanwhile, he set the table.",
313,11,"Sie war im Meeting, _____ habe ich die Präsentation fertiggestellt.",währenddessen,"Sie war im Meeting, währenddessen habe ich die Präsentation fertiggestellt.","She was in the meeting; meanwhile, I finished the presentation.",
314,11,"Das Auto wurde repariert, _____ haben wir einen Kaffee getrunken.",währenddessen,"Das Auto wurde repariert, währenddessen haben wir einen Kaffee getrunken.","The car was being repaired; in the meantime, we had a coffee.",
315,11,"Der Lehrer hat die Hausaufgaben erklärt, _____ haben die Schüler Notizen gemacht.",währenddessen,"Der Lehrer hat die Hausaufgaben erklärt, währenddessen haben die Schüler Notizen gemacht.","The teacher explained the homework; meanwhile, the students took notes.",
316,11,"Die Bauarbeiten gingen weiter, _____ blieben die Geschäfte geöffnet.",währenddessen,"Die Bauarbeiten gingen weiter, währenddessen blieben die Geschäfte geöffnet.","The construction work continued; meanwhile, the shops remained open.",
317,11,"Er hat seine Sprachkenntnisse _____ verbessert, dass er jeden Tag Deutsch gesprochen hat.",dadurch,"Er hat seine Sprachkenntnisse dadurch verbessert, dass er jeden Tag Deutsch gesprochen hat.",He improved his language skills by speaking German every day.,
318,11,"Das Unternehmen konnte Kosten _____ senken, dass es auf erneuerbare Energien umgestellt hat.",dadurch,"Das Unternehmen konnte Kosten dadurch senken, dass es auf erneuerbare Energien umgestellt hat.",The company was able to reduce costs by switching to renewable energy.,
319,11,"Die Umwelt wurde _____ geschont, dass weniger Plastik verwendet wurde.",dadurch,"Die Umwelt wurde dadurch geschont, dass weniger Plastik verwendet wurde.",The environment was preserved by using less plastic.,
320,11,"Sie hat die Prüfung _____ bestanden, dass sie intensiv gelernt hat.",dadurch,"Sie hat die Prüfung dadurch bestanden, dass sie intensiv gelernt hat.",She passed the exam by studying intensively.,
321,11,"Wir haben Zeit _____ gespart, dass wir online eingekauft haben.",dadurch,"Wir haben Zeit dadurch gespart, dass wir online eingekauft haben.",We saved time by shopping online.,
322,12,ehe,bevor,,before,
323,12,allerdings,dagegen,,"however, on the other hand",
324,12,demgegenüber,dagegen,,"however, on the other hand",
325,12,jedoch,dagegen,,"however, on the other hand",
326,12,daher,deshalb,,"therefore, for this reason, because of that",
327,12,demnach,folglich,,"consequently, as a result, thereupon",
328,12,demzufolge,folglich,,"consequently, as a result, thereupon",
329,12,infolgedessen,folglich,,"consequently, as a result, thereupon",
330,12,sooft,immer wenn,,"everytime, whenever",
331,12,andernfalls,sonst,,"otherwise, else",
332,12,wogegen,wohingegen,,whereas,
333,12,dafür,dazu,,for this purpose,
334,12,zu diesem Zweck,dazu,,for this purpose,
335,13,"especially since, particularly because",zumal,,,Subjunktion
336,13,"that is, that means, that is to say",das heißt,,,Zwei Begriffe & Konjunktion
337,13,as far as,soweit,,,Subjunktion
338,13,"provided, provided that",sofern,,,Subjunktion
339,13,"insofar, in that respect, to that extent",insofern,,,Subjunktion
340,13,as if,als ob,,,Subjunktion
341,13,depending on,je nachdem,,,Subjunktion
342,14,"Ich werde das Angebot annehmen, _____ es sehr vorteilhaft ist.",zumal,"Ich werde das Angebot annehmen, zumal es sehr vorteilhaft ist.","I will accept the offer, especially since it is very advantageous.",
343,14,"Wir bleiben heute zu Hause, _____ das Wetter schlecht ist.",zumal,"Wir bleiben heute zu Hause, zumal das Wetter schlecht ist.","We are staying home today, particularly because the weather is bad.",
344,14,"Er hat sich für das Studium entschieden, _____ er großes Interesse an der Thematik hat.",zumal,"Er hat sich für das Studium entschieden, zumal er großes Interesse an der Thematik hat.","He decided to study this subject, especially since he has a great interest in it.",
345,14,"Ich esse weniger Süßigkeiten, _____ sie nicht gesund sind.",zumal,"Ich esse weniger Süßigkeiten, zumal sie nicht gesund sind.","I eat fewer sweets, particularly because they are not healthy.",
346,14,"Wir sollten mit dem Fahrrad fahren, _____ es umweltfreundlicher ist.",zumal,"Wir sollten mit dem Fahrrad fahren, zumal es umweltfreundlicher ist.","We should go by bike, especially since it is more environmentally friendly.",
347,14,"Das Unternehmen strebt eine Diversifizierung seiner Investitionen an, _____, es investiert nicht nur in Immobilien, sondern auch in Technologie-Start-ups.",das heißt,"Das Unternehmen strebt eine Diversifizierung seiner Investitionen an, das heißt, es investiert nicht nur in Immobilien, sondern auch in Technologie-Start-ups.","The company is aiming to diversify its investments, that is, it is investing not only in real estate but also in tech start-ups.",
348,14,"Die neue Gesetzgebung wird bald in Kraft treten, _____, Unternehmen müssen sich an die neuen Regelungen anpassen, um Strafen zu vermeiden.",das heißt,"Die neue Gesetzgebung wird bald in Kraft treten, das heißt, Unternehmen müssen sich an die neuen Regelungen anpassen, um Strafen zu vermeiden.","The new legislation will soon come into effect, that is, companies must adapt to the new regulations to avoid penalties.",
349,14,"Er hat sich für ein duales Studium entschieden, _____, er wird gleichzeitig studieren und praktische Erfahrungen im Betrieb sammeln.",das heißt,"Er hat sich für ein duales Studium entschieden, das heißt, er wird gleichzeitig studieren und praktische Erfahrungen im Betrieb sammeln.","He has chosen a dual study program, that is, he will study and gain practical experience in the company simultaneously.",
350,14,"Das Budget wurde aufgestockt, _____, es stehen nun zusätzliche Mittel für innovative Projekte zur Verfügung.",das heißt,"Das Budget wurde aufgestockt, das heißt, es stehen nun zusätzliche Mittel für innovative Projekte zur Verfügung.","The budget has been increased, that is, additional funds are now available for innovative projects.",
351,14,"Das Konzept basiert auf einem hybriden Lernmodell, _____, die Studierenden lernen sowohl online als auch in Präsenzveranstaltungen.",das heißt,"Das Konzept basiert auf einem hybriden Lernmodell, das heißt, die Studierenden lernen sowohl online als auch in Präsenzveranstaltungen.","The concept is based on a hybrid learning model, that is, students learn both online and in face-to-face classes.",
352,14,"_____ du deine Aufgaben rechtzeitig erledigst, sehe ich kein Problem.",Insofern,"Insofern du deine Aufgaben rechtzeitig erledigst, sehe ich kein Problem.","As long as you complete your tasks on time, I see no issue.",
353,14,"_____ die Informationen korrekt sind, müssen wir unsere Strategie überdenken.",Insofern,"Insofern die Informationen korrekt sind, müssen wir unsere Strategie überdenken.","Insofar as the information is correct, we need to rethink our strategy.",
354,14,"_____ er zustimmt, können wir mit dem Projekt fortfahren.",Insofern,"Insofern er zustimmt, können wir mit dem Projekt fortfahren.","Provided that he agrees, we can proceed with the project.",
355,14,"_____ du interessiert bist, kann ich dir weitere Unterlagen zuschicken.",Insofern,"Insofern du interessiert bist, kann ich dir weitere Unterlagen zuschicken.","If you're interested, I can send you more documents.",
356,14,"_____ hat sie recht, als dass die Risiken tatsächlich unterschätzt wurden.",Insofern,"Insofern hat sie recht, als dass die Risiken tatsächlich unterschätzt wurden.",She is right insofar as the risks were indeed underestimated.,
357,14,"_____ ich informiert bin, wird das neue Gesetz erst im kommenden Jahr in Kraft treten.",Soweit,"Soweit ich informiert bin, wird das neue Gesetz erst im kommenden Jahr in Kraft treten.","As far as I am informed, the new law will only come into effect next year.",
358,14,"_____ ich das beurteilen kann, hat das Team hervorragende Arbeit geleistet, obwohl die Bedingungen alles andere als ideal waren.",Soweit,"Soweit ich das beurteilen kann, hat das Team hervorragende Arbeit geleistet, obwohl die Bedingungen alles andere als ideal waren.","As far as I can judge, the team did an excellent job despite the conditions being far from ideal.",
359,14,"_____ es mich betrifft, hätte das Projekt längst abgeschlossen sein müssen.",Soweit,"Soweit es mich betrifft, hätte das Projekt längst abgeschlossen sein müssen.","As far as I’m concerned, the project should have been completed a long time ago.",
360,14,"Die Maßnahmen waren erfolgreich, _____ man das anhand der vorliegenden Daten sagen kann.",soweit,"Die Maßnahmen waren erfolgreich, soweit man das anhand der vorliegenden Daten sagen kann.","The measures were successful, as far as one can say based on the available data.",
361,14,"_____ mir bekannt ist, hat die Firma keine Stellung zu den Vorwürfen genommen.",Soweit,"Soweit mir bekannt ist, hat die Firma keine Stellung zu den Vorwürfen genommen.","As far as I know, the company has not commented on the accusations.",
362,14,"Du kannst an der Konferenz teilnehmen, _____ du dich bis Freitag anmeldest.",sofern,"Du kannst an der Konferenz teilnehmen, sofern du dich bis Freitag anmeldest.","You can attend the conference, provided that you register by Friday.",
363,14,"_____ keine Einwände bestehen, beginnen wir mit der Umsetzung des Plans.",Sofern,"Sofern keine Einwände bestehen, beginnen wir mit der Umsetzung des Plans.","Unless there are objections, we will begin implementing the plan.",
364,14,"Die Garantie gilt nur, _____ das Gerät sachgemäß verwendet wurde.",sofern,"Die Garantie gilt nur, sofern das Gerät sachgemäß verwendet wurde.",The warranty is only valid if the device was used properly.,
365,14,"_____ es die Wetterbedingungen zulassen, wird das Event im Freien stattfinden.",Sofern,"Sofern es die Wetterbedingungen zulassen, wird das Event im Freien stattfinden.","Provided that the weather permits, the event will take place outdoors.",
366,14,"Der Vertrag tritt in Kraft, _____ beide Parteien unterzeichnen.",sofern,"Der Vertrag tritt in Kraft, sofern beide Parteien unterzeichnen.",The contract comes into effect provided that both parties sign.,
367,14,"Er tut so, _____ er alles wüsste, dabei hat er kaum Ahnung.",als ob,"Er tut so, als ob er alles wüsste, dabei hat er kaum Ahnung.","He acts as if he knew everything, but he barely has a clue.",
368,14,"Sie sah mich an, _____ ich etwas Ungeheuerliches gesagt hätte.",als ob,"Sie sah mich an, als ob ich etwas Ungeheuerliches gesagt hätte.",She looked at me as if I had said something outrageous.,
369,14,"Es klingt, _____ du schon eine Entscheidung getroffen hättest.",als ob,"Es klingt, als ob du schon eine Entscheidung getroffen hättest.",It sounds as if you had already made a decision.,
370,14,"Er benimmt sich, _____ ihm der Laden gehören würde.",als ob,"Er benimmt sich, als ob ihm der Laden gehören würde.",He behaves as if he owned the place.,
371,14,"_____ das nicht genug wäre, kam er auch noch eine Stunde zu spät.",Als ob,"Als ob das nicht genug wäre, kam er auch noch eine Stunde zu spät.","As if that weren’t enough, he also showed up an hour late.",
372,14,"_____, wie viel Zeit du hast, könnten wir entweder ins Kino gehen oder einen Spaziergang machen.",Je nachdem,"Je nachdem, wie viel Zeit du hast, könnten wir entweder ins Kino gehen oder einen Spaziergang machen.","Depending on how much time you have, we could either go to the cinema or take a walk.",
373,14,"Die Entscheidung fällt _____, welche Informationen uns bis morgen vorliegen.",je nachdem,"Die Entscheidung fällt je nachdem, welche Informationen uns bis morgen vorliegen.",The decision will be made depending on what information we have by tomorrow.,
374,14,"_____, ob das Meeting heute stattfindet, muss ich meinen Tagesplan komplett umstellen.",Je nachdem,"Je nachdem, ob das Meeting heute stattfindet, muss ich meinen Tagesplan komplett umstellen.","Depending on whether the meeting takes place today, I might have to completely rearrange my schedule.",
375,14,"_____, wie die Verhandlungen verlaufen, könnte das Projekt deutlich früher starten.",Je nachdem,"Je nachdem, wie die Verhandlungen verlaufen, könnte das Projekt deutlich früher starten.","Depending on how the negotiations go, the project could start significantly earlier.",
376,14,"_____, wen du fragst, bekommst du völlig unterschiedliche Antworten auf dieselbe Frage.",Je nachdem,"Je nachdem, wen du fragst, bekommst du völlig unterschiedliche Antworten auf dieselbe Frage.","Depending on who you ask, you'll get completely different answers to the same question.",
377,15,als wenn,als ob,,as if,
378,15,wie wenn,als ob,,as if,
379,15,somit,also,,"so, thus, hence",
380,15,hingegen,dagegen,,"however, on the other hand",
381,15,daraufhin,folglich,,"consequently, as a result, thereupon",
382,15,mithin,folglich,,"consequently, as a result, thereupon",
383,15,insoweit,insofern,,"insofar, in that respect, to that extent",
384,15,wenngleich,obwohl,,"although, even though",
385,15,vorausgesetzt,sofern,,"provided, provided that",
386,15,ansonsten,sonst,,"otherwise, else",
387,15,soviel,soweit,,as far as,
388,15,gleichwohl,trotzdem,,"despite it, nevertheless, yet, nonetheless",
389,15,nichtsdestotrotz,trotzdem,,"despite it, nevertheless, yet, nonetheless",
390,15,indes,wohingegen,,whereas,
391,15,indessen,wohingegen,,whereas,
392,100,rather,vielmehr,,,Adverb
393,100,"Es war kein Missverständnis, _____ eine bewusste Täuschung.",vielmehr,"Es war kein Missverständnis, vielmehr eine bewusste Täuschung.","It wasn’t a misunderstanding, but rather a deliberate deception.",
394,100,"Er hat nicht aufgegeben, _____ hat er sich neue Ziele gesetzt.",vielmehr,"Er hat nicht aufgegeben, vielmehr hat er sich neue Ziele gesetzt.","He didn’t give up, rather, he set new goals for himself.",
395,100,"Die Entscheidung war nicht leichtfertig, _____ gründlich überlegt.",vielmehr,"Die Entscheidung war nicht leichtfertig, vielmehr gründlich überlegt.","The decision wasn’t made lightly, but rather carefully considered.",
396,100,"Es handelt sich nicht um ein technisches Problem, _____ um ein organisatorisches.",vielmehr,"Es handelt sich nicht um ein technisches Problem, vielmehr um ein organisatorisches.","It’s not a technical issue, but rather an organizational one.",
397,100,"Sie war nicht enttäuscht, _____ erleichtert über das Ergebnis.",vielmehr,"Sie war nicht enttäuscht, vielmehr erleichtert über das Ergebnis.","She wasn’t disappointed, but rather relieved by the outcome.",