Nr,level,german,english,answer,question,type
1,1,und,and,,,Konjuktion
2,1,aber,but,,,Konjuktion
3,1,oder,or,,,Konjuktion
4,1,denn,"because, for",,,Konjuktion
5,2,Ich gehe einkaufen und mein Bruder kocht das Abendessen.,"I go shopping, and my brother cooks dinner.",und,Ich gehe einkaufen _____ mein Bruder kocht das Abendessen.,
6,2,Wir lernen Deutsch und wir hören deutsche Musik.,"We learn German, and we listen to German music.",und,Wir lernen Deutsch _____ wir hören deutsche Musik.,
7,2,Sie liest ein Buch und ihr Freund schaut einen Film.,"She reads a book, and her boyfriend watches a movie.",und,Sie liest ein Buch _____ ihr Freund schaut einen Film.,
8,2,Er putzt das Haus und seine Schwester macht die Wäsche.,"He cleans the house, and his sister does the laundry.",und,Er putzt das Haus _____ seine Schwester macht die Wäsche.,
9,2,Wir essen zusammen und dann spielen wir Karten.,"We eat together, and then we play cards.",und,Wir essen zusammen _____ dann spielen wir Karten.,
10,2,"Ich möchte ins Kino gehen, aber ich habe keine Zeit.","I want to go to the cinema, but I have no time.",aber,"Ich möchte ins Kino gehen, _____ ich habe keine Zeit.",
11,2,"Er lernt viel, aber er versteht die Grammatik nicht.","He studies a lot, but he doesn’t understand the grammar.",aber,"Er lernt viel, _____ er versteht die Grammatik nicht.",
12,2,"Sie mag Sport, aber sie geht selten ins Fitnessstudio.","She likes sports, but she rarely goes to the gym.",aber,"Sie mag Sport, _____ sie geht selten ins Fitnessstudio.",
13,2,"Wir wollten spazieren gehen, aber es hat geregnet.","We wanted to go for a walk, but it rained.",aber,"Wir wollten spazieren gehen, _____ es hat geregnet.",
14,2,"Ich esse gern Pizza, aber ich koche nicht oft.","I like eating pizza, but I don’t cook often.",aber,"Ich esse gern Pizza, _____ ich koche nicht oft.",
15,2,"Ich gehe ins Bett, denn ich bin müde.",I am going to bed because I am tired.,denn,"Ich gehe ins Bett, _____ ich bin müde.",
16,2,"Er bleibt zu Hause, denn er fühlt sich nicht gut.",He stays at home because he doesn’t feel well.,denn,"Er bleibt zu Hause, _____ er fühlt sich nicht gut.",
17,2,"Sie kauft das Buch, denn sie möchte es lesen.",She buys the book because she wants to read it.,denn,"Sie kauft das Buch, _____ sie möchte es lesen.",
18,2,"Wir nehmen den Bus, denn unser Auto ist kaputt.",We take the bus because our car is broken.,denn,"Wir nehmen den Bus, _____ unser Auto ist kaputt.",
19,2,"Ich esse jetzt, denn ich habe Hunger.",I am eating now because I am hungry.,denn,"Ich esse jetzt, _____ ich habe Hunger.",
20,2,"Möchtest du Tee trinken, oder soll ich Kaffee machen?","Do you want to drink tea, or should I make coffee?",oder,"Möchtest du Tee trinken, _____ soll ich Kaffee machen?",
21,2,"Wir können ins Kino gehen, oder wir bleiben zu Hause.","We can go to the cinema, or we stay at home.",oder,"Wir können ins Kino gehen, _____ wir bleiben zu Hause.",
22,2,"Er fährt mit dem Fahrrad, oder er nimmt den Bus.","He rides his bike, or he takes the bus.",oder,"Er fährt mit dem Fahrrad, _____ er nimmt den Bus.",
23,2,"Liest du ein Buch, oder schaust du einen Film?","Are you reading a book, or are you watching a movie?",oder,"Liest du ein Buch, _____ schaust du einen Film?",
24,2,"Ich koche Pasta, oder du bestellst Pizza.","I will cook pasta, or you order pizza.",oder,"Ich koche Pasta, _____ du bestellst Pizza.",
25,3,weil,"because, since",,,Subjunktion
26,3,dann,then,,,Adverb
27,3,also,"so, thus, hence",,,Adverb
28,3,deshalb,"therefore, for this reason, because of that",,,Adverb
29,3,dass,that,,,Subjunktion
30,3,obwohl,"although, even though",,,Subjunktion
31,3,wenn,"if, when",,,Subjunktion
32,3,als,"than, when, as",,,Subjunktion
33,3,wie,like,,,Subjunktion
34,4,"Ich bleibe zu Hause, weil es stark regnet.",I stay at home because it is raining heavily.,weil,"Ich bleibe zu Hause, _____ es stark regnet.",
35,4,"Er kann nicht kommen, weil er arbeiten muss.",He can't come because he has to work.,weil,"Er kann nicht kommen, _____ er arbeiten muss.",
36,4,"Sie lernt viel, weil sie die Prüfung bestehen will.",She studies a lot because she wants to pass the exam.,weil,"Sie lernt viel, _____ sie die Prüfung bestehen will.",
37,4,"Wir gehen früh ins Bett, weil wir morgen früh aufstehen müssen.",We go to bed early because we have to get up early tomorrow.,weil,"Wir gehen früh ins Bett, _____ wir morgen früh aufstehen müssen.",
38,4,"Ich trinke Kaffee, weil ich müde bin.",I drink coffee because I am tired.,weil,"Ich trinke Kaffee, _____ ich müde bin.",
39,4,"Es regnet, also bleibe ich zu Hause.","It’s raining, so I’m staying at home.",also,"Es regnet, _____ bleibe ich zu Hause.",
40,4,"Ich habe Hunger, also esse ich jetzt.","I’m hungry, so I’m eating now.",also,"Ich habe Hunger, _____ esse ich jetzt.",
41,4,Du hast das Buch vergessen? Also müssen wir zurückgehen.,You forgot the book? So we have to go back.,Also,Du hast das Buch vergessen? _____ müssen wir zurückgehen.,
42,4,"Er hat viel gelernt, also besteht er die Prüfung.","He studied a lot, so he passes the exam.",also,"Er hat viel gelernt, _____ besteht er die Prüfung.",
43,4,"Das Auto ist kaputt, also nehmen wir den Bus.","The car is broken, so we take the bus.",also,"Das Auto ist kaputt, _____ nehmen wir den Bus.",
44,4,"Ich hoffe, dass du mich bald besuchst.",I hope that you visit me soon.,dass,"Ich hoffe, _____ du mich bald besuchst.",
45,4,"Er sagt, dass er heute keine Zeit hat.",He says that he has no time today.,dass,"Er sagt, _____ er heute keine Zeit hat.",
46,4,"Wir wissen, dass Deutsch eine schwierige Sprache ist.",We know that German is a difficult language.,dass,"Wir wissen, _____ Deutsch eine schwierige Sprache ist.",
47,4,"Sie glaubt, dass er ihr helfen kann.",She believes that he can help her.,dass,"Sie glaubt, _____ er ihr helfen kann.",
48,4,"Ich finde, dass das Essen sehr lecker schmeckt.",I think that the food tastes very delicious.,dass,"Ich finde, _____ das Essen sehr lecker schmeckt.",
49,4,"Es regnet stark, deshalb nehme ich meinen Regenschirm.","It is raining heavily, therefore I take my umbrella.",deshalb,"Es regnet stark, _____ nehme ich meinen Regenschirm.",
50,4,"Ich habe meine Hausaufgaben vergessen, deshalb muss ich sie jetzt machen.","I forgot my homework, therefore I have to do it now.",deshalb,"Ich habe meine Hausaufgaben vergessen, _____ muss ich sie jetzt machen.",
51,4,"Er hat schlecht geschlafen, deshalb ist er heute müde.","He slept badly, therefore he is tired today.",deshalb,"Er hat schlecht geschlafen, _____ ist er heute müde.",
52,4,"Wir haben Hunger, deshalb kochen wir etwas zu essen.","We are hungry, therefore we cook something to eat.",deshalb,"Wir haben Hunger, _____ kochen wir etwas zu essen.",
53,4,"Sie hat ihren Bus verpasst, deshalb kommt sie zu spät.","She missed her bus, therefore she is late.",deshalb,"Sie hat ihren Bus verpasst, _____ kommt sie zu spät.",
54,4,"Wenn es regnet, nehme ich meinen Regenschirm.","When it rains, I take my umbrella.",Wenn,"_____ es regnet, nehme ich meinen Regenschirm.",
55,4,"Ich gehe joggen, wenn ich Zeit habe.",I go jogging when I have time.,wenn,"Ich gehe joggen, _____ ich Zeit habe.",
56,4,"Wenn er müde ist, trinkt er Kaffee.","When he is tired, he drinks coffee.",Wenn,"_____ er müde ist, trinkt er Kaffee.",
57,4,"Wir machen ein Picknick, wenn das Wetter schön ist.",We have a picnic when the weather is nice.,wenn,"Wir machen ein Picknick, _____ das Wetter schön ist.",
58,4,"Wenn sie Geburtstag hat, feiert sie mit ihrer Familie.","When it’s her birthday, she celebrates with her family.",Wenn,"_____ sie Geburtstag hat, feiert sie mit ihrer Familie.",
59,4,"Ich gehe spazieren, obwohl es regnet.",I go for a walk although it is raining.,obwohl,"Ich gehe spazieren, _____ es regnet.",
60,4,"Er arbeitet weiter, obwohl er müde ist.",He continues working although he is tired.,obwohl,"Er arbeitet weiter, _____ er müde ist.",
61,4,"Sie kommt zur Party, obwohl sie viel zu tun hat.",She comes to the party although she has a lot to do.,obwohl,"Sie kommt zur Party, _____ sie viel zu tun hat.",
62,4,"Wir spielen draussen, obwohl es kalt ist.",We play outside although it is cold.,obwohl,"Wir spielen draussen, _____ es kalt ist.",
63,4,"Ich esse das Gericht, obwohl ich es nicht mag.",I eat the dish although I don’t like it.,obwohl,"Ich esse das Gericht, _____ ich es nicht mag.",
64,4,"Ich stehe auf, dann mache ich mir einen Kaffee.","I get up, then I make myself a coffee.",dann,"Ich stehe auf, _____ mache ich mir einen Kaffee.",
65,4,"Er geht zur Arbeit, dann beginnt er mit seinem ersten Meeting.","He goes to work, then he starts his first meeting.",dann,"Er geht zur Arbeit, _____ beginnt er mit seinem ersten Meeting.",
66,4,"Wir kaufen die Zutaten ein, dann kochen wir das Abendessen.","We buy the ingredients, then we cook dinner.",dann,"Wir kaufen die Zutaten ein, _____ kochen wir das Abendessen.",
67,4,"Sie macht ihre Hausaufgaben, dann schaut sie einen Film.","She does her homework, then she watches a movie.",dann,"Sie macht ihre Hausaufgaben, _____ schaut sie einen Film.",
68,4,"Ich dusche, dann ziehe ich mich an.","I take a shower, then I get dressed.",dann,"Ich dusche, _____ ziehe ich mich an.",
69,4,"Der Test war schwieriger, als ich erwartet habe.",The test was more difficult than I expected.,als,"Der Test war schwieriger, _____ ich erwartet habe.",
70,4,"Das Haus ist größer, als wir gedacht haben.",The house is bigger than we thought.,als,"Das Haus ist größer, _____ wir gedacht haben.",
71,4,"Es ist günstiger, als wir geplant haben.",It is cheaper than we planned.,als,"Es ist günstiger, _____ wir geplant haben.",
72,4,"Das Buch ist interessanter, als ich es mir vorgestellt habe.",The book is more interesting than I imagined.,als,"Das Buch ist interessanter, _____ ich es mir vorgestellt habe.",
73,4,"Der Film war besser, als ich gedacht habe.",The movie was better than I thought.,als,"Der Film war besser, _____ ich gedacht habe.",
74,4,"Das Essen schmeckt besser, wie ich es erwartet habe.",The food tastes better than I expected.,wie,"Das Essen schmeckt besser, _____ ich es erwartet habe.",
75,4,"Die Prüfung war einfacher, wie der Lehrer gesagt hat.",The exam was easier than the teacher said.,wie,"Die Prüfung war einfacher, _____ der Lehrer gesagt hat.",
76,4,"Er fährt genauso schnell, wie es im Plan steht.",He drives just as fast as it was planned.,wie,"Er fährt genauso schnell, _____ es im Plan steht.",
77,4,"Ich habe das Problem genauso gelöst, wie du es mir erklärt hast.",I solved the problem exactly as you explained it to me.,wie,"Ich habe das Problem genauso gelöst, _____ du es mir erklärt hast.",
78,4,"Der Film war genauso spannend, wie ich gehofft habe.",The movie was just as exciting as I had hoped.,wie,"Der Film war genauso spannend, _____ ich gehofft habe.",
79,4,"Als ich ein Kind war, hatte ich einen Hund.","When I was a child, I had a dog.",Als,"_____ ich ein Kind war, hatte ich einen Hund.",
80,4,"Er war sehr glücklich, als er die Prüfung bestanden hat.",He was very happy when he passed the exam.,als,"Er war sehr glücklich, _____ er die Prüfung bestanden hat.",
81,4,"Als wir in Berlin waren, haben wir den Fernsehturm besucht.","When we were in Berlin, we visited the TV tower.",Als,"_____ wir in Berlin waren, haben wir den Fernsehturm besucht.",
82,4,"Ich habe ihn das erste Mal getroffen, als ich nach Deutschland gereist bin.",I met him for the first time when I traveled to Germany.,als,"Ich habe ihn das erste Mal getroffen, _____ ich nach Deutschland gereist bin.",
83,4,"Als sie ihr Auto gekauft hat, war sie sehr stolz.","When she bought her car, she was very proud.",Als,"_____ sie ihr Auto gekauft hat, war sie sehr stolz.",
84,5,seitdem,"since, since then",,,Subjunktion
85,5,bis,until,,,Subjunktion
86,5,bevor,before,,,Subjunktion
87,5,nachdem,after,,,Subjunktion
88,5,trotzdem,"despite it, nevertheless, yet, nonetheless",,,Adverb
89,5,damit,so that,,,Subjunktion
90,5,um zu,in order to,,,Subjunktion
91,5,ob,whether,,,Subjunktion
92,5,anstatt zu,instead of,,,Subjunktion
93,5,während,while,,,Subjunktion
94,5,falls,"in case, if",,,Subjunktion
95,5,indem,by,,,Subjunktion
96,5,sonst,"otherwise, else",,,Adverb
97,6,"Ich warte, bis du fertig bist.",I wait until you are finished.,bis,"Ich warte, _____ du fertig bist.",
98,6,"Er bleibt im Büro, bis er seine Arbeit beendet hat.",He stays in the office until he has finished his work.,bis,"Er bleibt im Büro, _____ er seine Arbeit beendet hat.",
99,6,"Wir spielen draussen, bis es dunkel wird.",We play outside until it gets dark.,bis,"Wir spielen draussen, _____ es dunkel wird.",
100,6,"Sie liest ein Buch, bis sie müde wird.",She reads a book until she gets tired.,bis,"Sie liest ein Buch, _____ sie müde wird.",
101,6,"Ich bleibe hier, bis du zurückkommst.",I stay here until you come back.,bis,"Ich bleibe hier, _____ du zurückkommst.",
102,6,"Ich mache mehr Sport, seitdem ich im Fitnessstudio angemeldet bin.",I exercise more since I signed up for the gym.,seitdem,"Ich mache mehr Sport, _____ ich im Fitnessstudio angemeldet bin.",
103,6,"Er fühlt sich besser, seitdem er gesünder isst.",He feels better since he started eating healthier.,seitdem,"Er fühlt sich besser, _____ er gesünder isst.",
104,6,"Wir sind glücklich, seitdem wir in diese Stadt gezogen sind.",We have been happy since we moved to this city.,seitdem,"Wir sind glücklich, _____ wir in diese Stadt gezogen sind.",
105,6,"Sie spricht fliessend Deutsch, seitdem sie in Deutschland lebt.",She speaks fluent German since she has been living in Germany.,seitdem,"Sie spricht fliessend Deutsch, _____ sie in Deutschland lebt.",
106,6,"Ich habe weniger Stress, seitdem ich regelmässig meditiere.",I have less stress since I started meditating regularly.,seitdem,"Ich habe weniger Stress, _____ ich regelmässig meditiere.",
107,6,"Ich wasche mir die Hände, bevor ich esse.",I wash my hands before I eat.,bevor,"Ich wasche mir die Hände, _____ ich esse.",
108,6,"Er macht seine Hausaufgaben, bevor er fern sieht.",He does his homework before he watches TV.,bevor,"Er macht seine Hausaufgaben, _____ er fern sieht.",
109,6,"Wir gehen spazieren, bevor es dunkel wird.",We go for a walk before it gets dark.,bevor,"Wir gehen spazieren, _____ es dunkel wird.",
110,6,"Sie ruft ihre Mutter an, bevor sie ins Bett geht.",She calls her mother before she goes to bed.,bevor,"Sie ruft ihre Mutter an, _____ sie ins Bett geht.",
111,6,"Ich packe meinen Koffer, bevor ich in den Urlaub fahre.",I pack my suitcase before I go on vacation.,bevor,"Ich packe meinen Koffer, _____ ich in den Urlaub fahre.",
112,6,"Ich esse Frühstück, nachdem ich aufgestanden bin.",I eat breakfast after I have gotten up.,nachdem,"Ich esse Frühstück, _____ ich aufgestanden bin.",
113,6,"Er geht ins Kino, nachdem er seine Arbeit beendet hat.",He goes to the cinema after he has finished his work.,nachdem,"Er geht ins Kino, _____ er seine Arbeit beendet hat.",
114,6,"Wir spielen Fussball, nachdem wir die Hausaufgaben gemacht haben.",We play football after we have done our homework.,nachdem,"Wir spielen Fussball, _____ wir die Hausaufgaben gemacht haben.",
115,6,"Sie geht schlafen, nachdem sie ein Buch gelesen hat.",She goes to sleep after she has read a book.,nachdem,"Sie geht schlafen, _____ sie ein Buch gelesen hat.",
116,6,"Ich trinke einen Kaffee, nachdem ich zur Arbeit gekommen bin.",I drink a coffee after I have arrived at work.,nachdem,"Ich trinke einen Kaffee, _____ ich zur Arbeit gekommen bin.",
117,6,"Ich lerne jeden Tag, um Deutsch zu verbessern.",I study every day in order to improve my German.,um,"Ich lerne jeden Tag, _____ Deutsch zu verbessern.",
118,6,"Er spart Geld, um eine Weltreise zu machen.",He saves money in order to travel around the world.,um,"Er spart Geld, _____ eine Weltreise zu machen.",
119,6,"Sie trainiert hart, um beim Marathon zu gewinnen.",She trains hard in order to win the marathon.,um,"Sie trainiert hart, _____ beim Marathon zu gewinnen.",
120,6,"Wir fahren früh los, um den Verkehr zu vermeiden.",We leave early in order to avoid traffic.,um,"Wir fahren früh los, _____ den Verkehr zu vermeiden.",
121,6,"Er liest viele Bücher, um sein Wissen zu erweitern.",He reads many books in order to expand his knowledge.,um,"Er liest viele Bücher, _____ sein Wissen zu erweitern.",
122,6,"Es regnet, trotzdem gehen wir spazieren.","It is raining; nevertheless, we are going for a walk.",trotzdem,"Es regnet, _____ gehen wir spazieren.",
123,6,"Er war müde, trotzdem hat er bis spät in die Nacht gearbeitet.","He was tired; nevertheless, he worked late into the night.",trotzdem,"Er war müde, _____ hat er bis spät in die Nacht gearbeitet.",
124,6,"Sie hatte wenig Zeit, trotzdem hat sie mir geholfen.","She had little time; nevertheless, she helped me.",trotzdem,"Sie hatte wenig Zeit, _____ hat sie mir geholfen.",
125,6,"Das Essen war teuer, trotzdem hat es sich gelohnt.","The food was expensive; nevertheless, it was worth it.",trotzdem,"Das Essen war teuer, _____ hat es sich gelohnt.",
126,6,"Ich war nervös, trotzdem habe ich die Präsentation gut gehalten.","I was nervous; nevertheless, I gave the presentation well.",trotzdem,"Ich war nervös, _____ habe ich die Präsentation gut gehalten.",
127,6,"Anstatt zu arbeiten, spielt er die ganze Zeit Videospiele.","Instead of working, he plays video games all the time.",Anstatt zu,"_____ arbeiten, spielt er die ganze Zeit Videospiele.",
128,6,"Sie hat sich für die Reise entschieden, anstatt zu Hause zu bleiben.",She decided to travel instead of staying at home.,anstatt,"Sie hat sich für die Reise entschieden, _____ zu Hause zu bleiben.",
129,6,"Er ging joggen, anstatt zu lernen.",He went jogging instead of studying.,anstatt zu,"Er ging joggen, _____ lernen.",
130,6,"Wir sind mit dem Zug gefahren, anstatt zu fliegen.",We took the train instead of flying.,anstatt zu,"Wir sind mit dem Zug gefahren, _____ fliegen.",
131,6,"Anstatt zu helfen, hat er nur zugesehen.","Instead of helping, he just watched.",Anstatt zu,"_____ helfen, hat er nur zugesehen.",
132,6,"Beeil dich, sonst verpassen wir den Zug.","Hurry up, otherwise we will miss the train.",sonst,"Beeil dich, _____ verpassen wir den Zug.",
133,6,"Du musst mehr lernen, sonst wirst du die Prüfung nicht bestehen.","You need to study more, otherwise, you will not pass the exam.",sonst,"Du musst mehr lernen, _____ wirst du die Prüfung nicht bestehen.",
134,6,"Ich gehe jetzt einkaufen, sonst haben wir nichts zum Abendessen.","I'm going shopping now, otherwise, we will have nothing for dinner.",sonst,"Ich gehe jetzt einkaufen, _____ haben wir nichts zum Abendessen.",
135,6,"Er sollte sich mehr bewegen, sonst wird seine Gesundheit leiden.","He should exercise more, otherwise, his health will suffer.",sonst,"Er sollte sich mehr bewegen, _____ wird seine Gesundheit leiden.",
136,6,"Speichere deine Arbeit regelmäßig, sonst könntest du alles verlieren.","Save your work regularly, otherwise, you could lose everything.",sonst,"Speichere deine Arbeit regelmäßig, _____ könntest du alles verlieren.",
137,6,"Während ich koche, hört mein Mann Musik.","While I am cooking, my husband is listening to music.",Während,"_____ ich koche, hört mein Mann Musik.",
138,6,"Er arbeitet, während seine Kollegen eine Pause machen.",He is working while his colleagues are taking a break.,während,"Er arbeitet, _____ seine Kollegen eine Pause machen.",
139,6,"Während sie für die Prüfung lernt, schaut ihr Bruder Fernsehen.","While she is studying for the exam, her brother is watching TV.",Während,"_____ sie für die Prüfung lernt, schaut ihr Bruder Fernsehen.",
140,6,"Wir haben im Restaurant gegessen, während draußen ein Sturm tobte.",We ate in the restaurant while a storm was raging outside.,während,"Wir haben im Restaurant gegessen, _____ draußen ein Sturm tobte.",
141,6,"Während ich das Buch lese, macht sie sich Notizen.","While I am reading the book, she is taking notes.",Während,"_____ ich das Buch lese, macht sie sich Notizen.",
142,6,"Ich lerne jeden Tag Deutsch, damit ich mich besser verständigen kann.",I study German every day so that I can communicate better.,damit,"Ich lerne jeden Tag Deutsch, _____ ich mich besser verständigen kann.",
143,6,"Er arbeitet hart, damit er sich eine Reise nach Japan leisten kann.",He works hard so that he can afford a trip to Japan.,damit,"Er arbeitet hart, _____ er sich eine Reise nach Japan leisten kann.",
144,6,"Wir fahren früher los, damit wir nicht im Stau stehen.",We are leaving earlier so that we don’t get stuck in traffic.,damit,"Wir fahren früher los, _____ wir nicht im Stau stehen.",
145,6,"Sie schreibt alles auf, damit sie nichts vergisst.",She writes everything down so that she doesn’t forget anything.,damit,"Sie schreibt alles auf, _____ sie nichts vergisst.",
146,6,"Ich trainiere regelmäßig, damit ich fit bleibe.",I train regularly so that I stay fit.,damit,"Ich trainiere regelmäßig, _____ ich fit bleibe.",
147,6,"Ich weiß nicht, ob er heute zur Party kommt.",I don’t know whether he is coming to the party today.,ob,"Ich weiß nicht, _____ er heute zur Party kommt.",
148,6,"Sie fragt mich, ob ich ihr helfen kann.",She asks me if I can help her.,ob,"Sie fragt mich, _____ ich ihr helfen kann.",
149,6,"Er ist unsicher, ob er den neuen Job annehmen soll.",He is unsure whether he should take the new job.,ob,"Er ist unsicher, _____ er den neuen Job annehmen soll.",
150,6,"Wir überlegen, ob wir dieses Jahr in den Urlaub fahren.",We are considering whether we should go on vacation this year.,ob,"Wir überlegen, _____ wir dieses Jahr in den Urlaub fahren.",
151,6,"Ich weiß nicht, ob das eine gute Idee ist.",I don’t know if that is a good idea.,ob,"Ich weiß nicht, _____ das eine gute Idee ist.",
152,6,"Er verbessert sein Deutsch, indem er jeden Tag deutsche Bücher liest.",He improves his German by reading German books every day.,indem,"Er verbessert sein Deutsch, _____ er jeden Tag deutsche Bücher liest.",
153,6,"Du kannst Energie sparen, indem du das Licht ausschaltest, wenn du den Raum verlässt.",You can save energy by turning off the light when you leave the room.,indem,"Du kannst Energie sparen, _____ du das Licht ausschaltest, wenn du den Raum verlässt.",
154,6,"Sie hält sich fit, indem sie regelmäßig joggt.",She keeps fit by jogging regularly.,indem,"Sie hält sich fit, _____ sie regelmäßig joggt.",
155,6,"Wir können Geld sparen, indem wir weniger auswärts essen.",We can save money by eating out less.,indem,"Wir können Geld sparen, _____ wir weniger auswärts essen.",
156,6,"Er löste das Problem, indem er eine neue Strategie entwickelte.",He solved the problem by developing a new strategy.,indem,"Er löste das Problem, _____ er eine neue Strategie entwickelte.",
157,6,"Falls es regnet, nehmen wir einen Regenschirm mit.","In case it rains, we will take an umbrella.",Falls,"_____ es regnet, nehmen wir einen Regenschirm mit.",
158,6,"Falls du Fragen hast, kannst du mich jederzeit anrufen.","If you have any questions, you can call me anytime.",Falls,"_____ du Fragen hast, kannst du mich jederzeit anrufen.",
159,6,"Er nimmt einen Mantel mit, falls es kalt wird.",He is taking a coat with him in case it gets cold.,falls,"Er nimmt einen Mantel mit, _____ es kalt wird.",
160,6,"Falls du dich verspätet, gib mir bitte Bescheid.","If you are running late, please let me know.",Falls,"_____ du dich verspätet, gib mir bitte Bescheid.",
161,6,"Falls der Zug ausfällt, fahren wir mit dem Auto.","If the train is canceled, we will go by car.",Falls,"_____ der Zug ausfällt, fahren wir mit dem Auto.",
162,7,stattdessen,instead,,,Adverb
163,7,einerseits,on the one hand,,,Adverb
164,7,andererseits,on the other hand,,,Adverb
165,7,auch wenn,even if,,,Subjunktion
166,7,zu diesem Zweck,for this purpose,,,
167,7,sondern,but rather,,,Konjunktion
168,7,auf diese Weise,in this way,,,
169,7,immer wenn,"everytime, whenever",,,Subjunktion
170,7,währenddessen,"meanwhile, in the meantime, by now",,,
171,7,dagegen,"however, on the other hand",,,Adverb
172,7,wohingegen,whereas,,,Subjunktion
173,7,folglich,"consequently, as a result, accordingly",,,Adverb
174,7,solange,"as long as, so long as",,,Subjunktion
175,7,sobald,"as soon as, whenever",,,Subjunktion
176,7,zumal,"especially since, particularly because",,,Subjunktion
177,7,entweder,either,,,Adverb
178,7,weder,neither,,,Adverb
179,7,noch,nor,,,Adverb
180,7,dadurch dass,"by, due to the fact that",,,
181,8,"Einerseits ist der Job sehr anspruchsvoll, andererseits bietet er viele Chancen.","On the one hand, the job is very demanding; on the other hand, it offers many opportunities.",Einerseits,"_____ ist der Job sehr anspruchsvoll, andererseits bietet er viele Chancen.",
182,8,"Einerseits möchte ich ins Ausland ziehen, andererseits vermisse ich meine Familie.","On the one hand, I want to move abroad; on the other hand, I miss my family.",Einerseits,"_____ möchte ich ins Ausland ziehen, andererseits vermisse ich meine Familie.",
183,8,"Einerseits ist das Angebot günstig, andererseits gibt es bessere Alternativen.","On the one hand, the offer is cheap; on the other hand, there are better alternatives.",Einerseits,"_____ ist das Angebot günstig, andererseits gibt es bessere Alternativen.",
184,8,"Einerseits liebe ich meine Arbeit, andererseits ist sie oft sehr stressig.","On the one hand, I love my job; on the other hand, it is often very stressful.",Einerseits,"_____ liebe ich meine Arbeit, andererseits ist sie oft sehr stressig.",
185,8,"Einerseits wäre ein eigenes Haus schön, andererseits sind die Kosten sehr hoch.","On the one hand, owning a house would be nice; on the other hand, the costs are very high.",Einerseits,"_____ wäre ein eigenes Haus schön, andererseits sind die Kosten sehr hoch.",
186,8,"Ich möchte mehr Freizeit haben, andererseits brauche ich das Geld.","I would like to have more free time; on the other hand, I need the money.",andererseits,"Ich möchte mehr Freizeit haben, _____ brauche ich das Geld.",
187,8,"Ein Auto zu besitzen ist praktisch, andererseits sind die Kosten sehr hoch.","Owning a car is practical; on the other hand, the costs are very high.",andererseits,"Ein Auto zu besitzen ist praktisch, _____ sind die Kosten sehr hoch.",
188,8,"Er mag seinen Job, andererseits würde er gerne etwas Neues ausprobieren.","He likes his job; on the other hand, he would like to try something new.",andererseits,"Er mag seinen Job, _____ würde er gerne etwas Neues ausprobieren.",
189,8,"Eine grosse Stadt bietet viele Möglichkeiten, andererseits kann es dort sehr laut sein.","A big city offers many opportunities; on the other hand, it can be very noisy there.",andererseits,"Eine grosse Stadt bietet viele Möglichkeiten, _____ kann es dort sehr laut sein.",
190,8,"Ich würde gerne umziehen, andererseits ist meine Wohnung sehr günstig.","I would like to move; on the other hand, my apartment is very affordable.",andererseits,"Ich würde gerne umziehen, _____ ist meine Wohnung sehr günstig.",
191,8,"Ich werde das Angebot annehmen, zumal es sehr vorteilhaft ist.","I will accept the offer, especially since it is very advantageous.",zumal,"Ich werde das Angebot annehmen, _____ es sehr vorteilhaft ist.",
192,8,"Wir bleiben heute zu Hause, zumal das Wetter schlecht ist.","We are staying home today, particularly because the weather is bad.",zumal,"Wir bleiben heute zu Hause, _____ das Wetter schlecht ist.",
193,8,"Er hat sich für das Studium entschieden, zumal er großes Interesse an der Thematik hat.","He decided to study this subject, especially since he has a great interest in it.",zumal,"Er hat sich für das Studium entschieden, _____ er großes Interesse an der Thematik hat.",
194,8,"Ich esse weniger Süßigkeiten, zumal sie nicht gesund sind.","I eat fewer sweets, particularly because they are not healthy.",zumal,"Ich esse weniger Süßigkeiten, _____ sie nicht gesund sind.",
195,8,"Wir sollten mit dem Fahrrad fahren, zumal es umweltfreundlicher ist.","We should go by bike, especially since it is more environmentally friendly.",zumal,"Wir sollten mit dem Fahrrad fahren, _____ es umweltfreundlicher ist.",
196,8,"Ich gehe joggen, auch wenn es regnet.",I go jogging even if it rains.,auch wenn,"Ich gehe joggen, _____ es regnet.",
197,8,"Er kommt zur Besprechung, auch wenn er keine Lust hat.",He comes to the meeting even though he doesn’t feel like it.,auch wenn,"Er kommt zur Besprechung, _____ er keine Lust hat.",
198,8,"Sie fährt mit dem Fahrrad, auch wenn der Weg lang ist.",She rides her bike even though the way is long.,auch wenn,"Sie fährt mit dem Fahrrad, _____ der Weg lang ist.",
199,8,"Wir machen Urlaub, auch wenn das Wetter schlecht ist.",We go on vacation even if the weather is bad.,auch wenn,"Wir machen Urlaub, _____ das Wetter schlecht ist.",
200,8,"Ich esse das Gericht, auch wenn ich es nicht mag.",I eat the dish even though I don’t like it.,auch wenn,"Ich esse das Gericht, _____ ich es nicht mag.",
201,8,"Ich wollte ins Kino gehen, stattdessen habe ich zu Hause einen Film geschaut.","I wanted to go to the cinema; instead, I watched a movie at home.",stattdessen,"Ich wollte ins Kino gehen, _____ habe ich zu Hause einen Film geschaut.",
202,8,"Er hat das teure Auto nicht gekauft, stattdessen hat er sich für ein günstigeres Modell entschieden.","He didn’t buy the expensive car; instead, he chose a cheaper model.",stattdessen,"Er hat das teure Auto nicht gekauft, _____ hat er sich für ein günstigeres Modell entschieden.",
203,8,"Sie wollte kochen, stattdessen hat sie Essen bestellt.","She wanted to cook; instead, she ordered food.",stattdessen,"Sie wollte kochen, _____ hat sie Essen bestellt.",
204,8,"Wir wollten spazieren gehen, aber es hat geregnet; stattdessen haben wir ein Café besucht.","We wanted to go for a walk, but it rained; instead, we visited a café.",stattdessen,"Wir wollten spazieren gehen, aber es hat geregnet; _____ haben wir ein Café besucht.",
205,8,"Er hatte keine Lust zu lernen, stattdessen hat er Videospiele gespielt.","He didn’t feel like studying; instead, he played video games.",stattdessen,"Er hatte keine Lust zu lernen, _____ hat er Videospiele gespielt.",
206,8,"Er hat nicht für die Prüfung gelernt, folglich hat er sie nicht bestanden.","He didn’t study for the exam; consequently, he didn’t pass it.",folglich,"Er hat nicht für die Prüfung gelernt, _____ hat er sie nicht bestanden.",
207,8,"Es gab einen Unfall auf der Autobahn, folglich hatten wir eine lange Verspätung.","There was an accident on the highway; consequently, we had a long delay.",folglich,"Es gab einen Unfall auf der Autobahn, _____ hatten wir eine lange Verspätung.",
208,8,"Sie hat jahrelang in Frankreich gelebt, folglich spricht sie fließend Französisch.","She has lived in France for years; consequently, she speaks fluent French.",folglich,"Sie hat jahrelang in Frankreich gelebt, _____ spricht sie fließend Französisch.",
209,8,"Er war krank, folglich konnte er nicht zur Arbeit gehen.","He was sick; therefore, he couldn’t go to work.",folglich,"Er war krank, _____ konnte er nicht zur Arbeit gehen.",
210,8,"Das Produkt war fehlerhaft, folglich mussten wir es zurücksenden.","The product was defective; consequently, we had to return it.",folglich,"Das Produkt war fehlerhaft, _____ mussten wir es zurücksenden.",
211,8,"Immer wenn ich dieses Lied höre, denke ich an meine Kindheit.","Whenever I hear this song, I think of my childhood.",Immer wenn,"_____ ich dieses Lied höre, denke ich an meine Kindheit.",
212,8,"Er ist glücklich, immer wenn er seine Freunde trifft.",He is happy whenever he meets his friends.,immer wenn,"Er ist glücklich, _____ er seine Freunde trifft.",
213,8,"Immer wenn es regnet, nehme ich meinen Regenschirm mit.","Whenever it rains, I take my umbrella with me.",Immer wenn,"_____ es regnet, nehme ich meinen Regenschirm mit.",
214,8,"Wir gehen spazieren, immer wenn das Wetter schön ist.",We go for a walk whenever the weather is nice.,immer wenn,"Wir gehen spazieren, _____ das Wetter schön ist.",
215,8,"Immer wenn sie nervös ist, spricht sie besonders schnell.","Whenever she is nervous, she speaks particularly fast.",Immer wenn,"_____ sie nervös ist, spricht sie besonders schnell.",
216,8,"Sobald ich zu Hause bin, rufe ich dich an.","As soon as I get home, I will call you.",Sobald,"_____ ich zu Hause bin, rufe ich dich an.",
217,8,"Er wird mit dem Projekt beginnen, sobald er alle Informationen hat.",He will start the project as soon as he has all the information.,sobald,"Er wird mit dem Projekt beginnen, _____ er alle Informationen hat.",
218,8,"Sobald das Wetter besser wird, machen wir einen Ausflug.","As soon as the weather gets better, we will go on a trip.",Sobald,"_____ das Wetter besser wird, machen wir einen Ausflug.",
219,8,"Ich werde dich besuchen, sobald ich Zeit habe.",I will visit you as soon as I have time.,sobald,"Ich werde dich besuchen, _____ ich Zeit habe.",
220,8,"Sobald sie die E-Mail gelesen hat, wird sie antworten.","As soon as she has read the email, she will reply.",Sobald,"_____ sie die E-Mail gelesen hat, wird sie antworten.",
221,8,"Er liebt Abenteuerreisen, wohingegen seine Frau lieber am Strand entspannt.","He loves adventure travel, whereas his wife prefers relaxing on the beach.",wohingegen,"Er liebt Abenteuerreisen, _____ seine Frau lieber am Strand entspannt.",
222,8,"Das eine Hotel war sehr teuer, wohingegen das andere viel günstiger war.","One hotel was very expensive, whereas the other one was much cheaper.",wohingegen,"Das eine Hotel war sehr teuer, _____ das andere viel günstiger war.",
223,8,"Ich mag moderne Kunst, wohingegen mein Bruder klassische Malerei bevorzugt.","I like modern art, whereas my brother prefers classical painting.",wohingegen,"Ich mag moderne Kunst, _____ mein Bruder klassische Malerei bevorzugt.",
224,8,"Sie arbeitet gerne im Team, wohingegen er lieber alleine arbeitet.","She enjoys working in a team, whereas he prefers to work alone.",wohingegen,"Sie arbeitet gerne im Team, _____ er lieber alleine arbeitet.",
225,8,"Ich bin gerne aktiv im Urlaub, wohingegen meine Freunde nur entspannen wollen.","I like to be active on vacation, whereas my friends just want to relax.",wohingegen,"Ich bin gerne aktiv im Urlaub, _____ meine Freunde nur entspannen wollen.",
226,8,"Ich trinke keinen Kaffee, sondern Tee.","I don’t drink coffee, but rather tea.",sondern,"Ich trinke keinen Kaffee, _____ Tee.",
227,8,"Er ist nicht müde, sondern einfach nur gelangweilt.","He is not tired, but rather just bored.",sondern,"Er ist nicht müde, _____ einfach nur gelangweilt.",
228,8,"Wir haben nicht den Bus genommen, sondern sind zu Fuß gegangen.","We didn’t take the bus, but rather walked.",sondern,"Wir haben nicht den Bus genommen, _____ sind zu Fuß gegangen.",
229,8,"Sie spricht nicht nur Deutsch, sondern auch Französisch.","She doesn’t only speak German, but also French.",sondern,"Sie spricht nicht nur Deutsch, _____ auch Französisch.",
230,8,"Das Problem ist nicht kompliziert, sondern leicht zu lösen.","The problem is not complicated, but rather easy to solve.",sondern,"Das Problem ist nicht kompliziert, _____ leicht zu lösen.",
231,8,"Ich mag Tee sehr gerne, mein Bruder dagegen trinkt nur Kaffee.","I like tea very much; my brother, on the other hand, only drinks coffee.",dagegen,"Ich mag Tee sehr gerne, mein Bruder _____ trinkt nur Kaffee.",
232,8,"Sie liebt es, früh aufzustehen, ihr Mann dagegen schläft gerne lange.","She loves getting up early; her husband, on the other hand, likes to sleep in.",dagegen,"Sie liebt es, früh aufzustehen, ihr Mann _____ schläft gerne lange.",
233,8,"Das Wetter ist heute sonnig, gestern war es dagegen sehr regnerisch.","The weather is sunny today; yesterday, in contrast, it was very rainy.",dagegen,"Das Wetter ist heute sonnig, gestern war es _____ sehr regnerisch.",
234,8,"Er ist sehr sportlich, seine Schwester dagegen interessiert sich nicht für Sport.","He is very athletic; his sister, on the other hand, is not interested in sports.",dagegen,"Er ist sehr sportlich, seine Schwester _____ interessiert sich nicht für Sport.",
235,8,"Ich bevorzuge ruhige Orte, meine Freunde dagegen lieben große Partys.","I prefer quiet places; my friends, on the other hand, love big parties.",dagegen,"Ich bevorzuge ruhige Orte, meine Freunde _____ lieben große Partys.",
236,8,"Du kannst hier bleiben, solange du möchtest.",You can stay here as long as you want.,solange,"Du kannst hier bleiben, _____ du möchtest.",
237,8,"Solange das Wetter schön ist, gehen wir jeden Tag spazieren.","As long as the weather is nice, we go for a walk every day.",Solange,"_____ das Wetter schön ist, gehen wir jeden Tag spazieren.",
238,8,"Er wird helfen, solange er Zeit hat.",He will help as long as he has time.,solange,"Er wird helfen, _____ er Zeit hat.",
239,8,"Solange du fleißig lernst, wirst du die Prüfung bestehen.","As long as you study diligently, you will pass the exam.",Solange,"_____ du fleißig lernst, wirst du die Prüfung bestehen.",
240,8,"Wir bleiben draußen, solange es nicht regnet.",We will stay outside as long as it doesn’t rain.,solange,"Wir bleiben draußen, _____ es nicht regnet.",
241,8,Wir können entweder ins Kino gehen oder zu Hause einen Film schauen.,We can either go to the cinema or watch a movie at home.,entweder,Wir können _____ ins Kino gehen oder zu Hause einen Film schauen.,
242,8,"Entweder du kommst pünktlich, oder wir starten ohne dich.","Either you arrive on time, or we will start without you.",Entweder,"_____ du kommst pünktlich, oder wir starten ohne dich.",
243,8,Sie wird entweder in Berlin studieren oder nach Hamburg ziehen.,She will either study in Berlin or move to Hamburg.,entweder,Sie wird _____ in Berlin studieren oder nach Hamburg ziehen.,
244,8,"Entweder du lernst fleißig, oder du wirst die Prüfung nicht bestehen.","Either you study hard, or you won’t pass the exam.",Entweder,"_____ du lernst fleißig, oder du wirst die Prüfung nicht bestehen.",
245,8,Wir können entweder mit dem Auto fahren oder den Zug nehmen.,We can either go by car or take the train.,entweder,Wir können _____ mit dem Auto fahren oder den Zug nehmen.,
246,8,Ich trinke weder Kaffee noch Tee.,I drink neither coffee nor tea.,weder,Ich trinke _____ Kaffee noch Tee.,
247,8,Er mag weder klassische Musik noch Pop.,He likes neither classical music nor pop.,weder,Er mag _____ klassische Musik noch Pop.,
248,8,Sie spricht weder Spanisch noch Italienisch.,She speaks neither Spanish nor Italian.,weder,Sie spricht _____ Spanisch noch Italienisch.,
249,8,Das Hotel war weder sauber noch günstig.,The hotel was neither clean nor affordable.,weder,Das Hotel war _____ sauber noch günstig.,
250,8,Wir haben weder Zeit noch Geld für eine Reise.,We have neither time nor money for a trip.,weder,Wir haben _____ Zeit noch Geld für eine Reise.,
251,8,Er interessiert sich weder für Sport noch für Kunst.,He is interested in neither sports nor art.,noch,Er interessiert sich weder für Sport _____ für Kunst.,
252,8,Ich kann weder tanzen noch singen.,I can neither dance nor sing.,noch,Ich kann weder tanzen _____ singen.,
253,8,Die Aufgabe war weder einfach noch schnell erledigt.,The task was neither easy nor quickly done.,noch,Die Aufgabe war weder einfach _____ schnell erledigt.,
254,8,Weder mein Bruder noch meine Schwester konnten kommen.,Neither my brother nor my sister could come.,noch,Weder mein Bruder _____ meine Schwester konnten kommen.,
255,8,Dieses Buch ist weder spannend noch informativ.,This book is neither exciting nor informative.,noch,Dieses Buch ist weder spannend _____ informativ.,
256,8,Wir brauchen mehr Informationen; zu diesem Zweck werden wir eine Umfrage durchführen.,"We need more information; for this purpose, we will conduct a survey.",zu diesem Zweck,Wir brauchen mehr Informationen; _____ werden wir eine Umfrage durchführen.,
257,8,"Die Firma hat ein neues Team eingestellt, zu diesem Zweck wurde ein spezielles Budget bereitgestellt.","The company hired a new team; for this purpose, a special budget was allocated.",zu diesem Zweck,"Die Firma hat ein neues Team eingestellt, _____ wurde ein spezielles Budget bereitgestellt.",
258,8,"Zu diesem Zweck haben wir eine Präsentation vorbereitet, um alle Fragen zu klären.","For this purpose, we prepared a presentation to address all questions.",Zu diesem Zweck,"_____ haben wir eine Präsentation vorbereitet, um alle Fragen zu klären.",
259,8,"Er hat extra einen Kurs besucht, zu diesem Zweck hat er seine Abende frei gehalten.",He attended a course specifically for this purpose and kept his evenings free.,zu diesem Zweck,"Er hat extra einen Kurs besucht, _____ hat er seine Abende frei gehalten.",
260,8,"Zu diesem Zweck wurde ein ausführlicher Bericht erstellt, der alle Details enthält.","For this purpose, a detailed report was created that contains all the details.",Zu diesem Zweck,"_____ wurde ein ausführlicher Bericht erstellt, der alle Details enthält.",
261,8,Wir haben die Daten analysiert und auf diese Weise die Fehler gefunden.,We analyzed the data and found the errors in this way.,auf diese Weise,Wir haben die Daten analysiert und _____ die Fehler gefunden.,
262,8,"Auf diese Weise können wir sicherstellen, dass das Projekt erfolgreich abgeschlossen wird.","In this way, we can ensure that the project is successfully completed.",Auf diese Weise,"_____ können wir sicherstellen, dass das Projekt erfolgreich abgeschlossen wird.",
263,8,Er hat viel geübt und auf diese Weise seine Fähigkeiten verbessert.,He practiced a lot and improved his skills in this way.,auf diese Weise,Er hat viel geübt und _____ seine Fähigkeiten verbessert.,
264,8,Die Probleme wurden diskutiert und auf diese Weise gelöst.,The problems were discussed and solved in this way.,auf diese Weise,Die Probleme wurden diskutiert und _____ gelöst.,
265,8,"Auf diese Weise lernen die Schüler, selbstständig zu arbeiten.","In this way, the students learn to work independently.",Auf diese Weise,"_____ lernen die Schüler, selbstständig zu arbeiten.",
266,8,"Ich habe das Abendessen vorbereitet, währenddessen hat er den Tisch gedeckt.","I prepared dinner; meanwhile, he set the table.",währenddessen,"Ich habe das Abendessen vorbereitet, _____ hat er den Tisch gedeckt.",
267,8,"Sie war im Meeting, währenddessen habe ich die Präsentation fertiggestellt.","She was in the meeting; meanwhile, I finished the presentation.",währenddessen,"Sie war im Meeting, _____ habe ich die Präsentation fertiggestellt.",
268,8,"Das Auto wurde repariert, währenddessen haben wir einen Kaffee getrunken.","The car was being repaired; in the meantime, we had a coffee.",währenddessen,"Das Auto wurde repariert, _____ haben wir einen Kaffee getrunken.",
269,8,"Der Lehrer hat die Hausaufgaben erklärt, währenddessen haben die Schüler Notizen gemacht.","The teacher explained the homework; meanwhile, the students took notes.",währenddessen,"Der Lehrer hat die Hausaufgaben erklärt, _____ haben die Schüler Notizen gemacht.",
270,8,"Die Bauarbeiten gingen weiter, währenddessen blieben die Geschäfte geöffnet.","The construction work continued; meanwhile, the shops remained open.",währenddessen,"Die Bauarbeiten gingen weiter, _____ blieben die Geschäfte geöffnet.",
271,8,"Je mehr du lernst, desto besser wirst du die Sprache verstehen.","The more you study, the better you will understand the language.",Je,"_____ mehr du lernst, desto besser wirst du die Sprache verstehen.",
272,8,"Je früher wir losfahren, desto schneller kommen wir an.","The earlier we leave, the faster we will arrive.",Je,"_____ früher wir losfahren, desto schneller kommen wir an.",
273,8,"Je länger du wartest, desto schwieriger wird es, eine Entscheidung zu treffen.","The longer you wait, the harder it will be to make a decision.",Je,"_____ länger du wartest, desto schwieriger wird es, eine Entscheidung zu treffen.",
274,8,"Je mehr Geld du sparst, desto mehr kannst du dir später leisten.","The more money you save, the more you can afford later.",Je,"_____ mehr Geld du sparst, desto mehr kannst du dir später leisten.",
275,8,"Je öfter du übst, desto sicherer wirst du im Sprechen.","The more often you practice, the more confident you will become in speaking.",Je,"_____ öfter du übst, desto sicherer wirst du im Sprechen.",
276,8,"Je kälter es draußen ist, desto mehr ziehe ich warme Kleidung an.","The colder it is outside, the more warm clothing I wear.",desto,"Je kälter es draußen ist, _____ mehr ziehe ich warme Kleidung an.",
277,8,"Je gesünder du isst, desto besser fühlst du dich.","The healthier you eat, the better you feel.",desto,"Je gesünder du isst, _____ besser fühlst du dich.",
278,8,"Je mehr Erfahrung du hast, desto einfacher wird der Job.","The more experience you have, the easier the job will be.",desto,"Je mehr Erfahrung du hast, _____ einfacher wird der Job.",
279,8,"Je lauter die Musik ist, desto schlechter kann ich mich konzentrieren.","The louder the music is, the harder it is for me to concentrate.",desto,"Je lauter die Musik ist, _____ schlechter kann ich mich konzentrieren.",
280,8,"Je länger wir arbeiten, desto müder werden wir.","The longer we work, the more tired we become.",desto,"Je länger wir arbeiten, _____ müder werden wir.",
281,8,"Er hat seine Sprachkenntnisse dadurch verbessert, dass er jeden Tag Deutsch gesprochen hat.",He improved his language skills by speaking German every day.,dadurch,"Er hat seine Sprachkenntnisse _____ verbessert, dass er jeden Tag Deutsch gesprochen hat.",
282,8,"Das Unternehmen konnte Kosten dadurch senken, dass es auf erneuerbare Energien umgestellt hat.",The company was able to reduce costs by switching to renewable energy.,dadurch,"Das Unternehmen konnte Kosten _____ senken, dass es auf erneuerbare Energien umgestellt hat.",
283,8,"Die Umwelt wurde dadurch geschont, dass weniger Plastik verwendet wurde.",The environment was preserved by using less plastic.,dadurch,"Die Umwelt wurde _____ geschont, dass weniger Plastik verwendet wurde.",
284,8,"Sie hat die Prüfung dadurch bestanden, dass sie intensiv gelernt hat.",She passed the exam by studying intensively.,dadurch,"Sie hat die Prüfung _____ bestanden, dass sie intensiv gelernt hat.",
285,8,"Wir haben Zeit dadurch gespart, dass wir online eingekauft haben.",We saved time by shopping online.,dadurch,"Wir haben Zeit _____ gespart, dass wir online eingekauft haben.",