Nr,level,reflexive,german,english,perfekt,german_sentence,question,answer
1,1,,sein,to be,gewesen,,,
2,1,,haben,"to have, to contain",gehabt,,,
3,1,,werden,"to become, will, to be done (passive voice)",geworden,,,
4,1,,können,"can, to be able to",gekonnt,,,
5,1,,wollen,to want,gewollt,,,
6,1,,müssen,"must, to have to, to be obliged (to do something)",gemusst,,,
7,1,,sollen,"shall, to be asked (to do something)",gesollt,,,
8,1,,mögen,to like,gemocht,,,
9,1,,dürfen,"to be allowed (to do something), may",gedurft,,,
10,1,,wissen,to know,gewusst,,,
11,1,,machen,"to make, to prepare (e.g. food), to do",gemacht,,,
12,1,,tun,"to do, to do something to someone",getan,,,
13,1,,sagen,"to say, to tell",gesagt,,,
14,1,,gehen,"to go, to leave, to work, to function (coll.)",gegangen,,,
15,1,,sehen,"to see, to see (to something), to realise",gesehen,,,
16,1,,geben,to give,gegeben,,,
17,1,,kommen,"to come, to make it (e.g. over something), to go to, to occur",gekommen,,,
18,1,,glauben,to believe,geglaubt,,,
19,1,,passieren,"to happen (conversational), to move beyond, to strain",passiert,,,
20,1,,reden,to talk,geredet,,,
21,1,,hören,"to hear, to listen to",gehört,,,
22,1,,finden,to find,gefunden,,,
23,1,,bleiben,"to remain, to stay",geblieben,,,
24,1,,brauchen,to need (colloquial),gebraucht,,,
25,1,,lieben,to love,geliebt,,,
26,1,,bringen,"to bring, to take, to lead",gebracht,,,
27,1,,stehen,"to stand, to be, to appear",gestanden,,,
28,1,,heissen,"to be called, to mean",geheissen,,,
29,1,,nehmen,"to take, to cause oneself to be (in some state)",genommen,,,
30,1,,sprechen,to speak,gesprochen,,,
31,1,,bekommen,"to receive, to catch (e.g. a cold), to sit well with someone",bekommen,,,
32,1,,vergessen,"to forget, to leave (forget to take)",vergessen,,,
33,1,,halten,"to hold, to stop (a movement), to support, to keep",gehalten,,,
34,1,,warten,"to wait, to maintain (e.g. a car)",gewartet,,,
35,1,,kennen,"to know, to be acquainted with, to be familiar with",gekannt,,,
36,1,,verstehen,"to understand, to get along with someone/something",verstanden,,,
37,1,,denken,"to think, to consider",gedacht,,,
38,1,,leben,to live,gelebt,,,
39,1,,verlieren,to lose,verloren,,,
40,1,,arbeiten,to work,gearbeitet,,,
41,1,,essen,to eat,gegessen,,,
42,1,,spielen,to play,gespielt,,,
43,1,,fahren,"to go (by vehicle), to leave, to drive",gefahren,,,
44,1,,versuchen,to try,versucht,,,
45,1,,erzählen,"to tell, to narrate",erzählt,,,
46,1,,fragen,"to ask, to wonder (refl.)",gefragt,,,
47,1,sich,treffen,"to meet, to encounter",getroffen,,,
48,1,,hoffen,to hope,gehofft,,,
49,1,,suchen,"to seek, to search",gesucht,,,
50,1,,trinken,to drink,getrunken,,,
51,1,,lernen,"to learn, to study (revise/review materials), to train something",gelernt,,,
52,1,,zeigen,"to show, to point at, to demonstrate",gezeigt,,,
53,1,,schlafen,to sleep,geschlafen,,,
54,1,,kaufen,to buy,gekauft,,,
55,1,,laufen,"to walk, to flow (of a fluid), to run (of an event)",gelaufen,,,
56,1,,erklären,"to explain, to declare, to assert",erklärt,,,
57,1,,zahlen,"to pay (for something), to atone for",gezahlt,,,
58,1,,schwimmen,"to swim, to float",geschwommen,,,
59,1,,kochen,"to cook, to boil (to heat a liquid), to boil something",gekocht,,,
60,1,sich,waschen,to wash,gewaschen,,,
61,1,,aufwachen,to wake up,aufgewacht,,,
62,1,,studieren,"to study, to go to university/college",studiert,,,
63,1,,zeichnen,"to draw, to sketch",gezeichnet,,,
64,1,,aufstehen,"to get up, to be open (e.g. a window, door)",aufgestanden,,,
65,1,,wiederholen,to repeat,wiederholt,,,
66,1,,übersetzen,to translate,übersetzt,,,
67,1,,wohnen,"to live, to reside, to dwell",gewohnt,,,
68,1,,schreiben,to write,geschrieben,,,
69,1,sich,anziehen,"to get dressed, to put on, to dress someone, to attract, to pull",angezogen,,,
70,1,sich,ausziehen,"to take something off, to undress, to pull out, to move out",ausgezogen,,,
71,1,,buchstabieren,to spell,buchstabiert,,,
72,1,,tragen,"to wear (clothing), to carry, to hold",getragen,,,
73,1,sich,interessieren,"to interest, to be interested in (refl.)",interessiert,,,
74,1,,ziehen,"to pull, to drag, to move",gezogen,,,
75,1,,lesen,to read,gelesen,,,
76,2,,sein,I have been to Berlin.,gewesen,Ich bin in Berlin gewesen.,Ich bin in Berlin _____.,gewesen
77,2,,haben,He has had a lot of luck.,gehabt,Er hat viel Glück gehabt.,Er hat viel Glück _____.,gehabt
78,2,,werden,She has become a teacher.,geworden,Sie ist Lehrerin geworden.,Sie ist Lehrerin _____.,geworden
79,2,,können,I was not able to do that.,gekonnt,Ich habe das nicht gekonnt.,Ich habe das nicht _____.,gekonnt
80,2,,wollen,He never wanted that.,gewollt,Er hat das nie gewollt.,Er hat das nie _____.,gewollt
81,2,,müssen,I had to study a lot before.,gemusst,Ich habe früher viel lernen gemusst.,Ich habe früher viel lernen _____.,gemusst
82,2,,sollen,He was supposed to go home.,gesollt,Er hat nach Hause gehen gesollt.,Er hat nach Hause gehen _____.,gesollt
83,2,,mögen,I liked the movie.,gemocht,Ich habe den Film gemocht.,Ich habe den Film _____.,gemocht
84,2,,dürfen,We were allowed to stay long.,gedurft,Wir haben lange bleiben gedurft.,Wir haben lange bleiben _____.,gedurft
85,2,,wissen,He already knew it.,gewusst,Er hat es schon gewusst.,Er hat es schon _____.,gewusst
86,2,,machen,I have done my homework.,gemacht,Ich habe meine Hausaufgaben gemacht.,Ich habe meine Hausaufgaben _____.,gemacht
87,2,,tun,She has done nothing.,getan,Sie hat nichts getan.,Sie hat nichts _____.,getan
88,2,,sagen,He told me the truth.,gesagt,Er hat mir die Wahrheit gesagt.,Er hat mir die Wahrheit _____.,gesagt
89,2,,gehen,We went to the cinema.,gegangen,Wir sind ins Kino gegangen.,Wir sind ins Kino _____.,gegangen
90,2,,sehen,I saw the movie.,gesehen,Ich habe den Film gesehen.,Ich habe den Film _____.,gesehen
91,2,,geben,He gave me a book.,gegeben,Er hat mir ein Buch gegeben.,Er hat mir ein Buch _____.,gegeben
92,2,,kommen,She has come home.,gekommen,Sie ist nach Hause gekommen.,Sie ist nach Hause _____.,gekommen
93,2,,glauben,He believed in God.,geglaubt,Er hat an Gott geglaubt.,Er hat an Gott _____.,geglaubt
94,2,,passieren,An accident has happened.,passiert,Ein Unfall ist passiert.,Ein Unfall ist _____.,passiert
95,2,,reden,We talked about the weather.,geredet,Wir haben über das Wetter geredet.,Wir haben über das Wetter _____.,geredet
96,2,,hören,I listened to music.,gehört,Ich habe Musik gehört.,Ich habe Musik _____.,gehört
97,2,,finden,He found his key.,gefunden,Er hat seinen Schlüssel gefunden.,Er hat seinen Schlüssel _____.,gefunden
98,2,,bleiben,We stayed at home.,geblieben,Wir sind zu Hause geblieben.,Wir sind zu Hause _____.,geblieben
99,2,,brauchen,I needed the money.,gebraucht,Ich habe das Geld gebraucht.,Ich habe das Geld _____.,gebraucht
100,2,,lieben,He always loved her.,geliebt,Er hat sie immer geliebt.,Er hat sie immer _____.,geliebt
101,2,,bringen,I brought a gift.,gebracht,Ich habe ein Geschenk gebracht.,Ich habe ein Geschenk _____.,gebracht
102,2,,stehen,She stood in front of the door for a long time.,gestanden,Sie hat lange vor der Tür gestanden.,Sie hat lange vor der Tür _____.,gestanden
103,2,,heissen,His name was Peter.,geheissen,Er hat Peter geheissen.,Er hat Peter _____.,geheissen
104,2,,nehmen,I took the bus.,genommen,Ich habe den Bus genommen.,Ich habe den Bus _____.,genommen
105,2,,sprechen,He spoke with me.,gesprochen,Er hat mit mir gesprochen.,Er hat mit mir _____.,gesprochen
106,2,,bekommen,She received a gift.,bekommen,Sie hat ein Geschenk bekommen.,Sie hat ein Geschenk _____.,bekommen
107,2,,vergessen,I forgot my bag.,vergessen,Ich habe meine Tasche vergessen.,Ich habe meine Tasche _____.,vergessen
108,2,,halten,He kept the promise.,gehalten,Er hat das Versprechen gehalten.,Er hat das Versprechen _____.,gehalten
109,2,,warten,We waited a long time.,gewartet,Wir haben lange gewartet.,Wir haben lange _____.,gewartet
110,2,,kennen,I knew him well.,gekannt,Ich habe ihn gut gekannt.,Ich habe ihn gut _____.,gekannt
111,2,,verstehen,He didn't understand me.,verstanden,Er hat mich nicht verstanden.,Er hat mich nicht _____.,verstanden
112,2,,denken,I thought of you.,gedacht,Ich habe an dich gedacht.,Ich habe an dich _____.,gedacht
113,2,,leben,He lived in Paris for a long time.,gelebt,Er hat lange in Paris gelebt.,Er hat lange in Paris _____.,gelebt
114,2,,verlieren,I lost my watch.,verloren,Ich habe meine Uhr verloren.,Ich habe meine Uhr _____.,verloren
115,2,,arbeiten,She worked in a hospital.,gearbeitet,Sie hat im Krankenhaus gearbeitet.,Sie hat im Krankenhaus _____.,gearbeitet
116,2,,essen,I ate a pizza.,gegessen,Ich habe eine Pizza gegessen.,Ich habe eine Pizza _____.,gegessen
117,2,,spielen,He played football.,gespielt,Er hat Fußball gespielt.,Er hat Fußball _____.,gespielt
118,2,,fahren,We drove to Munich.,gefahren,Wir sind nach München gefahren.,Wir sind nach München _____.,gefahren
119,2,,versuchen,He tried it.,versucht,Er hat es versucht.,Er hat es _____.,versucht
120,2,,erzählen,She told a story.,erzählt,Sie hat eine Geschichte erzählt.,Sie hat eine Geschichte _____.,erzählt
121,2,,fragen,I asked him for directions.,gefragt,Ich habe ihn nach dem Weg gefragt.,Ich habe ihn nach dem Weg _____.,gefragt
122,2,,treffen,We met at the café.,getroffen,Wir haben uns im Café getroffen.,Wir haben uns im Café _____.,getroffen
123,2,,hoffen,I hoped for good weather.,gehofft,Ich habe auf gutes Wetter gehofft.,Ich habe auf gutes Wetter _____.,gehofft
124,2,,suchen,He looked for his glasses.,gesucht,Er hat seine Brille gesucht.,Er hat seine Brille _____.,gesucht
125,2,,trinken,I drank a glass of water.,getrunken,Ich habe ein Glas Wasser getrunken.,Ich habe ein Glas Wasser _____.,getrunken
126,2,,lernen,I have learned German.,gelernt,Ich habe Deutsch gelernt.,Ich habe Deutsch _____.,gelernt
127,2,,zeigen,He showed me the picture.,gezeigt,Er hat mir das Bild gezeigt.,Er hat mir das Bild _____.,gezeigt
128,2,,schlafen,I slept for a long time.,geschlafen,Ich habe lange geschlafen.,Ich habe lange _____.,geschlafen
129,2,,kaufen,She bought a new car.,gekauft,Sie hat ein neues Auto gekauft.,Sie hat ein neues Auto _____.,gekauft
130,2,,laufen,He ran home quickly.,gelaufen,Er ist schnell nach Hause gelaufen.,Er ist schnell nach Hause _____.,gelaufen
131,2,,erklären,The teacher explained the task.,erklärt,Der Lehrer hat die Aufgabe erklärt.,Der Lehrer hat die Aufgabe _____.,erklärt
132,2,,zahlen,I paid the bill.,gezahlt,Ich habe die Rechnung gezahlt.,Ich habe die Rechnung _____.,gezahlt
133,2,,schwimmen,We swam in the sea.,geschwommen,Wir sind im Meer geschwommen.,Wir sind im Meer _____.,geschwommen
134,2,,kochen,He cooked a soup.,gekocht,Er hat eine Suppe gekocht.,Er hat eine Suppe _____.,gekocht
135,2,,waschen,She washed her hands.,gewaschen,Sie hat ihre Hände gewaschen.,Sie hat ihre Hände _____.,gewaschen
136,2,,aufwachen,I woke up late.,aufgewacht,Ich bin spät aufgewacht.,Ich bin spät _____.,aufgewacht
137,2,,studieren,He studied in Berlin.,studiert,Er hat in Berlin studiert.,Er hat in Berlin _____.,studiert
138,2,,zeichnen,She drew a picture.,gezeichnet,Sie hat ein Bild gezeichnet.,Sie hat ein Bild _____.,gezeichnet
139,2,,aufstehen,He got up at 7 o'clock.,aufgestanden,Er ist um 7 Uhr aufgestanden.,Er ist um 7 Uhr _____.,aufgestanden
140,2,,wiederholen,I repeated the question.,wiederholt,Ich habe die Frage wiederholt.,Ich habe die Frage _____.,wiederholt
141,2,,übersetzen,He translated the text.,übersetzt,Er hat den Text übersetzt.,Er hat den Text _____.,übersetzt
142,2,,wohnen,We lived in Munich.,gewohnt,Wir haben in München gewohnt.,Wir haben in München _____.,gewohnt
143,2,,schreiben,She wrote a letter.,geschrieben,Sie hat einen Brief geschrieben.,Sie hat einen Brief _____.,geschrieben
144,2,,anziehen,I put on a jacket.,angezogen,Ich habe eine Jacke angezogen.,Ich habe eine Jacke _____.,angezogen
145,2,,ausziehen,He moved out of the apartment.,ausgezogen,Er ist aus der Wohnung ausgezogen.,Er ist aus der Wohnung _____.,ausgezogen
146,2,,buchstabieren,I spelled the word.,buchstabiert,Ich habe das Wort buchstabiert.,Ich habe das Wort _____.,buchstabiert
147,2,,tragen,She wore a red dress.,getragen,Sie hat ein rotes Kleid getragen.,Sie hat ein rotes Kleid _____.,getragen
148,2,,interessieren,I was interested in art.,interessiert,Ich habe mich für Kunst interessiert.,Ich habe mich für Kunst _____.,interessiert
149,2,,ziehen,He pulled the door.,gezogen,Er hat die Tür gezogen.,Er hat die Tür _____.,gezogen
150,2,,lesen,I read a book.,gelesen,Ich habe ein Buch gelesen.,Ich habe ein Buch _____.,gelesen
151,3,,sein,I have been to Berlin.,gewesen,Ich bin in Berlin gewesen.,Ich _____ in Berlin gewesen.,bin
152,3,,haben,He has had a lot of luck.,gehabt,Er hat viel Glück gehabt.,Er _____ viel Glück gehabt.,hat
153,3,,werden,She has become a teacher.,geworden,Sie ist Lehrerin geworden.,Sie _____ Lehrerin geworden.,ist
154,3,,können,I was not able to do that.,gekonnt,Ich habe das nicht gekonnt.,Ich _____ das nicht gekonnt.,habe
155,3,,wollen,He never wanted that.,gewollt,Er hat das nie gewollt.,Er _____ das nie gewollt.,hat
156,3,,müssen,I had to study a lot before.,gemusst,Ich habe früher viel lernen gemusst.,Ich _____ früher viel lernen gemusst.,habe
157,3,,sollen,He was supposed to go home.,gesollt,Er hat nach Hause gehen gesollt.,Er _____ nach Hause gehen gesollt.,hat
158,3,,mögen,I liked the movie.,gemocht,Ich habe den Film gemocht.,Ich _____ den Film gemocht.,habe
159,3,,dürfen,We were allowed to stay long.,gedurft,Wir haben lange bleiben gedurft.,Wir _____ lange bleiben gedurft.,haben
160,3,,wissen,He already knew it.,gewusst,Er hat es schon gewusst.,Er _____ es schon gewusst.,hat
161,3,,machen,I have done my homework.,gemacht,Ich habe meine Hausaufgaben gemacht.,Ich _____ meine Hausaufgaben gemacht.,habe
162,3,,tun,She has done nothing.,getan,Sie hat nichts getan.,Sie _____ nichts getan.,hat
163,3,,sagen,He told me the truth.,gesagt,Er hat mir die Wahrheit gesagt.,Er _____ mir die Wahrheit gesagt.,hat
164,3,,gehen,We went to the cinema.,gegangen,Wir sind ins Kino gegangen.,Wir _____ ins Kino gegangen.,sind
165,3,,sehen,I saw the movie.,gesehen,Ich habe den Film gesehen.,Ich _____ den Film gesehen.,habe
166,3,,geben,He gave me a book.,gegeben,Er hat mir ein Buch gegeben.,Er _____ mir ein Buch gegeben.,hat
167,3,,kommen,She has come home.,gekommen,Sie ist nach Hause gekommen.,Sie _____ nach Hause gekommen.,ist
168,3,,glauben,He believed in God.,geglaubt,Er hat an Gott geglaubt.,Er _____ an Gott geglaubt.,hat
169,3,,passieren,An accident has happened.,passiert,Ein Unfall ist passiert.,Ein Unfall _____ passiert.,ist
170,3,,reden,We talked about the weather.,geredet,Wir haben über das Wetter geredet.,Wir _____ über das Wetter geredet.,haben
171,3,,hören,I listened to music.,gehört,Ich habe Musik gehört.,Ich _____ Musik gehört.,habe
172,3,,finden,He found his key.,gefunden,Er hat seinen Schlüssel gefunden.,Er _____ seinen Schlüssel gefunden.,hat
173,3,,bleiben,We stayed at home.,geblieben,Wir sind zu Hause geblieben.,Wir _____ zu Hause geblieben.,sind
174,3,,brauchen,I needed the money.,gebraucht,Ich habe das Geld gebraucht.,Ich _____ das Geld gebraucht.,habe
175,3,,lieben,He always loved her.,geliebt,Er hat sie immer geliebt.,Er _____ sie immer geliebt.,hat
176,3,,bringen,I brought a gift.,gebracht,Ich habe ein Geschenk gebracht.,Ich _____ ein Geschenk gebracht.,habe
177,3,,stehen,She stood in front of the door for a long time.,gestanden,Sie hat lange vor der Tür gestanden.,Sie _____ lange vor der Tür gestanden.,hat
178,3,,heissen,His name was Peter.,geheissen,Er hat Peter geheissen.,Er _____ Peter geheissen.,hat
179,3,,nehmen,I took the bus.,genommen,Ich habe den Bus genommen.,Ich _____ den Bus genommen.,habe
180,3,,sprechen,He spoke with me.,gesprochen,Er hat mit mir gesprochen.,Er _____ mit mir gesprochen.,hat
181,3,,bekommen,She received a gift.,bekommen,Sie hat ein Geschenk bekommen.,Sie _____ ein Geschenk bekommen.,hat
182,3,,vergessen,I forgot my bag.,vergessen,Ich habe meine Tasche vergessen.,Ich _____ meine Tasche vergessen.,habe
183,3,,halten,He kept the promise.,gehalten,Er hat das Versprechen gehalten.,Er _____ das Versprechen gehalten.,hat
184,3,,warten,We waited a long time.,gewartet,Wir haben lange gewartet.,Wir _____ lange gewartet.,haben
185,3,,kennen,I knew him well.,gekannt,Ich habe ihn gut gekannt.,Ich _____ ihn gut gekannt.,habe
186,3,,verstehen,He didn't understand me.,verstanden,Er hat mich nicht verstanden.,Er _____ mich nicht verstanden.,hat
187,3,,denken,I thought of you.,gedacht,Ich habe an dich gedacht.,Ich _____ an dich gedacht.,habe
188,3,,leben,He lived in Paris for a long time.,gelebt,Er hat lange in Paris gelebt.,Er _____ lange in Paris gelebt.,hat
189,3,,verlieren,I lost my watch.,verloren,Ich habe meine Uhr verloren.,Ich _____ meine Uhr verloren.,habe
190,3,,arbeiten,She worked in a hospital.,gearbeitet,Sie hat im Krankenhaus gearbeitet.,Sie _____ im Krankenhaus gearbeitet.,hat
191,3,,essen,I ate a pizza.,gegessen,Ich habe eine Pizza gegessen.,Ich _____ eine Pizza gegessen.,habe
192,3,,spielen,He played football.,gespielt,Er hat Fußball gespielt.,Er _____ Fußball gespielt.,hat
193,3,,fahren,We drove to Munich.,gefahren,Wir sind nach München gefahren.,Wir _____ nach München gefahren.,sind
194,3,,versuchen,He tried it.,versucht,Er hat es versucht.,Er _____ es versucht.,hat
195,3,,erzählen,She told a story.,erzählt,Sie hat eine Geschichte erzählt.,Sie _____ eine Geschichte erzählt.,hat
196,3,,fragen,I asked him for directions.,gefragt,Ich habe ihn nach dem Weg gefragt.,Ich _____ ihn nach dem Weg gefragt.,habe
197,3,,treffen,We met at the café.,getroffen,Wir haben uns im Café getroffen.,Wir _____ uns im Café getroffen.,haben
198,3,,hoffen,I hoped for good weather.,gehofft,Ich habe auf gutes Wetter gehofft.,Ich _____ auf gutes Wetter gehofft.,habe
199,3,,suchen,He looked for his glasses.,gesucht,Er hat seine Brille gesucht.,Er _____ seine Brille gesucht.,hat
200,3,,trinken,I drank a glass of water.,getrunken,Ich habe ein Glas Wasser getrunken.,Ich _____ ein Glas Wasser getrunken.,habe
201,3,,lernen,I have learned German.,gelernt,Ich habe Deutsch gelernt.,Ich _____ Deutsch gelernt.,habe
202,3,,zeigen,He showed me the picture.,gezeigt,Er hat mir das Bild gezeigt.,Er _____ mir das Bild gezeigt.,hat
203,3,,schlafen,I slept for a long time.,geschlafen,Ich habe lange geschlafen.,Ich _____ lange geschlafen.,habe
204,3,,kaufen,She bought a new car.,gekauft,Sie hat ein neues Auto gekauft.,Sie _____ ein neues Auto gekauft.,hat
205,3,,laufen,He ran home quickly.,gelaufen,Er ist schnell nach Hause gelaufen.,Er _____ schnell nach Hause gelaufen.,ist
206,3,,erklären,The teacher explained the task.,erklärt,Der Lehrer hat die Aufgabe erklärt.,Der Lehrer _____ die Aufgabe erklärt.,hat
207,3,,zahlen,I paid the bill.,gezahlt,Ich habe die Rechnung gezahlt.,Ich _____ die Rechnung gezahlt.,habe
208,3,,schwimmen,We swam in the sea.,geschwommen,Wir sind im Meer geschwommen.,Wir _____ im Meer geschwommen.,sind
209,3,,kochen,He cooked a soup.,gekocht,Er hat eine Suppe gekocht.,Er _____ eine Suppe gekocht.,hat
210,3,,waschen,She washed her hands.,gewaschen,Sie hat ihre Hände gewaschen.,Sie _____ ihre Hände gewaschen.,hat
211,3,,aufwachen,I woke up late.,aufgewacht,Ich bin spät aufgewacht.,Ich _____ spät aufgewacht.,bin
212,3,,studieren,He studied in Berlin.,studiert,Er hat in Berlin studiert.,Er _____ in Berlin studiert.,hat
213,3,,zeichnen,She drew a picture.,gezeichnet,Sie hat ein Bild gezeichnet.,Sie _____ ein Bild gezeichnet.,hat
214,3,,aufstehen,He got up at 7 o'clock.,aufgestanden,Er ist um 7 Uhr aufgestanden.,Er _____ um 7 Uhr aufgestanden.,ist
215,3,,wiederholen,I repeated the question.,wiederholt,Ich habe die Frage wiederholt.,Ich _____ die Frage wiederholt.,habe
216,3,,übersetzen,He translated the text.,übersetzt,Er hat den Text übersetzt.,Er _____ den Text übersetzt.,hat
217,3,,wohnen,We lived in Munich.,gewohnt,Wir haben in München gewohnt.,Wir _____ in München gewohnt.,haben
218,3,,schreiben,She wrote a letter.,geschrieben,Sie hat einen Brief geschrieben.,Sie _____ einen Brief geschrieben.,hat
219,3,,anziehen,I put on a jacket.,angezogen,Ich habe eine Jacke angezogen.,Ich _____ eine Jacke angezogen.,habe
220,3,,ausziehen,He moved out of the apartment.,ausgezogen,Er ist aus der Wohnung ausgezogen.,Er _____ aus der Wohnung ausgezogen.,ist
221,3,,buchstabieren,I spelled the word.,buchstabiert,Ich habe das Wort buchstabiert.,Ich _____ das Wort buchstabiert.,habe
222,3,,tragen,She wore a red dress.,getragen,Sie hat ein rotes Kleid getragen.,Sie _____ ein rotes Kleid getragen.,hat
223,3,,interessieren,I was interested in art.,interessiert,Ich habe mich für Kunst interessiert.,Ich _____ mich für Kunst interessiert.,habe
224,3,,ziehen,He pulled the door.,gezogen,Er hat die Tür gezogen.,Er _____ die Tür gezogen.,hat
225,3,,lesen,I read a book.,gelesen,Ich habe ein Buch gelesen.,Ich _____ ein Buch gelesen.,habe
226,4,,bedeuten,"to mean, to signify",bedeutet,,,bedeutet
227,4,,bestimmen,to determine,bestimmt,,,bestimmt
228,4,sich,holen,to fetch,geholt,,,geholt
229,4,,funktionieren,"to function, to work",funktioniert,,,funktioniert
230,4,sich,fühlen,"to feel, to feel something (good/bad) (refl.)",gefühlt,,,gefühlt
231,4,,kosten,"to cost, to taste",gekostet,,,gekostet
232,4,sich,erinnern,"to remind, to remember (refl.)",erinnert,,,erinnert
233,4,sich,verletzen,"to hurt, to injure, to violate (rules, laws, etc.)",verletzt,,,verletzt
234,4,,anrufen,"to call by telephone, to call on (someone)",angerufen,,,angerufen
235,4,,aufhören,"to stop, to cease an activity/process",aufgehört,,,aufgehört
236,4,,führen,"to lead, to guide",geführt,,,geführt
237,4,,anfangen,to begin something new,angefangen,,,angefangen
238,4,,gewinnen,to win,gewonnen,,,gewonnen
239,4,,regnen,to rain,geregnet,,,geregnet
240,4,,schneien,to snow,geschneite,,,geschneite
241,4,,wehtun,"to hurt, to be painful",wehgetan,,,wehgetan
242,4,,diskutieren,"to discuss, to debate",diskutiert,,,diskutiert
243,4,,tanzen,to dance,getanzt,,,getanzt
244,4,,öffnen,to open (formal),geöffnet,,,geöffnet
245,4,,bezahlen,"to pay, to pay someone",bezahlt,,,bezahlt
246,4,,beginnen,to begin (on a date/time),begonnen,,,begonnen
247,4,,benutzen,to use (something),benutzt,,,benutzt
248,4,,schicken,to send,geschickt,,,geschickt
249,4,,lachen,to laugh,gelacht,,,gelacht
250,4,,scheinen,"to seem, to shine",geschienen,,,geschienen
251,4,sich,ändern,to change (one's personality/behavior),geändert,,,geändert
252,4,,bitten,"to ask, to request",gebeten,,,gebeten
253,4,,aufmachen,"to open (coll.), to head/move off (refl.), to undo something",aufgemacht,,,aufgemacht
254,4,,verkaufen,to sell,verkauft,,,verkauft
255,4,,gehören,to belong to,gehört,,,gehört
256,4,,sitzen,"to be seated, to stay, to fit (of clothing)",gesessen,,,gesessen
257,4,,stellen,"to position, to put, to catch",gestellt,,,gestellt
258,4,,setzen,"to set, to sit down (refl.)",gesetzt,,,gesetzt
259,4,,liegen,"to lie, to be located",gelegen,,,gelegen
260,4,,danken,to thank,gedankt,,,gedankt
261,4,,legen,"to lay, to lean, to lie down",gelegt,,,gelegt
262,4,,schauen,to look at (Bayern/Austria),geschaut,,,geschaut
263,4,,singen,to sing,gesungen,,,gesungen
264,4,,besuchen,to visit,besucht,,,besucht
265,4,sich,freuen,"to make glad, to be glad (refl.), to look forward (refl.)",gefreut,,,gefreut
266,4,,schliessen,"to shut, to close, to lock, to conclude",geschlossen,,,geschlossen
267,4,,einladen,"to invite, to load (something into a container)",eingeladen,,,eingeladen
268,4,sich,gefallen,"to please, to appeal to",gefallen,,,gefallen
269,4,,verdienen,to earn,verdient,,,verdient
270,4,,wünschen,to wish,gewünscht,,,gewünscht
271,4,,passen,"to fit, to suit",gepasst,,,gepasst
272,4,,verändern,"to alter, to change something",verändert,,,verändert
273,4,,folgen,to follow,gefolgt,,,gefolgt
274,4,sich,ansehen,"to look at something, to watch something",angesehen,,,angesehen
275,4,,aussehen,"to look (like), to appear",ausgesehen,,,ausgesehen
276,4,,besitzen,"to own, to possess, to have",besessen,,,besessen
277,4,,probieren,"to try, to taste, to sample, to probe",probiert,,,probiert
278,4,,träumen,to dream,geträumt,,,geträumt
279,4,,bestellen,"to order (e.g. food), to summon, to reserve",bestellt,,,bestellt
280,4,,reisen,to travel,gereist,,,gereist
281,4,,feiern,to celebrate,gefeiert,,,gefeiert
282,4,,antworten,"to answer, to reply",geantwortet,,,geantwortet
283,4,,wählen,"to choose, to dial (a number), to vote",gewählt,,,gewählt
284,4,,ausgehen,"to go out, to run out (e.g. of money)",ausgegangen,,,ausgegangen
285,4,,zählen,to count,gezählt,,,gezählt
286,4,,fernsehen,to watch TV,ferngesehen,,,ferngesehen
287,4,,ankommen,"to arrive, to depend on something",angekommen,,,angekommen
288,4,,dauern,"to last, to take (time)",gedauert,,,gedauert
289,4,,kennenlernen,"to meet someone, to get to know someone/something",kennengelernt,,,kennengelernt
290,4,,treiben,"to practice (sport), to propel, to put forth, to urge (figuratively), to fuck, to float, to sprout, to get up to",getrieben,,,getrieben
291,4,,unterrichten,"to teach, to inform",unterrichtet,,,unterrichtet
292,4,,zustimmen,"to agree, to consent",zugestimmt,,,zugestimmt
293,4,sich,anmelden,"to register, to sign up",angemeldet,,,angemeldet
294,4,,lassen,"to let, to stop (something)",gelassen,,,gelassen
295,4,sich,verlassen,"to leave, to trust with something (refl.), to pass away, to die",verlassen,,,verlassen
296,4,,helfen,to help,geholfen,,,geholfen
297,4,sich,bewegen,to move,bewegt,,,bewegt
298,4,,vertrauen,to trust,vertraut,,,vertraut
299,4,,versprechen,"to promise, to hope for, to misspeak",versprochen,,,versprochen
300,4,,hängen,"to hang, to be fond of, depend on",gehangen,,,gehangen
301,5,,bedeuten,That meant a lot.,bedeutet,Das hat viel bedeutet.,Das hat viel _____.,bedeutet
302,5,,bestimmen,She set the appointment.,bestimmt,Sie hat den Termin bestimmt.,Sie hat den Termin _____.,bestimmt
303,5,,holen,I fetched the newspaper.,geholt,Ich habe die Zeitung geholt.,Ich habe die Zeitung _____.,geholt
304,5,,funktionieren,The computer worked.,funktioniert,Der Computer hat funktioniert.,Der Computer hat _____.,funktioniert
305,5,,fühlen,I felt bad.,gefühlt,Ich habe mich schlecht gefühlt.,Ich habe mich schlecht _____.,gefühlt
306,5,,kosten,That cost a lot of money.,gekostet,Das hat viel Geld gekostet.,Das hat viel Geld _____.,gekostet
307,5,,erinnern,I remembered that.,erinnert,Ich habe mich daran erinnert.,Ich habe mich daran _____.,erinnert
308,5,,verletzen,He got injured.,verletzt,Er hat sich verletzt.,Er hat sich _____.,verletzt
309,5,,anrufen,I called my mother.,angerufen,Ich habe meine Mutter angerufen.,Ich habe meine Mutter _____.,angerufen
310,5,,aufhören,He stopped smoking.,aufgehört,Er hat mit dem Rauchen aufgehört.,Er hat mit dem Rauchen _____.,aufgehört
311,5,,führen,He led the group.,geführt,Er hat die Gruppe geführt.,Er hat die Gruppe _____.,geführt
312,5,,anfangen,We started the work.,angefangen,Wir haben mit der Arbeit angefangen.,Wir haben mit der Arbeit _____.,angefangen
313,5,,gewinnen,He won the game.,gewonnen,Er hat das Spiel gewonnen.,Er hat das Spiel _____.,gewonnen
314,5,,regnen,It rained all night.,geregnet,Es hat die ganze Nacht geregnet.,Es hat die ganze Nacht _____.,geregnet
315,5,,schneien,It snowed yesterday.,geschneit,Es hat gestern geschneit.,Es hat gestern _____.,geschneit
316,5,,wehtun,My head hurt.,wehgetan,Mein Kopf hat wehgetan.,Mein Kopf hat _____.,wehgetan
317,5,,diskutieren,We discussed for a long time.,diskutiert,Wir haben lange diskutiert.,Wir haben lange _____.,diskutiert
318,5,,tanzen,She danced all night.,getanzt,Sie hat die ganze Nacht getanzt.,Sie hat die ganze Nacht _____.,getanzt
319,5,,öffnen,He opened the door.,geöffnet,Er hat die Tür geöffnet.,Er hat die Tür _____.,geöffnet
320,5,,bezahlen,I paid for the drinks.,bezahlt,Ich habe die Getränke bezahlt.,Ich habe die Getränke _____.,bezahlt
321,5,,beginnen,The concert started at 8 o'clock.,begonnen,Das Konzert hat um 8 Uhr begonnen.,Das Konzert hat um 8 Uhr _____.,begonnen
322,5,,benutzen,I used the tool.,benutzt,Ich habe das Werkzeug benutzt.,Ich habe das Werkzeug _____.,benutzt
323,5,,schicken,He sent me an email.,geschickt,Er hat mir eine E-Mail geschickt.,Er hat mir eine E-Mail _____.,geschickt
324,5,,lachen,We laughed a lot.,gelacht,Wir haben viel gelacht.,Wir haben viel _____.,gelacht
325,5,,scheinen,The sun was shining.,geschienen,Die Sonne hat geschienen.,Die Sonne hat _____.,geschienen
326,5,,ändern,I changed my opinion.,geändert,Ich habe meine Meinung geändert.,Ich habe meine Meinung _____.,geändert
327,5,,bitten,He asked me for help.,gebeten,Er hat mich um Hilfe gebeten.,Er hat mich um Hilfe _____.,gebeten
328,5,,aufmachen,I opened the door.,aufgemacht,Ich habe die Tür aufgemacht.,Ich habe die Tür _____.,aufgemacht
329,5,,verkaufen,She sold her old car.,verkauft,Sie hat ihr altes Auto verkauft.,Sie hat ihr altes Auto _____.,verkauft
330,5,,gehören,The book belonged to me.,gehört,Das Buch hat mir gehört.,Das Buch hat mir _____.,gehört
331,5,,sitzen,I sat on the chair for a long time.,gesessen,Ich habe lange auf dem Stuhl gesessen.,Ich habe lange auf dem Stuhl _____.,gesessen
332,5,,stellen,I placed the vase on the table.,gestellt,Ich habe die Vase auf den Tisch gestellt.,Ich habe die Vase auf den Tisch _____.,gestellt
333,5,,setzen,I sat down on the chair.,gesetzt,Ich habe mich auf den Stuhl gesetzt.,Ich habe mich auf den Stuhl _____.,gesetzt
334,5,,liegen,The book was lying on the table.,gelegen,Das Buch hat auf dem Tisch gelegen.,Das Buch hat auf dem Tisch _____.,gelegen
335,5,,danken,I thanked him for his help.,gedankt,Ich habe ihm für seine Hilfe gedankt.,Ich habe ihm für seine Hilfe _____.,gedankt
336,5,,legen,I laid the phone on the table.,gelegt,Ich habe das Handy auf den Tisch gelegt.,Ich habe das Handy auf den Tisch _____.,gelegt
337,5,,schauen,He looked out of the window.,geschaut,Er hat aus dem Fenster geschaut.,Er hat aus dem Fenster _____.,geschaut
338,5,,singen,She sang a beautiful song.,gesungen,Sie hat ein schönes Lied gesungen.,Sie hat ein schönes Lied _____.,gesungen
339,5,,besuchen,We visited our grandparents.,besucht,Wir haben unsere Großeltern besucht.,Wir haben unsere Großeltern _____.,besucht
340,5,,freuen,I was happy about the gift.,gefreut,Ich habe mich über das Geschenk gefreut.,Ich habe mich über das Geschenk _____.,gefreut
341,5,,schliessen,He closed the window.,geschlossen,Er hat das Fenster geschlossen.,Er hat das Fenster _____.,geschlossen
342,5,,einladen,I invited him to the party.,eingeladen,Ich habe ihn zur Party eingeladen.,Ich habe ihn zur Party _____.,eingeladen
343,5,,gefallen,I liked the movie.,gefallen,Der Film hat mir gefallen.,Der Film hat mir _____.,gefallen
344,5,,verdienen,He earned a lot of money.,verdient,Er hat viel Geld verdient.,Er hat viel Geld _____.,verdient
345,5,,wünschen,I wished for a new bike.,gewünscht,Ich habe mir ein neues Fahrrad gewünscht.,Ich habe mir ein neues Fahrrad _____.,gewünscht
346,5,,passen,The shoes didn't fit me.,gepasst,Die Schuhe haben mir nicht gepasst.,Die Schuhe haben mir nicht _____.,gepasst
347,5,,verändern,She changed her life.,verändert,Sie hat ihr Leben verändert.,Sie hat ihr Leben _____.,verändert
348,5,,folgen,The dog followed me.,gefolgt,Der Hund ist mir gefolgt.,Der Hund ist mir _____.,gefolgt
349,5,,ansehen,I watched a movie.,angesehen,Ich habe mir einen Film angesehen.,Ich habe mir einen Film _____.,angesehen
350,5,,aussehen,He looked tired.,ausgesehen,Er hat müde ausgesehen.,Er hat müde _____.,ausgesehen
351,5,,besitzen,He owned a big house.,besessen,Er hat ein großes Haus besessen.,Er hat ein großes Haus _____.,besessen
352,5,,probieren,I tried the new dish.,probiert,Ich habe das neue Gericht probiert.,Ich habe das neue Gericht _____.,probiert
353,5,,träumen,I dreamed of a vacation.,geträumt,Ich habe von einem Urlaub geträumt.,Ich habe von einem Urlaub _____.,geträumt
354,5,,bestellen,He ordered a pizza.,bestellt,Er hat eine Pizza bestellt.,Er hat eine Pizza _____.,bestellt
355,5,,reisen,We traveled to Italy.,gereist,Wir sind nach Italien gereist.,Wir sind nach Italien _____.,gereist
356,5,,feiern,We celebrated his birthday.,gefeiert,Wir haben seinen Geburtstag gefeiert.,Wir haben seinen Geburtstag _____.,gefeiert
357,5,,antworten,She answered my question.,geantwortet,Sie hat auf meine Frage geantwortet.,Sie hat auf meine Frage _____.,geantwortet
358,5,,wählen,He chose the best candidate.,gewählt,Er hat den besten Kandidaten gewählt.,Er hat den besten Kandidaten _____.,gewählt
359,5,,ausgehen,We went out last night.,ausgegangen,Wir sind gestern Abend ausgegangen.,Wir sind gestern Abend _____.,ausgegangen
360,5,,zählen,I counted the money.,gezählt,Ich habe das Geld gezählt.,Ich habe das Geld _____.,gezählt
361,5,,fernsehen,He watched TV all evening.,ferngesehen,Er hat den ganzen Abend ferngesehen.,Er hat den ganzen Abend _____.,ferngesehen
362,5,,ankommen,We arrived on time.,angekommen,Wir sind pünktlich angekommen.,Wir sind pünktlich _____.,angekommen
363,5,,dauern,The movie lasted two hours.,gedauert,Der Film hat zwei Stunden gedauert.,Der Film hat zwei Stunden _____.,gedauert
364,5,,kennenlernen,I met many new people.,kennengelernt,Ich habe viele neue Leute kennengelernt.,Ich habe viele neue Leute _____.,kennengelernt
365,5,,treiben,He did a lot of sports.,getrieben,Er hat viel Sport getrieben.,Er hat viel Sport _____.,getrieben
366,5,,unterrichten,She taught many students.,unterrichtet,Sie hat viele Schüler unterrichtet.,Sie hat viele Schüler _____.,unterrichtet
367,5,,zustimmen,He agreed with the proposal.,zugestimmt,Er hat dem Vorschlag zugestimmt.,Er hat dem Vorschlag _____.,zugestimmt
368,5,,anmelden,I registered for the course.,angemeldet,Ich habe mich für den Kurs angemeldet.,Ich habe mich für den Kurs _____.,angemeldet
369,5,,lassen,I left my phone at home.,gelassen,Ich habe mein Handy zu Hause gelassen.,Ich habe mein Handy zu Hause _____.,gelassen
370,5,,verlassen,He left the house.,verlassen,Er hat das Haus verlassen.,Er hat das Haus _____.,verlassen
371,5,,helfen,I helped him with the work.,geholfen,Ich habe ihm bei der Arbeit geholfen.,Ich habe ihm bei der Arbeit _____.,geholfen
372,5,,bewegen,He moved the table.,bewegt,Er hat den Tisch bewegt.,Er hat den Tisch _____.,bewegt
373,5,,vertrauen,I always trusted him.,vertraut,Ich habe ihm immer vertraut.,Ich habe ihm immer _____.,vertraut
374,5,,versprechen,He helped me as he promised.,versprochen,"Er hat mir geholfen, wie er es versprochen hat.","Er hat mir geholfen, wie er es _____ hat.",versprochen
375,5,,hängen,The picture was hanging on the wall.,gehangen,Das Bild hat an der Wand gehangen.,Das Bild hat an der Wand _____.,gehangen
376,6,,bedeuten,That meant a lot.,bedeutet,Das hat viel bedeutet.,Das _____ viel bedeutet.,hat
377,6,,bestimmen,She set the appointment.,bestimmt,Sie hat den Termin bestimmt.,Sie _____ den Termin bestimmt.,hat
378,6,,holen,I fetched the newspaper.,geholt,Ich habe die Zeitung geholt.,Ich _____ die Zeitung geholt.,habe
379,6,,funktionieren,The computer worked.,funktioniert,Der Computer hat funktioniert.,Der Computer _____ funktioniert.,hat
380,6,,fühlen,I felt bad.,gefühlt,Ich habe mich schlecht gefühlt.,Ich _____ mich schlecht gefühlt.,habe
381,6,,kosten,That cost a lot of money.,gekostet,Das hat viel Geld gekostet.,Das _____ viel Geld gekostet.,hat
382,6,,erinnern,I remembered that.,erinnert,Ich habe mich daran erinnert.,Ich _____ mich daran erinnert.,habe
383,6,,verletzen,He got injured.,verletzt,Er hat sich verletzt.,Er _____ sich verletzt.,hat
384,6,,anrufen,I called my mother.,angerufen,Ich habe meine Mutter angerufen.,Ich _____ meine Mutter angerufen.,habe
385,6,,aufhören,He stopped smoking.,aufgehört,Er hat mit dem Rauchen aufgehört.,Er _____ mit dem Rauchen aufgehört.,hat
386,6,,führen,He led the group.,geführt,Er hat die Gruppe geführt.,Er _____ die Gruppe geführt.,hat
387,6,,anfangen,We started the work.,angefangen,Wir haben mit der Arbeit angefangen.,Wir _____ mit der Arbeit angefangen.,haben
388,6,,gewinnen,He won the game.,gewonnen,Er hat das Spiel gewonnen.,Er _____ das Spiel gewonnen.,hat
389,6,,regnen,It rained all night.,geregnet,Es hat die ganze Nacht geregnet.,Es _____ die ganze Nacht geregnet.,hat
390,6,,schneien,It snowed yesterday.,geschneit,Es hat gestern geschneit.,Es _____ gestern geschneit.,hat
391,6,,wehtun,My head hurt.,wehgetan,Mein Kopf hat wehgetan.,Mein Kopf _____ wehgetan.,hat
392,6,,diskutieren,We discussed for a long time.,diskutiert,Wir haben lange diskutiert.,Wir _____ lange diskutiert.,haben
393,6,,tanzen,She danced all night.,getanzt,Sie hat die ganze Nacht getanzt.,Sie _____ die ganze Nacht getanzt.,hat
394,6,,öffnen,He opened the door.,geöffnet,Er hat die Tür geöffnet.,Er _____ die Tür geöffnet.,hat
395,6,,bezahlen,I paid for the drinks.,bezahlt,Ich habe die Getränke bezahlt.,Ich _____ die Getränke bezahlt.,habe
396,6,,beginnen,The concert started at 8 o'clock.,begonnen,Das Konzert hat um 8 Uhr begonnen.,Das Konzert _____ um 8 Uhr begonnen.,hat
397,6,,benutzen,I used the tool.,benutzt,Ich habe das Werkzeug benutzt.,Ich _____ das Werkzeug benutzt.,habe
398,6,,schicken,He sent me an email.,geschickt,Er hat mir eine E-Mail geschickt.,Er _____ mir eine E-Mail geschickt.,hat
399,6,,lachen,We laughed a lot.,gelacht,Wir haben viel gelacht.,Wir _____ viel gelacht.,haben
400,6,,scheinen,The sun was shining.,geschienen,Die Sonne hat geschienen.,Die Sonne _____ geschienen.,hat
401,6,,ändern,I changed my opinion.,geändert,Ich habe meine Meinung geändert.,Ich _____ meine Meinung geändert.,habe
402,6,,bitten,He asked me for help.,gebeten,Er hat mich um Hilfe gebeten.,Er _____ mich um Hilfe gebeten.,hat
403,6,,aufmachen,I opened the door.,aufgemacht,Ich habe die Tür aufgemacht.,Ich _____ die Tür aufgemacht.,habe
404,6,,verkaufen,She sold her old car.,verkauft,Sie hat ihr altes Auto verkauft.,Sie _____ ihr altes Auto verkauft.,hat
405,6,,gehören,The book belonged to me.,gehört,Das Buch hat mir gehört.,Das Buch _____ mir gehört.,hat
406,6,,sitzen,I sat on the chair for a long time.,gesessen,Ich habe lange auf dem Stuhl gesessen.,Ich _____ lange auf dem Stuhl gesessen.,habe
407,6,,stellen,I placed the vase on the table.,gestellt,Ich habe die Vase auf den Tisch gestellt.,Ich _____ die Vase auf den Tisch gestellt.,habe
408,6,,setzen,I sat down on the chair.,gesetzt,Ich habe mich auf den Stuhl gesetzt.,Ich _____ mich auf den Stuhl gesetzt.,habe
409,6,,liegen,The book was lying on the table.,gelegen,Das Buch hat auf dem Tisch gelegen.,Das Buch _____ auf dem Tisch gelegen.,hat
410,6,,danken,I thanked him for his help.,gedankt,Ich habe ihm für seine Hilfe gedankt.,Ich _____ ihm für seine Hilfe gedankt.,habe
411,6,,legen,I laid the phone on the table.,gelegt,Ich habe das Handy auf den Tisch gelegt.,Ich _____ das Handy auf den Tisch gelegt.,habe
412,6,,schauen,He looked out of the window.,geschaut,Er hat aus dem Fenster geschaut.,Er _____ aus dem Fenster geschaut.,hat
413,6,,singen,She sang a beautiful song.,gesungen,Sie hat ein schönes Lied gesungen.,Sie _____ ein schönes Lied gesungen.,hat
414,6,,besuchen,We visited our grandparents.,besucht,Wir haben unsere Großeltern besucht.,Wir _____ unsere Großeltern besucht.,haben
415,6,,freuen,I was happy about the gift.,gefreut,Ich habe mich über das Geschenk gefreut.,Ich _____ mich über das Geschenk gefreut.,habe
416,6,,schliessen,He closed the window.,geschlossen,Er hat das Fenster geschlossen.,Er _____ das Fenster geschlossen.,hat
417,6,,einladen,I invited him to the party.,eingeladen,Ich habe ihn zur Party eingeladen.,Ich _____ ihn zur Party eingeladen.,habe
418,6,,gefallen,I liked the movie.,gefallen,Der Film hat mir gefallen.,Der Film _____ mir gefallen.,hat
419,6,,verdienen,He earned a lot of money.,verdient,Er hat viel Geld verdient.,Er _____ viel Geld verdient.,hat
420,6,,wünschen,I wished for a new bike.,gewünscht,Ich habe mir ein neues Fahrrad gewünscht.,Ich _____ mir ein neues Fahrrad gewünscht.,habe
421,6,,passen,The shoes didn't fit me.,gepasst,Die Schuhe haben mir nicht gepasst.,Die Schuhe _____ mir nicht gepasst.,haben
422,6,,verändern,She changed her life.,verändert,Sie hat ihr Leben verändert.,Sie _____ ihr Leben verändert.,hat
423,6,,folgen,The dog followed me.,gefolgt,Der Hund ist mir gefolgt.,Der Hund _____ mir gefolgt.,ist
424,6,,ansehen,I watched a movie.,angesehen,Ich habe mir einen Film angesehen.,Ich _____ mir einen Film angesehen.,habe
425,6,,aussehen,He looked tired.,ausgesehen,Er hat müde ausgesehen.,Er _____ müde ausgesehen.,hat
426,6,,besitzen,He owned a big house.,besessen,Er hat ein großes Haus besessen.,Er _____ ein großes Haus besessen.,hat
427,6,,probieren,I tried the new dish.,probiert,Ich habe das neue Gericht probiert.,Ich _____ das neue Gericht probiert.,habe
428,6,,träumen,I dreamed of a vacation.,geträumt,Ich habe von einem Urlaub geträumt.,Ich _____ von einem Urlaub geträumt.,habe
429,6,,bestellen,He ordered a pizza.,bestellt,Er hat eine Pizza bestellt.,Er _____ eine Pizza bestellt.,hat
430,6,,reisen,We traveled to Italy.,gereist,Wir sind nach Italien gereist.,Wir _____ nach Italien gereist.,sind
431,6,,feiern,We celebrated his birthday.,gefeiert,Wir haben seinen Geburtstag gefeiert.,Wir _____ seinen Geburtstag gefeiert.,haben
432,6,,antworten,She answered my question.,geantwortet,Sie hat auf meine Frage geantwortet.,Sie _____ auf meine Frage geantwortet.,hat
433,6,,wählen,He chose the best candidate.,gewählt,Er hat den besten Kandidaten gewählt.,Er _____ den besten Kandidaten gewählt.,hat
434,6,,ausgehen,We went out last night.,ausgegangen,Wir sind gestern Abend ausgegangen.,Wir _____ gestern Abend ausgegangen.,sind
435,6,,zählen,I counted the money.,gezählt,Ich habe das Geld gezählt.,Ich _____ das Geld gezählt.,habe
436,6,,fernsehen,He watched TV all evening.,ferngesehen,Er hat den ganzen Abend ferngesehen.,Er _____ den ganzen Abend ferngesehen.,hat
437,6,,ankommen,We arrived on time.,angekommen,Wir sind pünktlich angekommen.,Wir _____ pünktlich angekommen.,sind
438,6,,dauern,The movie lasted two hours.,gedauert,Der Film hat zwei Stunden gedauert.,Der Film _____ zwei Stunden gedauert.,hat
439,6,,kennenlernen,I met many new people.,kennengelernt,Ich habe viele neue Leute kennengelernt.,Ich _____ viele neue Leute kennengelernt.,habe
440,6,,treiben,He did a lot of sports.,getrieben,Er hat viel Sport getrieben.,Er _____ viel Sport getrieben.,hat
441,6,,unterrichten,She taught many students.,unterrichtet,Sie hat viele Schüler unterrichtet.,Sie _____ viele Schüler unterrichtet.,hat
442,6,,zustimmen,He agreed with the proposal.,zugestimmt,Er hat dem Vorschlag zugestimmt.,Er _____ dem Vorschlag zugestimmt.,hat
443,6,,anmelden,I registered for the course.,angemeldet,Ich habe mich für den Kurs angemeldet.,Ich _____ mich für den Kurs angemeldet.,habe
444,6,,lassen,I left my phone at home.,gelassen,Ich habe mein Handy zu Hause gelassen.,Ich _____ mein Handy zu Hause gelassen.,habe
445,6,,verlassen,He left the house.,verlassen,Er hat das Haus verlassen.,Er _____ das Haus verlassen.,hat
446,6,,helfen,I helped him with the work.,geholfen,Ich habe ihm bei der Arbeit geholfen.,Ich _____ ihm bei der Arbeit geholfen.,habe
447,6,,bewegen,He moved the table.,bewegt,Er hat den Tisch bewegt.,Er _____ den Tisch bewegt.,hat
448,6,,vertrauen,I always trusted him.,vertraut,Ich habe ihm immer vertraut.,Ich _____ ihm immer vertraut.,habe
449,6,,versprechen,He helped me as he promised.,versprochen,"Er hat mir geholfen, wie er es versprochen hat.","Er _____ mir geholfen, wie er es versprochen _____.",hat
450,6,,hängen,The picture was hanging on the wall.,gehangen,Das Bild hat an der Wand gehangen.,Das Bild _____ an der Wand gehangen.,hat
451,7,,stimmen,"to be true, to vote, to tune",gestimmt,,,
452,7,,mieten,"to rent, to hire",gemietet,,,
453,7,,kämpfen,"to fight, to struggle",gekämpft,,,
454,7,,üben,to practice,geübt,,,
455,7,,fehlen,"to lack, to be absent/missing",gefehlt,,,
456,7,,entscheiden,to decide,entschieden,,,
457,7,,sorgen,"to care, to worry",gesorgt,,,
458,7,,stecken,"to stick, to pin",gesteckt,,,
459,7,,überraschen,to surprise,überrascht,,,
460,7,,vorstellen,"to introduce, to present oneself (refl.), to move forward, to represent",vorgestellt,,,
461,7,,klingen,to sound,geklungen,,,
462,7,,stehlen,to steal (formal),gestohlen,,,
463,7,,rufen,"to call out, to call for help, to telephone",gerufen,,,
464,7,,vermissen,to miss something/someone,vermisst,,,
465,7,,werfen,to throw,geworfen,,,
466,7,,erkennen,"to recognise, to realise",erkannt,,,
467,7,,teilen,"to split, to share, to divide",geteilt,,,
468,7,,bauen,to build,gebaut,,,
469,7,,putzen,"to clean, to rub",geputzt,,,
470,7,,entspannen,"to relax (refl.), to relieve pressure",entspannt,,,
471,7,,unterschreiben,to sign (write one's signature),unterschrieben,,,
472,7,,melden,"to report, to register",gemeldet,,,
473,7,,bestehen,"to succeed, to pass (an exam), to consist, to insist",bestanden,,,
474,7,,planen,to plan,geplant,,,
475,7,,brechen,to break,gebrochen,,,
476,7,,zerstören,to destroy,zerstört,,,
477,7,,merken,"to notice, to realise, to remember (refl.)",gemerkt,,,
478,7,,verbringen,to spend (time),verbracht,,,
479,7,,bemerken,"to notice, to remark something",bemerkt,,,
480,7,,weinen,"to weep, cry",geweint,,,
481,7,,entdecken,"to discover, to spot",entdeckt,,,
482,7,,lügen,"to lie, to give false information (unintentionally)",gelogen,,,
483,7,,einschlafen,to fall asleep,eingeschlafen,,,
484,7,,vorbereiten,"to prepare (in advance), to prepare oneself (refl.)",vorbereitet,,,
485,7,,enden,to end (passive),geendet,,,
486,7,,aussprechen,"to pronounce, express",ausgesprochen,,,
487,7,,stören,"to disturb, to interfere",gestört,,,
488,7,,buchen,"to book, to reserve",gebucht,,,
489,7,,liefern,"to deliver something, to provide something, to furnish",geliefert,,,
490,7,,fliegen,to fly,geflogen,,,
491,7,,abgeben,"to hand something in, to emit something, to deliver something, to cede something",abgegeben,,,
492,7,,annehmen,"to accept, to assume (a hypothesis), to receive, to suppose",angenommen,,,
493,7,,übernehmen,to take over,übernommen,,,
494,7,,stattfinden,"to take place, to occur",stattgefunden,,,
495,7,,fangen,to catch,gefangen,,,
496,7,,enthalten,"to contain, to include",enthalten,,,
497,7,,empfehlen,"to recommend, to suggest",empfohlen,,,
498,7,,dienen,"to serve, to function",gedient,,,
499,7,,verschwinden,"to disappear, to get lost",verschwunden,,,
500,7,,schneiden,"to cut, to prune",geschnitten,,,
501,7,,schaffen,"to create, to produce, to achieve/reach a goal",geschafft,,,
502,7,,schützen,"to defend (lawyer), to protect (sunprotection)",geschützt,,,
503,7,,nennen,"to name, to call someone something, to mention",genannt,,,
504,7,,erfahren,"to experience, to find out, to learn",erfahren,,,
505,7,,schätzen,"to appreciate, to evaluate, to guess",geschätzt,,,
506,7,,erwarten,"to expect, to await",erwartet,,,
507,7,,rauchen,to smoke (e.g. a cigarete),geraucht,,,
508,7,,sterben,to die,gestorben,,,
509,7,,töten,to kill,getötet,,,
510,7,,drehen,"to turn, to veer",gedreht,,,
511,7,,behalten,to keep,behalten,,,
512,7,,heiraten,to marry,geheiratet,,,
513,7,,verheiraten,"to marry (to perform the marriage), to get married (refl.)",verheiratet,,,
514,7,,beenden,"to finish, to complete, to terminate (relationship)",beendet,,,
515,7,,verpassen,"to miss (to be late for something, e.g. a train)",verpasst,,,
516,7,,beantworten,to answer (a question),beantwortet,,,
517,7,,schenken,"to gift, to give as a present",geschenkt,,,
518,7,,wachsen,"to grow, to increase",gewachsen,,,
519,7,,bilden,"to form, to educate oneself (refl.)",gebildet,,,
520,7,,ausbilden,to train for a profession,ausgebildet,,,
521,7,,beschreiben,to describe,beschrieben,,,
522,7,,verbinden,"to join, to connect, to bandage",verbunden,,,
523,7,,springen,"to spring, to jump",gesprungen,,,
524,7,,befinden,"to be located (refl.), to find, to consider (formal)",befunden,,,
525,7,,raten,"to advise, to recommend, to guess",geraten,,,
526,8,,verbieten,"to forbid, to prohibit (with dative)",verboten,,,
527,8,,bieten,"to offer, to bid, to arise, to occur (of an opportunity) (refl.)",geboten,,,
528,8,,schmecken,to taste,geschmeckt,,,
529,8,,kontrollieren,"to control, to check",kontrolliert,,,
530,8,,spüren,to sense,gespürt,,,
531,8,,fallen,"to fall, to fall in battle, to collapse",gefallen,,,
532,8,,kümmern,"to take care (refl.), to trouble, to concern",gekümmert,,,
533,8,,drucken,to print,gedruckt,,,
534,8,,drücken,"to press, to push",gedrückt,,,
535,8,,steigen,"to ascend, to climb, to rise",gestiegen,,,
536,8,,vergleichen,to compare,verglichen,,,
537,8,,achten,"to respect, to regard someone, to pay attention to something",geachtet,,,
538,8,,mitnehmen,"to carry along, to pick up (something), to take away",mitgenommen,,,
539,8,,mitbringen,"to bring along, to bring with",mitgebracht,,,
540,8,,begrüssen,"to welcome, to greet",begrüsst,,,
541,8,,nerven,"to annoy someone, to get on someone's nerves",genervt,,,
542,8,,tauschen,"to swap, to trade, to exchange",getauscht,,,
543,8,,besprechen,to discuss (work related),besprochen,,,
544,8,,lösen,"to loosen, to separate, to remove, to solve",gelöst,,,
545,8,,sammeln,"to collect, to gather",gesammelt,,,
546,8,,aufpassen,"to watch out, to look after something, to be attentive with something",aufgepasst,,,
547,8,,betrinken,to get drunk (refl.),betrunken,,,
548,8,,küssen,"to kiss, to make out",geküsst,,,
549,8,,schreien,"to shout, to yell, to scream",geschrien,,,
550,8,,erwachsen,"to grow up, to spring up, to accrue",erwachsen,,,
551,8,,gucken,"to look, to watch, to have a certain facial expression (Northern Germany)",geguckt,,,
552,8,,atmen,to breathe,geatmet,,,
553,8,,erfinden,"to invent, to fabricate (something untrue), to find out",erfunden,,,
554,8,,rennen,"to race, to sprint, to run over someone (aux. with haben)",gerannt,,,
555,8,,beten,to pray,gebetet,,,
556,8,,wiedersehen,"to see again, to meet again",wiedergesehen,,,
557,8,,lächeln,to smile,gelächelt,,,
558,8,,hassen,to hate,gehasst,,,
559,8,,entschuldigen,"to excuse, to apologise",entschuldigt,,,
560,8,,verlieben,to fall in love (refl.),verliebt,,,
561,8,,verstecken,to hide,versteckt,,,
562,8,,enttäuschen,to disappoint,enttäuscht,,,
563,8,,zurückbringen,"to return something, to restore",zurückgebracht,,,
564,8,,zurückgehen,"to go back, to decline",zurückgegangen,,,
565,8,,zurückkommen,to return (to come back),zurückgekommen,,,
566,8,,verkleiden,"to dress up, to disguise oneself (refl.)",verkleidet,,,
567,8,,vorhaben,to have something planned,vorgehabt,,,
568,8,,ärgern,to annoy oneself (refl.),geärgert,,,
569,8,,absagen,"to call off, to cancel",abgesagt,,,
570,8,,bemühen,to make an effort,bemüht,,,
571,8,,erledigen,"to finish, to take care of, to get something done",erledigt,,,
572,8,,beschweren,to complain,beschwert,,,
573,8,,schieben,to push,geschoben,,,
574,8,,herunterladen,to download,heruntergeladen,,,
575,8,,beeilen,"to hurry, to hasten, to rush (refl.)",beeilt,,,
576,8,,entlassen,"to dismiss (from a job), to fire, to release (a prisoner or patient)",entlassen,,,
577,8,,kündigen,"to terminate, to cancel",gekündigt,,,
578,8,,sparen,"to save up, to conserve",gespart,,,
579,8,,fördern,"to promote, to support",gefördert,,,
580,8,,heben,"to lift, to raise",gehoben,,,
581,8,,ausruhen,"to rest (refl.), to relax",ausgeruht,,,
582,8,,abholen,"to pick up someone or something, to collect",abgeholt,,,
583,8,,füllen,to fill,gefüllt,,,
584,8,,wechseln,"to replace, to change, to exchange",gewechselt,,,
585,8,,wirken,"to work, to be effective, to take affect, to act",gewirkt,,,
586,8,,erleben,"to experience, to witness",erlebt,,,
587,8,,beschliessen,"to decide something, to end, to close",beschlossen,,,
588,8,,beschäftigen,"to concern oneself with something, to take care of",beschäftigt,,,
589,8,,geniessen,"to enjoy (an experience), to relish",genossen,,,
590,8,,entwickeln,to develop,entwickelt,,,
591,8,,erhalten,"to receive (passively), to maintain, to save",erhalten,,,
592,8,,erlauben,to allow/permit something to someone,erlaubt,,,
593,8,,trennen,"to separate, part, uncouple, to disconnect, to isolate",getrennt,,,
594,8,,darstellen,"to represent, to portray",dargestellt,,,
595,8,,verschieben,"to move (a meeting), to postpone, to defer",verschoben,,,
596,8,,leeren,to empty,geleert,,,
597,8,,greifen,"to grab, to seize, to reach, to capture",gegriffen,,,
598,8,,ergeben,"to produce, to arise, to result in, to turn out, to surrender (refl.)",ergeben,,,
599,8,,richten,"to direct, to judge, to be directed (""auf"" towards, ""gegen"" at)",gerichtet,,,
600,8,,entfernen,"to remove, to recede, to deviate, to desert (military)",entfernt,,,