Nr,level,question,answer,german,english,case,complement,,
1,1,the memory of,an,die Erinnerung,,,,,31
2,1,the belief in,an,der Glaube,,,,,
3,1,the answer to,auf,die Antwort,,,,,
4,1,the concentration on,auf,die Konzentration,,,,,
5,1,the hope for,auf,die Hoffnung,,,,,
6,1,the translation from,aus,die Übersetzung,,,,,
7,1,the decision for,für,die Entscheidung,,,,,
8,1,the apology for,für,die Entschuldigung,,,,,
9,1,the concern for,für,die Sorge,,,,,
10,1,the decision against,gegen,die Entscheidung,,,,,
11,1,the protest against,gegen,der Protest,,,,,
12,1,the translation into,in,die Übersetzung,,,,,
13,1,the discussion with,mit,die Diskussion,,,,,
14,1,the game with,mit,das Spiel,,,,,
15,1,the conversation with,mit,das Gespräch,,,,,
16,1,the beginning with,mit,der Anfang,,,,,
17,1,the start with,mit,der Beginn,,,,,
18,1,the question about,nach,die Frage,,,,,
19,1,the search for,nach,die Suche,,,,,
20,1,the smell of,nach,der Geruch,,,,,
21,1,the anger about,über,der Ärger,,,,,
22,1,the happiness about,über,das Glück,,,,,
23,1,the discussion about,über,die Diskussion,,,,,
24,1,the conversation about,über,das Gespräch,,,,,
25,1,the request for (something),um,die Bitte,,,,,
26,1,the request to (someone),an,die Bitte,,,X,,
27,1,the concern for,um,die Sorge,,,,,
28,1,the dream of,von,der Traum,,,,,
29,1,the expectation of,von,die Erwartung,,,,,
30,1,the fear of,vor,die Angst,,,,,
31,1,the invitation to,zu,die Einladung,,,,,
32,2,Die Erinnerung _____ den Urlaub bleibt unvergesslich.,an,Die Erinnerung an den Urlaub bleibt unvergesslich.,The memory of the vacation remains unforgettable.,,Erinnerung,,
33,2,Seine Erinnerung _____ die Kindheit ist voller Freude.,an,Seine Erinnerung an die Kindheit ist voller Freude.,His memory of childhood is full of joy.,,Erinnerung,,
34,2,Der Glaube _____ seine Fähigkeiten gab ihm Kraft.,an,Der Glaube an seine Fähigkeiten gab ihm Kraft.,The belief in his abilities gave him strength.,,Glaube,,
35,2,Ihr Glaube _____ das Gute in Menschen ist beeindruckend.,an,Ihr Glaube an das Gute in Menschen ist beeindruckend.,Her belief in the good in people is impressive.,,Glaube,,
36,2,Die Antwort _____ seine Frage war überraschend.,auf,Die Antwort auf seine Frage war überraschend.,The answer to his question was surprising.,,Antwort,,
37,2,Ihre Antwort _____ die Kritik war sehr professionell.,auf,Ihre Antwort auf die Kritik war sehr professionell.,Her response to the criticism was very professional.,,Antwort,,
38,2,Die Konzentration _____ die Aufgabe ist entscheidend.,auf,Die Konzentration auf die Aufgabe ist entscheidend.,Concentration on the task is crucial.,,Konzentration,,
39,2,Ihre Konzentration _____ die Prüfungsvorbereitung war beeindruckend.,auf,Ihre Konzentration auf die Prüfungsvorbereitung war beeindruckend.,Her focus on exam preparation was impressive.,,Konzentration,,
40,2,Die Hoffnung _____ eine bessere Zukunft bleibt bestehen.,auf,Die Hoffnung auf eine bessere Zukunft bleibt bestehen.,The hope for a better future remains.,,Hoffnung,,
41,2,Sie setzt ihre Hoffnung _____ die nächste Generation.,auf,Sie setzt ihre Hoffnung auf die nächste Generation.,She places her hope in the next generation.,,Hoffnung,,
42,2,Die Übersetzung _____ dem Englischen war sehr präzise.,aus,Die Übersetzung aus dem Englischen war sehr präzise.,The translation from English was very precise.,,Übersetzung,,
43,2,Seine Übersetzung _____ dem Spanischen wurde gelobt.,aus,Seine Übersetzung aus dem Spanischen wurde gelobt.,His translation from Spanish was praised.,,Übersetzung,,
44,2,Die Entscheidung _____ den Umzug fiel schwer.,für,Die Entscheidung für den Umzug fiel schwer.,The decision to move was difficult.,,Entscheidung,,
45,2,Ihre Entscheidung _____ das Studium wurde gut überlegt.,für,Ihre Entscheidung für das Studium wurde gut überlegt.,Her decision to study was well-considered.,,Entscheidung,,
46,2,Die Entschuldigung _____ das Missverständnis wurde akzeptiert.,für,Die Entschuldigung für das Missverständnis wurde akzeptiert.,The apology for the misunderstanding was accepted.,,Entschuldigung,,
47,2,Seine Entschuldigung _____ den Fehler war aufrichtig.,für,Seine Entschuldigung für den Fehler war aufrichtig.,His apology for the mistake was sincere.,,Entschuldigung,,
48,2,Die Sorge _____ ihre Kinder steht bei ihr an erster Stelle.,für,Die Sorge für ihre Kinder steht bei ihr an erster Stelle.,The care for her children comes first for her.,,Sorge,,
49,2,Seine Sorge _____ die Umwelt motiviert ihn zu handeln.,für,Seine Sorge für die Umwelt motiviert ihn zu handeln.,His concern for the environment motivates him to act.,,Sorge,,
50,2,Die Entscheidung _____ den Vorschlag fiel einstimmig aus.,gegen,Die Entscheidung gegen den Vorschlag fiel einstimmig aus.,The decision against the proposal was unanimous.,,Entscheidung,,
51,2,Seine Entscheidung _____ das Angebot überraschte alle.,gegen,Seine Entscheidung gegen das Angebot überraschte alle.,His decision against the offer surprised everyone.,,Entscheidung,,
52,2,Der Protest _____ die neuen Gesetze war laut.,gegen,Der Protest gegen die neuen Gesetze war laut.,The protest against the new laws was loud.,,Protest,,
53,2,Ihr Protest _____ die Änderungen fand große Unterstützung.,gegen,Ihr Protest gegen die Änderungen fand große Unterstützung.,Their protest against the changes found great support.,,Protest,,
54,2,Die Übersetzung _____ mehrere Sprachen ist geplant.,in,Die Übersetzung in mehrere Sprachen ist geplant.,The translation into several languages is planned.,,Übersetzung,,
55,2,Seine Übersetzung _____ das Deutsche war sehr präzise.,in,Seine Übersetzung in das Deutsche war sehr präzise.,His translation into German was very precise.,,Übersetzung,,
56,2,Die Diskussion _____ den Kollegen führte zu neuen Ideen.,mit,Die Diskussion mit den Kollegen führte zu neuen Ideen.,The discussion with the colleagues led to new ideas.,,Diskussion,,
57,2,Seine Diskussion _____ dem Chef war produktiv.,mit,Seine Diskussion mit dem Chef war produktiv.,His discussion with the boss was productive.,,Diskussion,,
58,2,Das Spiel _____ der neuen Strategie war erfolgreich.,mit,Das Spiel mit der neuen Strategie war erfolgreich.,The game with the new strategy was successful.,,Spiel,,
59,2,Ihr Spiel _____ dem Ball faszinierte die Zuschauer.,mit,Ihr Spiel mit dem Ball faszinierte die Zuschauer.,Her game with the ball fascinated the spectators.,,Spiel,,
60,2,Das Gespräch _____ dem Lehrer verlief positiv.,mit,Das Gespräch mit dem Lehrer verlief positiv.,The conversation with the teacher went positively.,,Gespräch,,
61,2,Ihr Gespräch _____ der Nachbarin dauerte lange.,mit,Ihr Gespräch mit der Nachbarin dauerte lange.,Her conversation with the neighbor lasted a long time.,,Gespräch,,
62,2,Der Anfang _____ dem neuen Projekt war herausfordernd.,mit,Der Anfang mit dem neuen Projekt war herausfordernd.,The beginning with the new project was challenging.,,Anfang,,
63,2,Ihr Anfang _____ dem Sport war sehr erfolgreich.,mit,Ihr Anfang mit dem Sport war sehr erfolgreich.,Her start with the sport was very successful.,,Anfang,,
64,2,Der Beginn _____ der neuen Software verlief reibungslos.,mit,Der Beginn mit der neuen Software verlief reibungslos.,The start with the new software went smoothly.,,Beginn,,
65,2,Sein Beginn _____ dem Training war motivierend.,mit,Sein Beginn mit dem Training war motivierend.,His start with the training was motivating.,,Beginn,,
66,2,Die Frage _____ der Zukunft des Projekts bleibt offen.,nach,Die Frage nach der Zukunft des Projekts bleibt offen.,The question about the project's future remains open.,,Frage,,
67,2,Seine Frage _____ den Details wurde klar beantwortet.,nach,Seine Frage nach den Details wurde klar beantwortet.,His question about the details was answered clearly.,,Frage,,
68,2,Die Suche _____ einem passenden Kandidaten dauert an.,nach,Die Suche nach einem passenden Kandidaten dauert an.,The search for a suitable candidate continues.,,Suche,,
69,2,Ihre Suche _____ einer neuen Wohnung war erfolgreich.,nach,Ihre Suche nach einer neuen Wohnung war erfolgreich.,Her search for a new apartment was successful.,,Suche,,
70,2,Der Geruch _____ Kaffee machte ihn wach.,nach,Der Geruch nach Kaffee machte ihn wach.,The smell of coffee woke him up.,,Geruch,,
71,2,Der Geruch _____ frischer Farbe war stark.,nach,Der Geruch nach frischer Farbe war stark.,The smell of fresh paint was strong.,,Geruch,,
72,2,Der Ärger _____ die neue Regelung wächst täglich.,über,Der Ärger über die neue Regelung wächst täglich.,The anger about the new regulation grows daily.,,Ärger,,
73,2,Ihr Ärger _____ die Verzögerungen war deutlich zu spüren.,über,Ihr Ärger über die Verzögerungen war deutlich zu spüren.,Her anger about the delays was clearly noticeable.,,Ärger,,
74,2,Ihr Glück _____ die gute Nachricht war ansteckend.,über,Ihr Glück über die gute Nachricht war ansteckend.,Her happiness about the good news was contagious.,,Glück,,
75,2,Das Glück _____ den gelungenen Abschluss konnte er nicht verbergen.,über,Das Glück über den gelungenen Abschluss konnte er nicht verbergen.,He could not hide his happiness about the successful conclusion.,,Glück,,
76,2,Die Diskussion _____ die Reformen war konstruktiv.,über,Die Diskussion über die Reformen war konstruktiv.,The discussion about the reforms was constructive.,,Diskussion,,
77,2,Ihre Diskussion _____ das Projekt führte zu neuen Ideen.,über,Ihre Diskussion über das Projekt führte zu neuen Ideen.,Their discussion about the project led to new ideas.,,Diskussion,,
78,2,Das Gespräch _____ die neuen Regeln verlief positiv.,über,Das Gespräch über die neuen Regeln verlief positiv.,The conversation about the new rules went positively.,,Gespräch,,
79,2,Ihr Gespräch _____ die Finanzen dauerte länger als erwartet.,über,Ihr Gespräch über die Finanzen dauerte länger als erwartet.,Their conversation about finances lasted longer than expected.,,Gespräch,,
80,2,Ihre Bitte _____ Hilfe wurde sofort erhört.,um,Ihre Bitte um Hilfe wurde sofort erhört.,Her request for help was immediately granted.,,Bitte,,
81,2,Er richtete eine Bitte _____ Geduld an das Publikum.,um,Er richtete eine Bitte um Geduld an das Publikum.,He addressed a request for patience to the audience.,,Bitte,,
82,2,Die Sorge _____ den Erfolg des Projekts ist verständlich.,um,Die Sorge um den Erfolg des Projekts ist verständlich.,The concern for the project's success is understandable.,,Sorge,,
83,2,Seine Sorge _____ die Zukunft des Unternehmens ist groß.,um,Seine Sorge um die Zukunft des Unternehmens ist groß.,His concern for the company's future is significant.,,Sorge,,
84,2,Der Traum _____ einer besseren Welt verbindet uns alle.,von,Der Traum von einer besseren Welt verbindet uns alle.,The dream of a better world connects us all.,,Traum,,
85,2,Ihr Traum _____ einem eigenen Haus wurde wahr.,von,Ihr Traum von einem eigenen Haus wurde wahr.,Her dream of owning a house came true.,,Traum,,
86,2,Die Erwartung _____ hohen Ergebnissen setzte alle unter Druck.,von,Die Erwartung von hohen Ergebnissen setzte alle unter Druck.,The expectation of high results put everyone under pressure.,,Erwartung,,
87,2,Ihre Erwartung _____ einer schnellen Antwort wurde erfüllt.,von,Ihre Erwartung von einer schnellen Antwort wurde erfüllt.,Her expectation of a quick response was met.,,Erwartung,,
88,2,Die Angst _____ Veränderung hielt ihn zurück.,vor,Die Angst vor Veränderung hielt ihn zurück.,The fear of change held him back.,,Angst,,
89,2,Ihre Angst _____ dem Scheitern war unbegründet.,vor,Ihre Angst vor dem Scheitern war unbegründet.,Her fear of failure was unfounded.,,Angst,,
90,2,Die Einladung _____ der Feier wurde freudig angenommen.,zu,Die Einladung zu der Feier wurde freudig angenommen.,The invitation to the party was happily accepted.,,Einladung,,
91,2,Ihre Einladung _____ dem Event überraschte alle.,zu,Ihre Einladung zu dem Event überraschte alle.,Her invitation to the event surprised everyone.,,Einladung,,
92,3,the work as,als,die Arbeit,,,,,
93,3,the thought of,an,der Gedanke,,,,,
94,3,the change to,an,die Änderung,,,,,
95,3,the guilt for,an,die Schuld,,,,,
96,3,the application to,auf,die Bewerbung,,,,,
97,3,the reaction to,auf,die Reaktion,,,,,
98,3,the trust in,auf,das Vertrauen,,,,,
99,3,the pride in,auf,der Stolz,,,,,
100,3,the call to,bei,der Anruf,,,,,
101,3,the work at,bei,die Arbeit,,,,,
102,3,the complaint to,bei,die Beschwerde,,,,,
103,3,the thanks for,für,der Dank,,,,,
104,3,the fight for,für,der Kampf,,,,,
105,3,the fight against,gegen,der Kampf,,,,,
106,3,the demonstration against,gegen,die Demonstration,,,,,
107,3,the debate with,mit,die Debatte,,,,,
108,3,the friendship with,mit,die Freundschaft,,,,,
109,3,the scent of,nach,der Duft,,,,,
110,3,the joy about,über,die Freude,,,,,
111,3,the argument about,über,der Streit,,,,,
112,3,the grief about,über,die Trauer,,,,,
113,3,the rage about,über,die Wut,,,,,
114,3,the report about,über,der Bericht,,,,,
115,3,the fear for,um,die Angst,,,,,
116,3,the effort for,um,das Bemühen,,,,,
117,3,the application for,um,die Bewerbung,,,,,
118,3,the fight for,um,der Kampf,,,,,
119,3,the fear of,vor,die Furcht,,,,,
120,3,the congratulations on,zu,die Gratulation,,,,,
121,3,the ability to,zu,die Fähigkeit,,,,,
122,4,Die Arbeit _____ Lehrer ist erfüllend.,als,Die Arbeit als Lehrer ist erfüllend.,The work as a teacher is fulfilling.,,Arbeit,,
123,4,Seine Arbeit _____ Ingenieur ist sehr anspruchsvoll.,als,Seine Arbeit als Ingenieur ist sehr anspruchsvoll.,His work as an engineer is very demanding.,,Arbeit,,
124,4,Der Gedanke _____ die Prüfung macht ihn nervös.,an,Der Gedanke an die Prüfung macht ihn nervös.,The thought of the exam makes him nervous.,,Gedanke,,
125,4,Ihr Gedanke _____ die gemeinsame Zeit machte sie glücklich.,an,Ihr Gedanke an die gemeinsame Zeit machte sie glücklich.,Her thought of the time together made her happy.,,Gedanke,,
126,4,Die Änderung _____ den Vorschlägen wurde akzeptiert.,an,Die Änderung an den Vorschlägen wurde akzeptiert.,The change to the proposals was accepted.,,Änderung,,
127,4,Die Änderung _____ der Software hat das Problem gelöst.,an,Die Änderung an der Software hat das Problem gelöst.,The change to the software solved the problem.,,Änderung,,
128,4,Die Schuld _____ dem Fehler wurde auf ihn geschoben.,an,Die Schuld an dem Fehler wurde auf ihn geschoben.,The blame for the mistake was put on him.,,Schuld,,
129,4,Er übernahm die Schuld _____ dem Missverständnis.,an,Er übernahm die Schuld an dem Missverständnis.,He took the blame for the misunderstanding.,,Schuld,,
130,4,Die Bewerbung _____ diese Stelle war ein Erfolg.,auf,Die Bewerbung auf diese Stelle war ein Erfolg.,The application for this position was a success.,,Bewerbung,,
131,4,Seine Bewerbung _____ das Praktikum wurde akzeptiert.,auf,Seine Bewerbung auf das Praktikum wurde akzeptiert.,His application for the internship was accepted.,,Bewerbung,,
132,4,Die Reaktion _____ die neuen Regeln war positiv.,auf,Die Reaktion auf die neuen Regeln war positiv.,The reaction to the new rules was positive.,,Reaktion,,
133,4,Seine Reaktion _____ den Vorschlag war unerwartet.,auf,Seine Reaktion auf den Vorschlag war unerwartet.,His reaction to the proposal was unexpected.,,Reaktion,,
134,4,Das Vertrauen _____ seine Erfahrung ist groß.,auf,Das Vertrauen auf seine Erfahrung ist groß.,The trust in his experience is strong.,,Vertrauen,,
135,4,Ihr Vertrauen _____ das Team motiviert alle.,auf,Ihr Vertrauen auf das Team motiviert alle.,Her trust in the team motivates everyone.,,Vertrauen,,
136,4,Der Stolz _____ ihre Leistungen war deutlich sichtbar.,auf,Der Stolz auf ihre Leistungen war deutlich sichtbar.,The pride in her achievements was clearly visible.,,Stolz,,
137,4,Er zeigte Stolz _____ sein Team nach dem Sieg.,auf,Er zeigte Stolz auf sein Team nach dem Sieg.,He showed pride in his team after the victory.,,Stolz,,
138,4,Der Anruf _____ der Hotline brachte schnelle Hilfe.,bei,Der Anruf bei der Hotline brachte schnelle Hilfe.,The call to the hotline brought quick help.,,Anruf,,
139,4,Sein Anruf _____ der Firma wurde freundlich beantwortet.,bei,Sein Anruf bei der Firma wurde freundlich beantwortet.,His call to the company was answered kindly.,,Anruf,,
140,4,Die Arbeit _____ diesem Unternehmen ist sehr anspruchsvoll.,bei,Die Arbeit bei diesem Unternehmen ist sehr anspruchsvoll.,The work at this company is very demanding.,,Arbeit,,
141,4,Seine Arbeit _____ der Bank dauert schon zehn Jahre.,bei,Seine Arbeit bei der Bank dauert schon zehn Jahre.,His work at the bank has already lasted ten years.,,Arbeit,,
142,4,Die Beschwerde _____ der Verwaltung wurde ignoriert.,bei,Die Beschwerde bei der Verwaltung wurde ignoriert.,The complaint to the administration was ignored.,,Beschwerde,,
143,4,Seine Beschwerde _____ der Leitung führte zu einer Lösung.,bei,Seine Beschwerde bei der Leitung führte zu einer Lösung.,His complaint to the management led to a solution.,,Beschwerde,,
144,4,Der Dank _____ ihre Hilfe war ehrlich und herzlich.,für,Der Dank für ihre Hilfe war ehrlich und herzlich.,The gratitude for her help was sincere and heartfelt.,,Dank,,
145,4,Sein Dank _____ die Unterstützung wurde mit einem Geschenk ausgedrückt.,für,Sein Dank für die Unterstützung wurde mit einem Geschenk ausgedrückt.,His gratitude for the support was expressed with a gift.,,Dank,,
146,4,Der Kampf _____ soziale Gerechtigkeit ist noch nicht beendet.,für,Der Kampf für soziale Gerechtigkeit ist noch nicht beendet.,The fight for social justice is not yet over.,,Kampf,,
147,4,Ihr Kampf _____ bessere Arbeitsbedingungen hat sich gelohnt.,für,Ihr Kampf für bessere Arbeitsbedingungen hat sich gelohnt.,Her fight for better working conditions paid off.,,Kampf,,
148,4,Der Kampf _____ Diskriminierung dauert an.,gegen,Der Kampf gegen Diskriminierung dauert an.,The fight against discrimination continues.,,Kampf,,
149,4,Ihr Kampf _____ die Ungerechtigkeit inspirierte viele.,gegen,Ihr Kampf gegen die Ungerechtigkeit inspirierte viele.,Her fight against injustice inspired many.,,Kampf,,
150,4,Die Demonstration _____ den Krieg zog viele Menschen an.,gegen,Die Demonstration gegen den Krieg zog viele Menschen an.,The demonstration against the war attracted many people.,,Demonstration,,
151,4,Ihre Demonstration _____ die Umweltzerstörung war friedlich.,gegen,Ihre Demonstration gegen die Umweltzerstörung war friedlich.,Their demonstration against environmental destruction was peaceful.,,Demonstration,,
152,4,Die Debatte _____ dem Experten war aufschlussreich.,mit,Die Debatte mit dem Experten war aufschlussreich.,The debate with the expert was insightful.,,Debatte,,
153,4,Ihre Debatte _____ dem Politiker war spannend.,mit,Ihre Debatte mit dem Politiker war spannend.,Her debate with the politician was exciting.,,Debatte,,
154,4,Die Freundschaft _____ ihr war ihm sehr wichtig.,mit,Die Freundschaft mit ihr war ihm sehr wichtig.,The friendship with her was very important to him.,,Freundschaft,,
155,4,Seine Freundschaft _____ dem Nachbarn wurde immer enger.,mit,Seine Freundschaft mit dem Nachbarn wurde immer enger.,His friendship with the neighbor grew closer.,,Freundschaft,,
156,4,Der Duft _____ frischem Brot erfüllte den Raum.,nach,Der Duft nach frischem Brot erfüllte den Raum.,The scent of fresh bread filled the room.,,Duft,,
157,4,Der Duft _____ Blumen erinnerte sie an den Frühling.,nach,Der Duft nach Blumen erinnerte sie an den Frühling.,The scent of flowers reminded her of spring.,,Duft,,
158,4,Die Freude _____ den Gewinn war riesig.,über,Die Freude über den Gewinn war riesig.,The joy about the win was enormous.,,Freude,,
159,4,Seine Freude _____ die Überraschung war nicht zu übersehen.,über,Seine Freude über die Überraschung war nicht zu übersehen.,His joy about the surprise was unmistakable.,,Freude,,
160,4,Der Streit _____ das Budget dauerte Stunden.,über,Der Streit über das Budget dauerte Stunden.,The argument about the budget lasted for hours.,,Streit,,
161,4,Ihr Streit _____ die Zukunftspläne endete ohne Ergebnis.,über,Ihr Streit über die Zukunftspläne endete ohne Ergebnis.,Their argument about future plans ended without a result.,,Streit,,
162,4,Die Trauer _____ den Verlust war überall spürbar.,über,Die Trauer über den Verlust war überall spürbar.,The grief over the loss was palpable everywhere.,,Trauer,,
163,4,Seine Trauer _____ den Tod seines Freundes war tief.,über,Seine Trauer über den Tod seines Freundes war tief.,His grief over the death of his friend was profound.,,Trauer,,
164,4,Die Wut _____ die ungerechte Behandlung war groß.,über,Die Wut über die ungerechte Behandlung war groß.,The anger about the unfair treatment was significant.,,Wut,,
165,4,Ihre Wut _____ den Fehler wurde immer lauter.,über,Ihre Wut über den Fehler wurde immer lauter.,Her anger about the mistake grew louder and louder.,,Wut,,
166,4,Der Bericht _____ die aktuellen Ereignisse war sehr informativ.,über,Der Bericht über die aktuellen Ereignisse war sehr informativ.,The report about the current events was very informative.,,Bericht,,
167,4,Ihr Bericht _____ die Reise nach Afrika faszinierte alle.,über,Ihr Bericht über die Reise nach Afrika faszinierte alle.,Her report about the trip to Africa fascinated everyone.,,Bericht,,
168,4,Die Angst _____ die Sicherheit der Kinder war groß.,um,Die Angst um die Sicherheit der Kinder war groß.,The fear for the safety of the children was significant.,,Angst,,
169,4,Ihre Angst _____ die Gesundheit ihrer Familie ließ sie nicht los.,um,Ihre Angst um die Gesundheit ihrer Familie ließ sie nicht los.,Her fear for her family's health didn't leave her.,,Angst,,
170,4,Das Bemühen _____ eine Lösung war spürbar.,um,Das Bemühen um eine Lösung war spürbar.,The effort to find a solution was noticeable.,,Bemühen,,
171,4,Ihr Bemühen _____ Gerechtigkeit beeindruckte viele.,um,Ihr Bemühen um Gerechtigkeit beeindruckte viele.,Her effort for justice impressed many.,,Bemühen,,
172,4,Seine Bewerbung _____ die Stelle wurde akzeptiert.,um,Seine Bewerbung um die Stelle wurde akzeptiert.,His application for the position was accepted.,,Bewerbung,,
173,4,Die Bewerbung _____ ein Stipendium ist eingereicht.,um,Die Bewerbung um ein Stipendium ist eingereicht.,The application for a scholarship has been submitted.,,Bewerbung,,
174,4,Der Kampf _____ die Führung war hart.,um,Der Kampf um die Führung war hart.,The fight for leadership was tough.,,Kampf,,
175,4,Ihr Kampf _____ Anerkennung dauerte Jahre.,um,Ihr Kampf um Anerkennung dauerte Jahre.,Her fight for recognition lasted years.,,Kampf,,
176,4,Die Furcht _____ der Prüfung ließ ihn nicht schlafen.,vor,Die Furcht vor der Prüfung ließ ihn nicht schlafen.,The fear of the exam kept him awake.,,Furcht,,
177,4,Seine Furcht _____ Ablehnung war sichtbar.,vor,Seine Furcht vor Ablehnung war sichtbar.,His fear of rejection was visible.,,Furcht,,
178,4,Die Gratulation _____ seinem Sieg war ehrlich gemeint.,zu,Die Gratulation zu seinem Sieg war ehrlich gemeint.,The congratulations on his victory were sincere.,,Gratulation,,
179,4,Ihre Gratulation _____ seiner Beförderung war herzlich.,zu,Ihre Gratulation zu seiner Beförderung war herzlich.,Her congratulations on his promotion were heartfelt.,,Gratulation,,
180,4,Die Fähigkeit _____ schneller Analyse ist ein Vorteil.,zu,Die Fähigkeit zu schneller Analyse ist ein Vorteil.,The ability for quick analysis is an advantage.,,Fähigkeit,,
181,4,Ihre Fähigkeit _____ kreativen Lösungen beeindruckte viele.,zu,Ihre Fähigkeit zu kreativen Lösungen beeindruckte viele.,Her ability for creative solutions impressed many.,,Fähigkeit,,
182,5,the conviction of,von,die Überzeugung,,,,,
183,5,the description as,als,die Beschreibung,,,,,
184,5,the participation in,an,die Teilnahme,,,,,
185,5,the doubt about,an,der Zweifel,,,,,
186,5,the interest in,an,das Interesse,,,,,
187,5,the effect on,auf,die Wirkung,,,,,
188,5,the joy for,auf,die Freude,,,,,
189,5,the tension about,auf,die Spannung,,,,,
190,5,the preparation for,auf,die Vorbereitung,,,,,
191,5,the application to,bei,die Bewerbung,,,,,
192,5,the apology to,bei,die Entschuldigung,,,,,
193,5,the vote for,für,die Stimme,,,,,
194,5,the responsibility for,für,die Verantwortung,,,,,
195,5,the advertisement for,für,die Werbung,,,,,
196,5,the vote against,gegen,die Stimme,,,,,
197,5,the fight with,mit,der Kampf,,,,,
198,5,the argument with,mit,der Streit,,,,,
199,5,the taste of,nach,der Geschmack,,,,,
200,5,the complaint about,über,die Beschwerde,,,,,
201,5,the debate about,über,die Debatte,,,,,
202,5,the information about,über,die Information,,,,,
203,5,the speech about,über,die Rede,,,,,
204,5,the knowledge about,über,das Wissen,,,,,
205,5,the game for,um,das Spiel,,,,,
206,5,the argument for,um,der Streit,,,,,
207,5,the bet for,um,die Wette,,,,,
208,5,the warning of,vor,die Warnung,,,,,
209,5,the election to,zu,die Wahl,,,,,
210,5,the contribution to,zu,der Beitrag,,,,,
211,5,the advice on,zu,der Rat,,,,,
212,6,Die Überzeugung _____ der Notwendigkeit der Reform war stark.,von,Die Überzeugung von der Notwendigkeit der Reform war stark.,The conviction of the need for reform was strong.,,Überzeugung,,
213,6,Seine Überzeugung _____ ihrer Ehrlichkeit blieb unerschütterlich.,von,Seine Überzeugung von ihrer Ehrlichkeit blieb unerschütterlich.,His conviction of her honesty remained unwavering.,,Überzeugung,,
214,6,Die Beschreibung _____ ein talentierter Künstler passt zu ihm.,als,Die Beschreibung als ein talentierter Künstler passt zu ihm.,The description as a talented artist suits him.,,Beschreibung,,
215,6,Ihre Beschreibung _____ eine zuverlässige Person überzeugt alle.,als,Ihre Beschreibung als eine zuverlässige Person überzeugt alle.,Her description as a reliable person convinces everyone.,,Beschreibung,,
216,6,Die Teilnahme _____ der Konferenz war sehr lehrreich.,an,Die Teilnahme an der Konferenz war sehr lehrreich.,The participation in the conference was very educational.,,Teilnahme,,
217,6,Seine Teilnahme _____ dem Wettbewerb brachte ihm Anerkennung.,an,Seine Teilnahme an dem Wettbewerb brachte ihm Anerkennung.,His participation in the competition brought him recognition.,,Teilnahme,,
218,6,Der Zweifel _____ ihrer Aussage wuchs.,an,Der Zweifel an ihrer Aussage wuchs.,The doubt about her statement grew.,,Zweifel,,
219,6,Er äußerte Zweifel _____ der Richtigkeit der Ergebnisse.,an,Er äußerte Zweifel an der Richtigkeit der Ergebnisse.,He expressed doubts about the accuracy of the results.,,Zweifel,,
220,6,"Viele Studierende zeigen großes Interesse _____ nachhaltigen Energielösungen, besonders im Rahmen ihrer Abschlussarbeiten.",an,"Viele Studierende zeigen großes Interesse an nachhaltigen Energielösungen, besonders im Rahmen ihrer Abschlussarbeiten.","Many students show great interest in sustainable energy solutions, especially as part of their final projects.",,Interesse,,
221,6,Sein Interesse _____ moderner Kunst wurde durch einen Besuch im Museum deutlich verstärkt.,an,Sein Interesse an moderner Kunst wurde durch einen Besuch im Museum deutlich verstärkt.,His interest in modern art was significantly enhanced by a visit to the museum.,,Interesse,,
222,6,Die Wirkung _____ die Zuschauer war enorm.,auf,Die Wirkung auf die Zuschauer war enorm.,The effect on the audience was enormous.,,Wirkung,,
223,6,Die Medikamente haben eine schnelle Wirkung _____ die Schmerzen.,auf,Die Medikamente haben eine schnelle Wirkung auf die Schmerzen.,The medication has a quick effect on the pain.,,Wirkung,,
224,6,Die Freude _____ den Urlaub war groß.,auf,Die Freude auf den Urlaub war groß.,The joy about the upcoming vacation was immense.,,Freude,,
225,6,Er konnte seine Freude _____ die Reise kaum verbergen.,auf,Er konnte seine Freude auf die Reise kaum verbergen.,He could hardly hide his joy about the trip.,,Freude,,
226,6,Die Spannung _____ die Ergebnisse war kaum auszuhalten.,auf,Die Spannung auf die Ergebnisse war kaum auszuhalten.,The anticipation for the results was almost unbearable.,,Spannung,,
227,6,Die Spannung _____ das Finale war spürbar.,auf,Die Spannung auf das Finale war spürbar.,The anticipation for the final was palpable.,,Spannung,,
228,6,Die Vorbereitung _____ die Prüfung lief reibungslos.,auf,Die Vorbereitung auf die Prüfung lief reibungslos.,The preparation for the exam went smoothly.,,Vorbereitung,,
229,6,Seine Vorbereitung _____ den Wettbewerb war gründlich.,auf,Seine Vorbereitung auf den Wettbewerb war gründlich.,His preparation for the competition was thorough.,,Vorbereitung,,
230,6,Die Bewerbung _____ der Universität war erfolgreich.,bei,Die Bewerbung bei der Universität war erfolgreich.,The application to the university was successful.,,Bewerbung,,
231,6,Seine Bewerbung _____ der Firma wurde angenommen.,bei,Seine Bewerbung bei der Firma wurde angenommen.,His application to the company was accepted.,,Bewerbung,,
232,6,Die Entschuldigung _____ ihrer Freundin war aufrichtig.,bei,Die Entschuldigung bei ihrer Freundin war aufrichtig.,The apology to her friend was sincere.,,Entschuldigung,,
233,6,Seine Entschuldigung _____ der Lehrerin wurde angenommen.,bei,Seine Entschuldigung bei der Lehrerin wurde angenommen.,His apology to the teacher was accepted.,,Entschuldigung,,
234,6,Ihre Stimme _____ den Kandidaten machte den Unterschied.,für,Ihre Stimme für den Kandidaten machte den Unterschied.,Her vote for the candidate made the difference.,,Stimme,,
235,6,Die Stimme _____ die Reform wurde einstimmig abgegeben.,für,Die Stimme für die Reform wurde einstimmig abgegeben.,The vote for the reform was unanimous.,,Stimme,,
236,6,Die Verantwortung _____ das Projekt liegt bei ihm.,für,Die Verantwortung für das Projekt liegt bei ihm.,The responsibility for the project lies with him.,,Verantwortung,,
237,6,Ihre Verantwortung _____ die Kinder ist ihr wichtig.,für,Ihre Verantwortung für die Kinder ist ihr wichtig.,Her responsibility for the children is important to her.,,Verantwortung,,
238,6,Die Werbung _____ das neue Produkt war sehr effektiv.,für,Die Werbung für das neue Produkt war sehr effektiv.,The advertisement for the new product was very effective.,,Werbung,,
239,6,Die Werbung _____ den Film läuft auf allen Kanälen.,für,Die Werbung für den Film läuft auf allen Kanälen.,The advertisement for the film is running on all channels.,,Werbung,,
240,6,Die Stimme _____ den Vorschlag wurde laut geäußert.,gegen,Die Stimme gegen den Vorschlag wurde laut geäußert.,The vote against the proposal was expressed loudly.,,Stimme,,
241,6,Ihre Stimme _____ den Plan beeinflusste die Entscheidung.,gegen,Ihre Stimme gegen den Plan beeinflusste die Entscheidung.,Her vote against the plan influenced the decision.,,Stimme,,
242,6,Der Kampf _____ den Umständen war schwierig.,mit,Der Kampf mit den Umständen war schwierig.,The fight with the circumstances was difficult.,,Kampf,,
243,6,Ihr Kampf _____ der Krankheit dauerte Jahre.,mit,Ihr Kampf mit der Krankheit dauerte Jahre.,Her fight with the illness lasted for years.,,Kampf,,
244,6,Der Streit _____ seinem Bruder war schnell vergessen.,mit,Der Streit mit seinem Bruder war schnell vergessen.,The argument with his brother was quickly forgotten.,,Streit,,
245,6,Ihr Streit _____ der Kollegin eskalierte schnell.,mit,Ihr Streit mit der Kollegin eskalierte schnell.,Her argument with the colleague escalated quickly.,,Streit,,
246,6,Der Geschmack _____ Zimt war angenehm.,nach,Der Geschmack nach Zimt war angenehm.,The taste of cinnamon was pleasant.,,Geschmack,,
247,6,Der Geschmack _____ frischen Kräutern passte perfekt zum Gericht.,nach,Der Geschmack nach frischen Kräutern passte perfekt zum Gericht.,The taste of fresh herbs was perfect for the dish.,,Geschmack,,
248,6,Die Beschwerde _____ den Service wurde schnell bearbeitet.,über,Die Beschwerde über den Service wurde schnell bearbeitet.,The complaint about the service was processed quickly.,,Beschwerde,,
249,6,Seine Beschwerde _____ die laute Musik wurde ignoriert.,über,Seine Beschwerde über die laute Musik wurde ignoriert.,His complaint about the loud music was ignored.,,Beschwerde,,
250,6,Die Debatte _____ die neue Steuer war hitzig.,über,Die Debatte über die neue Steuer war hitzig.,The debate about the new tax was heated.,,Debatte,,
251,6,Ihre Debatte _____ die Umweltpolitik zog viele Zuhörer an.,über,Ihre Debatte über die Umweltpolitik zog viele Zuhörer an.,Their debate about environmental policy attracted many listeners.,,Debatte,,
252,6,Die Information _____ die Änderungen wurde per E-Mail verschickt.,über,Die Information über die Änderungen wurde per E-Mail verschickt.,The information about the changes was sent via email.,,Information,,
253,6,Er suchte nach mehr Informationen _____ die Firma.,über,Er suchte nach mehr Informationen über die Firma.,He looked for more information about the company.,,Information,,
254,6,Die Rede _____ die Zukunft des Unternehmens war inspirierend.,über,Die Rede über die Zukunft des Unternehmens war inspirierend.,The speech about the company's future was inspiring.,,Rede,,
255,6,Ihre Rede _____ Gleichberechtigung erhielt viel Applaus.,über,Ihre Rede über Gleichberechtigung erhielt viel Applaus.,Her speech about equality received a lot of applause.,,Rede,,
256,6,Sein Wissen _____ Geschichte beeindruckte alle.,über,Sein Wissen über Geschichte beeindruckte alle.,His knowledge about history impressed everyone.,,Wissen,,
257,6,Ihr Wissen _____ Technik ist bemerkenswert.,über,Ihr Wissen über Technik ist bemerkenswert.,Her knowledge about technology is remarkable.,,Wissen,,
258,6,Das Spiel _____ den Pokal war spannend.,um,Das Spiel um den Pokal war spannend.,The game for the trophy was exciting.,,Spiel,,
259,6,Ihr Spiel _____ den Sieg zog viele Zuschauer an.,um,Ihr Spiel um den Sieg zog viele Zuschauer an.,Their game for victory attracted many spectators.,,Spiel,,
260,6,Der Streit _____ das Erbe spaltete die Familie.,um,Der Streit um das Erbe spaltete die Familie.,The argument about the inheritance divided the family.,,Streit,,
261,6,Ihr Streit _____ die Zuständigkeiten eskalierte schnell.,um,Ihr Streit um die Zuständigkeiten eskalierte schnell.,Their argument about responsibilities escalated quickly.,,Streit,,
262,6,Die Wette _____ 50 Euro wurde ernst genommen.,um,Die Wette um 50 Euro wurde ernst genommen.,The bet for 50 euros was taken seriously.,,Wette,,
263,6,Seine Wette _____ den Ausgang des Spiels sorgte für Spannung.,um,Seine Wette um den Ausgang des Spiels sorgte für Spannung.,His bet on the outcome of the game created excitement.,,Wette,,
264,6,Die Warnung _____ dem Sturm kam rechtzeitig.,vor,Die Warnung vor dem Sturm kam rechtzeitig.,The warning about the storm came in time.,,Warnung,,
265,6,Ihre Warnung _____ den Gefahren wurde ernst genommen.,vor,Ihre Warnung vor den Gefahren wurde ernst genommen.,Her warning about the dangers was taken seriously.,,Warnung,,
266,6,Die Wahl _____ ihrem Vorsitzenden wurde einstimmig getroffen.,zu,Die Wahl zu ihrem Vorsitzenden wurde einstimmig getroffen.,The election as their chairperson was unanimous.,,Wahl,,
267,6,Seine Wahl _____ diesem Posten überraschte viele.,zu,Seine Wahl zu diesem Posten überraschte viele.,His election to this position surprised many.,,Wahl,,
268,6,Der Beitrag _____ dem Projekt war entscheidend.,zu,Der Beitrag zu dem Projekt war entscheidend.,The contribution to the project was crucial.,,Beitrag,,
269,6,Sein Beitrag _____ der Diskussion brachte neue Perspektiven.,zu,Sein Beitrag zu der Diskussion brachte neue Perspektiven.,His contribution to the discussion brought new perspectives.,,Beitrag,,
270,6,Der Rat _____ mehr Geduld war hilfreich.,zu,Der Rat zu mehr Geduld war hilfreich.,The advice for more patience was helpful.,,Rat,,
271,6,Ihr Rat _____ diesem Thema wurde ernst genommen.,zu,Ihr Rat zu diesem Thema wurde ernst genommen.,Her advice on this topic was taken seriously.,,Rat,,
272,7,the curiosity about,auf,die Neugier,,,,,
273,7,the designation as,als,die Bezeichnung,,,,,
274,7,the illness of,an,die Erkrankung,,,,,
275,7,the adaptation to,an,die Anpassung,,,,,
276,7,the reference to,auf,der Bezug,,,,,
277,7,the jealousy of,auf,die Eifersucht,,,,,
278,7,the agreement on,auf,die Einigung,,,,,
279,7,the emergence from,aus,die Entstehung,,,,,
280,7,the demonstration for,für,die Demonstration,,,,,
281,7,the suitability for,für,die Eignung,,,,,
282,7,the immunity against,gegen,die Immunität,,,,,
283,7,the error in,in,der Irrtum,,,,,
284,7,the agreement with,mit,die Einigung,,,,,
285,7,the phone call with,mit,das Telefonat,,,,,
286,7,the confrontation with,mit,die Auseinandersetzung,,,,,
287,7,the inquiry about,nach,die Erkundigung,,,,,
288,7,the longing for,nach,die Sehnsucht,,,,,
289,7,the amazement about,über,die Verwunderung,,,,,
290,7,the excitement about,über,die Aufregung,,,,,
291,7,the horror of,über,das Entsetzen,,,,,
292,7,the complaint about,über,die Klage,,,,,
293,7,the dependence on,von,die Abhängigkeit,,,,,
294,7,the disgust for,vor,der Ekel,,,,,
295,7,the escape from,vor,die Flucht,,,,,
296,7,the congratulations on,zu,der Glückwunsch,,,,,
297,7,the readiness for,zu,die Bereitschaft,,,,,
298,7,the appointment as,zu,die Ernennung,,,,,
299,7,the suitability to,zu,die Eignung,,,,,
300,7,the belonging to,zu,die Zugehörigkeit,,,,,
301,7,the tendency to,zu,die Neigung,,,,,
302,7,the suggestion to,zu,die Anregung,,,,,
303,8,Die Neugier _____ das neue Produkt war spürbar.,auf,Die Neugier auf das neue Produkt war spürbar.,The curiosity about the new product was noticeable.,,Neugier,,
304,8,Seine Neugier _____ die Lösung des Rätsels war groß.,auf,Seine Neugier auf die Lösung des Rätsels war groß.,His curiosity about the solution to the puzzle was great.,,Neugier,,
305,8,Die Bezeichnung _____ Held ist übertrieben.,als,Die Bezeichnung als Held ist übertrieben.,The designation as a hero is exaggerated.,,Bezeichnung,,
306,8,Seine Bezeichnung _____ Experte wurde anerkannt.,als,Seine Bezeichnung als Experte wurde anerkannt.,His designation as an expert was acknowledged.,,Bezeichnung,,
307,8,Die Erkrankung _____ Grippe war mild.,an,Die Erkrankung an Grippe war mild.,The illness with flu was mild.,,Erkrankung,,
308,8,Seine Erkrankung _____ Krebs wurde früh erk_____nt.,an,Seine Erkrankung an Krebs wurde früh erkannt.,His illness with cancer was detected early.,,Erkrankung,,
309,8,Die Anpassung _____ neue Umstände fiel ihr leicht.,an,Die Anpassung an neue Umstände fiel ihr leicht.,Adapting to new circumstances was easy for her.,,Anpassung,,
310,8,Die Anpassung _____ das Klima dauerte mehrere Wochen.,an,Die Anpassung an das Klima dauerte mehrere Wochen.,The adaptation to the climate took several weeks.,,Anpassung,,
311,8,Sein Bezug _____ das alte Gesetz war ungenau.,auf,Sein Bezug auf das alte Gesetz war ungenau.,His reference to the old law was inaccurate.,,Bezug,,
312,8,Ich nehme Bezug _____ Ihren letzten Brief.,auf,Ich nehme Bezug auf Ihren letzten Brief.,I refer to your last letter.,,Bezug,,
313,8,Ihre Eifersucht _____ seine Kollegin war offensichtlich.,auf,Ihre Eifersucht auf seine Kollegin war offensichtlich.,Her jealousy of his colleague was obvious.,,Eifersucht,,
314,8,Die Eifersucht _____ den Erfolg anderer kann zerstörerisch sein.,auf,Die Eifersucht auf den Erfolg anderer kann zerstörerisch sein.,Jealousy of others’ success can be destructive.,,Eifersucht,,
315,8,Die Einigung _____ einen Vertrag dauerte lange.,auf,Die Einigung auf einen Vertrag dauerte lange.,Agreement on a contract took a long time.,,Einigung,,
316,8,Es kam zur Einigung _____ einen gemeinsamen Plan.,auf,Es kam zur Einigung auf einen gemeinsamen Plan.,They reached an agreement on a common plan.,,Einigung,,
317,8,Die Entstehung _____ einfachen Verhältnissen beeindruckte viele.,aus,Die Entstehung aus einfachen Verhältnissen beeindruckte viele.,His emergence from humble origins impressed many.,,Entstehung,,
318,8,Die Entstehung _____ dieser Idee war unerwartet.,aus,Die Entstehung aus dieser Idee war unerwartet.,The emergence from this idea was unexpected.,,Entstehung,,
319,8,Die Demonstration _____ mehr Lohn war friedlich.,für,Die Demonstration für mehr Lohn war friedlich.,The demonstration for higher wages was peaceful.,,Demonstration,,
320,8,Es gab eine große Demonstration _____ die Rechte der Minderheiten.,für,Es gab eine große Demonstration für die Rechte der Minderheiten.,There was a large demonstration for minority rights.,,Demonstration,,
321,8,Ihre Eignung _____ die Stelle wurde überprüft.,für,Ihre Eignung für die Stelle wurde überprüft.,Her suitability for the position was reviewed.,,Eignung,,
322,8,Die Eignung _____ den Beruf ist gesetzlich geregelt.,für,Die Eignung für den Beruf ist gesetzlich geregelt.,Suitability for the profession is legally regulated.,,Eignung,,
323,8,Die Immunität _____ das Virus ist noch nicht vollständig entwickelt.,gegen,Die Immunität gegen das Virus ist noch nicht vollständig entwickelt.,Immunity against the virus is not yet fully developed.,,Immunität,,
324,8,Viele Tiere besitzen eine natürliche Immunität _____ bestimmte Krankheiten.,gegen,Viele Tiere besitzen eine natürliche Immunität gegen bestimmte Krankheiten.,Many animals have natural immunity against certain diseases.,,Immunität,,
325,8,Sein Irrtum _____ dieser Sache war offensichtlich.,in,Sein Irrtum in dieser Sache war offensichtlich.,His error in this matter was obvious.,,Irrtum,,
326,8,Der Irrtum _____ der Berechnung führte zum Fehler.,in,Der Irrtum in der Berechnung führte zum Fehler.,The mistake in the calculation led to the error.,,Irrtum,,
327,8,Die Einigung _____ dem Partner wurde schriftlich festgehalten.,mit,Die Einigung mit dem Partner wurde schriftlich festgehalten.,The agreement with the partner was put in writing.,,Einigung,,
328,8,Nach langer Diskussion kam es zur Einigung _____ der Gewerkschaft.,mit,Nach langer Diskussion kam es zur Einigung mit der Gewerkschaft.,"After long discussion, an agreement was reached with the union.",,Einigung,,
329,8,Das Telefonat _____ der Kundin dauerte eine Stunde.,mit,Das Telefonat mit der Kundin dauerte eine Stunde.,The phone call with the client lasted an hour.,,Telefonat,,
330,8,Mein letztes Telefonat _____ ihm war sehr aufschlussreich.,mit,Mein letztes Telefonat mit ihm war sehr aufschlussreich.,My last phone call with him was very informative.,,Telefonat,,
331,8,Die Auseinandersetzung _____ dem Thema war intensiv.,mit,Die Auseinandersetzung mit dem Thema war intensiv.,The engagement with the topic was intense.,,Auseinandersetzung,,
332,8,Seine Auseinandersetzung _____ dem Gegner war hart.,mit,Seine Auseinandersetzung mit dem Gegner war hart.,His confrontation with the opponent was tough.,,Auseinandersetzung,,
333,8,Die Erkundigung _____ dem Weg war erfolglos.,nach,Die Erkundigung nach dem Weg war erfolglos.,The inquiry about the way was unsuccessful.,,Ekundigung,,
334,8,Seine Erkundigung _____ dem Preis wurde schnell beantwortet.,nach,Seine Erkundigung nach dem Preis wurde schnell beantwortet.,His inquiry about the price was quickly answered.,,Ekundigung,,
335,8,Ihre Sehnsucht _____ Ruhe wurde stärker.,nach,Ihre Sehnsucht nach Ruhe wurde stärker.,Her longing for peace grew stronger.,,Sehnsucht,,
336,8,Die Sehnsucht _____ der Heimat begleitete ihn ständig.,nach,Die Sehnsucht nach der Heimat begleitete ihn ständig.,The longing for home followed him constantly.,,Sehnsucht,,
337,8,Ihre Verwunderung _____ die Entscheidung war groß.,über,Ihre Verwunderung über die Entscheidung war groß.,Her astonishment about the decision was great.,,Verwunderung,,
338,8,Meine Verwunderung _____ sein Verhalten war ehrlich.,über,Meine Verwunderung über sein Verhalten war ehrlich.,My surprise at his behavior was genuine.,,Verwunderung,,
339,8,Die Aufregung _____ das Ergebnis war groß.,über,Die Aufregung über das Ergebnis war groß.,The excitement about the result was huge.,,Aufregung,,
340,8,Ihre Aufregung _____ den Besuch war spürbar.,über,Ihre Aufregung über den Besuch war spürbar.,Her excitement about the visit was noticeable.,,Aufregung,,
341,8,Sein Entsetzen _____ den Unfall war deutlich.,über,Sein Entsetzen über den Unfall war deutlich.,His horror at the accident was obvious.,,Entsetzen,,
342,8,Das Entsetzen _____ die Nachricht war allgemein.,über,Das Entsetzen über die Nachricht war allgemein.,The horror at the news was widespread.,,Entsetzen,,
343,8,Ihre Klage _____ die Arbeitsbedingungen war berechtigt.,über,Ihre Klage über die Arbeitsbedingungen war berechtigt.,Her complaint about the working conditions was justified.,,Klage,,
344,8,Die Klage _____ den Lärm wurde ignoriert.,über,Die Klage über den Lärm wurde ignoriert.,The complaint about the noise was ignored.,,Klage,,
345,8,Die Abhängigkeit _____ Alkohol wurde behandelt.,von,Die Abhängigkeit von Alkohol wurde behandelt.,The dependence on alcohol was treated.,,Abhängigkeit,,
346,8,Seine Abhängigkeit _____ Geld war offensichtlich.,von,Seine Abhängigkeit von Geld war offensichtlich.,His dependence on money was obvious.,,Abhängigkeit,,
347,8,Sein Ekel _____ dem Anblick war sichtbar.,vor,Sein Ekel vor dem Anblick war sichtbar.,His disgust at the sight was visible.,,Ekel,,
348,8,Der Ekel _____ bestimmten Tieren ist weit verbreitet.,vor,Der Ekel vor bestimmten Tieren ist weit verbreitet.,Disgust toward certain animals is widespread.,,Ekel,,
349,8,Die Flucht _____ dem Feind war erfolgreich.,vor,Die Flucht vor dem Feind war erfolgreich.,The escape from the enemy was successful.,,Flucht,,
350,8,Seine Flucht _____ der Verantwortung wurde kritisiert.,vor,Seine Flucht vor der Verantwortung wurde kritisiert.,His escape from responsibility was criticized.,,Flucht,,
351,8,Der Glückwunsch _____ ihrem Erfolg war herzlich.,zu,Der Glückwunsch zu ihrem Erfolg war herzlich.,The congratulations on her success were heartfelt.,,Glückwunsch,,
352,8,Sein Glückwunsch _____ ihrer Hochzeit war sehr persönlich.,zu,Sein Glückwunsch zu ihrer Hochzeit war sehr persönlich.,His congratulations on her wedding were very personal.,,Glückwunsch,,
353,8,Die Bereitschaft _____ Veränderungen ist gering.,zu,Die Bereitschaft zu Veränderungen ist gering.,The willingness for change is low.,,Bereitschaft,,
354,8,Seine Bereitschaft _____ helfen war beeindruckend.,zu,Seine Bereitschaft zu helfen war beeindruckend.,His willingness to help was impressive.,,Bereitschaft,,
355,8,Die Eignung _____ diesem Beruf muss nachgewiesen werden.,zu,Die Eignung zu diesem Beruf muss nachgewiesen werden.,Suitability for this profession must be proven.,,Eignung,,
356,8,Seine Eignung _____ dieser Aufgabe ist fraglich.,zu,Seine Eignung zu dieser Aufgabe ist fraglich.,His suitability for this task is questionable.,,Eignung,,
357,8,Die Zugehörigkeit _____ dieser Gruppe war freiwillig.,zu,Die Zugehörigkeit zu dieser Gruppe war freiwillig.,Belonging to this group was voluntary.,,Zugehörigkeit,,
358,8,Die Zugehörigkeit _____ einer Nation prägt die Identität.,zu,Die Zugehörigkeit zu einer Nation prägt die Identität.,Belonging to a nation shapes identity.,,Zugehörigkeit,,
359,8,Ihre Neigung _____ Dramatik ist bekannt.,zu,Ihre Neigung zu Dramatik ist bekannt.,Her tendency toward drama is well known.,,Neigung,,
360,8,Seine Neigung _____ Extremen ist gefährlich.,zu,Seine Neigung zu Extremen ist gefährlich.,His inclination toward extremes is dangerous.,,Neigung,,
361,8,Die Anregung _____ neuen Ideen war hilfreich.,zu,Die Anregung zu neuen Ideen war hilfreich.,The stimulation to new ideas was helpful.,,Anregung,,
362,8,Die Anregung _____ Kreativität fehlte.,zu,Die Anregung zu Kreativität fehlte.,The encouragement toward creativity was lacking.,,Anregung,,
363,8,Die Ernennung _____ Direktor war überraschend.,zum,Die Ernennung zum Direktor war überraschend.,The appointment as director was surprising.,,Ernennung,,
364,8,Seine Ernennung _____ Präsidenten wurde gefeiert.,zum,Seine Ernennung zum Präsidenten wurde gefeiert.,His appointment as president was celebrated.,,Ernennung,,
365,9,the reputation as,als,das Ansehen,,,,,
366,9,the suffering from,an,das Leiden,,,,,
367,9,the orientation to,an,die Orientierung,,,,,
368,9,the revenge on,an,die Rache,,,,,
369,9,the rage at,auf,die Wut,,,,,
370,9,the envy of,auf,der Neid,,,,,
371,9,the waiver of,auf,der Verzicht,,,,,
372,9,the composition of,aus,die Zusammensetzung,,,,,
373,9,the commitment to,für,das Engagement,,,,,
374,9,the revenge for,für,die Rache,,,,,
375,9,the defense against,gegen,die Verteidigung,,,,,
376,9,the violation of,gegen,der Verstoß,,,,,
377,9,the transformation into,in,die Verwandlung,,,,,
378,9,the distinction in,in,die Unterscheidung,,,,,
379,9,the deception in,in,die Täuschung,,,,,
380,9,the structure in,in,die Gliederung,,,,,
381,9,the conversation with,mit,die Unterhaltung,,,,,
382,9,the call for,nach,der Ruf,,,,,
383,9,the stink of,nach,der Gestank,,,,,
384,9,the entertainment about,über,die Unterhaltung,,,,,
385,9,the mockery of,über,der Spott,,,,,
386,9,the astonishment at,über,das Erstaunen,,,,,
387,9,the liberation from,von,die Befreiung,,,,,
388,9,the protection against,vor,der Schutz,,,,,
389,9,the education to,zu,die Erziehung,,,,,
390,9,the request to,zu,die Aufforderung,,,,,
391,9,the transport to,zu,die Beförderung,,,,,
392,9,the decision to,zu,der Entschluss,,,,,
393,9,the persuasion to,zu,die Überredung,,,,,
394,9,the compulsion to,zu,der Zwang,,,,,
395,10,Sein Ansehen _____ Experte wurde nie infrage gestellt.,als,Sein Ansehen als Experte wurde nie infrage gestellt.,His reputation as an expert was never questioned.,,Ansehen,,
396,10,Das Ansehen _____ zuverlässiger Partner ist wichtig.,als,Das Ansehen als zuverlässiger Partner ist wichtig.,Reputation as a reliable partner is important.,,Ansehen,,
397,10,Das Leiden _____ Schlaflosigkeit beeinträchtigt ihn stark.,an,Das Leiden an Schlaflosigkeit beeinträchtigt ihn stark.,The suffering from insomnia affects him severely.,,Leiden,,
398,10,Ihr Leiden _____ Migräne ist chronisch.,an,Ihr Leiden an Migräne ist chronisch.,Her suffering from migraines is chronic.,,Leiden,,
399,10,Die Orientierung _____ den Zielen ist wichtig.,an,Die Orientierung an den Zielen ist wichtig.,Orientation toward the goals is important.,,Orientierung,,
400,10,Seine Orientierung _____ traditionellen Werten prägt sein Handeln.,an,Seine Orientierung an traditionellen Werten prägt sein Handeln.,His orientation toward traditional values shapes his actions.,,Orientierung,,
401,10,Die Rache _____ dem Täter war grausam.,an,Die Rache an dem Täter war grausam.,The revenge on the perpetrator was cruel.,,Rache,,
402,10,Ihre Rache _____ ihm war wohlüberlegt.,an,Ihre Rache an ihm war wohlüberlegt.,Her revenge on him was deliberate.,,Rache,,
403,10,Ihre Wut _____ den Chef war kaum zu übersehen.,auf,Ihre Wut auf den Chef war kaum zu übersehen.,Her anger at the boss was hard to miss.,,Wut,,
404,10,Die Wut _____ den Verkehr wuchs mit jeder Minute.,auf,Die Wut auf den Verkehr wuchs mit jeder Minute.,The anger at the traffic grew by the minute.,,Wut,,
405,10,Sein Neid _____ den Nachbarn war unbegründet.,auf,Sein Neid auf den Nachbarn war unbegründet.,His envy of the neighbor was unfounded.,,Neid,,
406,10,Der Neid _____ ihren Erfolg war nicht zu übersehen.,auf,Der Neid auf ihren Erfolg war nicht zu übersehen.,The envy of her success was noticeable.,,Neid,,
407,10,Der Verzicht _____ Luxus fiel ihm schwer.,auf,Der Verzicht auf Luxus fiel ihm schwer.,Renouncing luxury was difficult for him.,,Verzicht,,
408,10,Sein Verzicht _____ das Erbe überraschte alle.,auf,Sein Verzicht auf das Erbe überraschte alle.,His renunciation of the inheritance surprised everyone.,,Verzicht,,
409,10,Die Zusammensetzung _____ verschiedenen Stoffen macht das Produkt aus.,aus,Die Zusammensetzung aus verschiedenen Stoffen macht das Produkt aus.,The composition from various materials defines the product.,,Zusammensetzung,,
410,10,Die Zusammensetzung _____ Experten unterschiedlicher Bereiche war sinnvoll.,aus,Die Zusammensetzung aus Experten unterschiedlicher Bereiche war sinnvoll.,The composition of experts from different fields made sense.,,Zusammensetzung,,
411,10,Sein Engagement _____ den Umweltschutz ist beeindruckend.,für,Sein Engagement für den Umweltschutz ist beeindruckend.,His commitment to environmental protection is impressive.,,Engagement,,
412,10,Das Engagement _____ soziale Projekte steigt.,für,Das Engagement für soziale Projekte steigt.,The commitment to social projects is increasing.,,Engagement,,
413,10,Sie schwor Rache _____ den Betrug.,für,Sie schwor Rache für den Betrug.,She swore revenge for the betrayal.,,Rache,,
414,10,Die Rache _____ das Unrecht ließ nicht lange auf sich warten.,für,Die Rache für das Unrecht ließ nicht lange auf sich warten.,The revenge for the injustice came quickly.,,Rache,,
415,10,Die Verteidigung _____ die Angriffe war gut organisiert.,gegen,Die Verteidigung gegen die Angriffe war gut organisiert.,The defense against the attacks was well organized.,,Verteidigung,,
416,10,Seine Verteidigung _____ die Vorwürfe war überzeugend.,gegen,Seine Verteidigung gegen die Vorwürfe war überzeugend.,His defense against the accusations was convincing.,,Verteidigung,,
417,10,Sein Verstoß _____ die Regeln blieb nicht unbestraft.,gegen,Sein Verstoß gegen die Regeln blieb nicht unbestraft.,His violation of the rules did not go unpunished.,,Verstoß,,
418,10,Der Verstoß _____ das Gesetz wurde angezeigt.,gegen,Der Verstoß gegen das Gesetz wurde angezeigt.,The violation of the law was reported.,,Verstoß,,
419,10,Die Verwandlung _____ einen modernen Raum war beeindruckend.,in,Die Verwandlung in einen modernen Raum war beeindruckend.,The transformation into a modern space was impressive.,,Verwandlung,,
420,10,Die Verwandlung _____ eine grüne Stadt ist ein großes Ziel.,in,Die Verwandlung in eine grüne Stadt ist ein großes Ziel.,The transformation into a green city is a big goal.,,Verwandlung,,
421,10,Die Unterscheidung _____ Gruppen hilft beim Verständnis.,in,Die Unterscheidung in Gruppen hilft beim Verständnis.,The distinction into groups helps with understanding.,,Unterscheidung,,
422,10,Die Unterscheidung _____ Kategorien ist nicht immer einfach.,in,Die Unterscheidung in Kategorien ist nicht immer einfach.,The classification into categories is not always easy.,,Unterscheidung,,
423,10,Die Täuschung _____ dieser Frage war beabsichtigt.,in,Die Täuschung in dieser Frage war beabsichtigt.,The deception in this matter was intentional.,,Täuschung,,
424,10,Seine Täuschung _____ Details war schwer zu erkennen.,in,Seine Täuschung in Details war schwer zu erkennen.,His deception in details was hard to detect.,,Täuschung,,
425,10,Die Gliederung _____ Kapitel macht das Lesen einfacher.,in,Die Gliederung in Kapitel macht das Lesen einfacher.,The division into chapters makes reading easier.,,Gliederung,,
426,10,Die Gliederung _____ Bereiche ist sinnvoll.,in,Die Gliederung in Bereiche ist sinnvoll.,The structure into sections is practical.,,Gliederung,,
427,10,Die Unterhaltung _____ dem Gast war sehr angenehm.,mit,Die Unterhaltung mit dem Gast war sehr angenehm.,The conversation with the guest was very pleasant.,,Unterhaltung,,
428,10,Ich hatte eine interessante Unterhaltung _____ meiner Nachbarin.,mit,Ich hatte eine interessante Unterhaltung mit meiner Nachbarin.,I had an interesting conversation with my neighbor.,,Unterhaltung,,
429,10,Sein Ruf _____ Freiheit wurde laut.,nach,Sein Ruf nach Freiheit wurde laut.,His call for freedom was loud.,,Ruf,,
430,10,Der Ruf _____ Reformen wird immer stärker.,nach,Der Ruf nach Reformen wird immer stärker.,The call for reforms is getting stronger.,,Ruf,,
431,10,Der Gestank _____ Verbranntem war unerträglich.,nach,Der Gestank nach Verbranntem war unerträglich.,The stench of something burnt was unbearable.,,Gestank,,
432,10,Der Gestank _____ Abfall erfüllte den Raum.,nach,Der Gestank nach Abfall erfüllte den Raum.,The stench of garbage filled the room.,,Gestank,,
433,10,Die Unterhaltung _____ Politik war sehr spannend.,über,Die Unterhaltung über Politik war sehr spannend.,The conversation about politics was very interesting.,,Unterhaltung,,
434,10,Unsere Unterhaltung _____ das Buch dauerte stundenlang.,über,Unsere Unterhaltung über das Buch dauerte stundenlang.,Our conversation about the book lasted for hours.,,Unterhaltung,,
435,10,Sein Spott _____ den Vortrag war verletzend.,über,Sein Spott über den Vortrag war verletzend.,His mockery of the presentation was hurtful.,,Spott,,
436,10,Der Spott _____ den Politiker war laut.,über,Der Spott über den Politiker war laut.,The mockery of the politician was loud.,,Spott,,
437,10,Das Erstaunen _____ die Reaktion war groß.,über,Das Erstaunen über die Reaktion war groß.,The astonishment at the reaction was great.,,Erstaunen,,
438,10,Unser Erstaunen _____ den Sieg war ehrlich.,über,Unser Erstaunen über den Sieg war ehrlich.,Our amazement at the victory was genuine.,,Erstaunen,,
439,10,Die Befreiung _____ der Last fiel ihm schwer.,von,Die Befreiung von der Last fiel ihm schwer.,Freeing himself from the burden was difficult.,,Befreiung,,
440,10,Ihre Befreiung _____ der Verantwortung war notwendig.,von,Ihre Befreiung von der Verantwortung war notwendig.,Her release from responsibility was necessary.,,Befreiung,,
441,10,Der Schutz _____ Kälte ist wichtig im Winter.,vor,Der Schutz vor Kälte ist wichtig im Winter.,Protection from the cold is important in winter.,,Schutz,,
442,10,Der Schutz _____ Gefahren ist lebenswichtig.,vor,Der Schutz vor Gefahren ist lebenswichtig.,Protection from dangers is vital.,,Schutz,,
443,10,Die Erziehung _____ Selbstständigkeit beginnt früh.,zu,Die Erziehung zu Selbstständigkeit beginnt früh.,Upbringing toward independence starts early.,,Erziehung,,
444,10,Die Erziehung _____ Toleranz ist wichtig.,zu,Die Erziehung zu Toleranz ist wichtig.,Education toward tolerance is important.,,Erziehung,,
445,10,Die Aufforderung _____ Schweigen war deutlich.,zu,Die Aufforderung zu Schweigen war deutlich.,The request to be silent was clear.,,Aufforderung,,
446,10,Seine Aufforderung _____ Rücksicht wurde ignoriert.,zu,Seine Aufforderung zu Rücksicht wurde ignoriert.,His request for consideration was ignored.,,Aufforderung,,
447,10,Der Entschluss _____ einem Neuanfang fiel schwer.,zu,Der Entschluss zu einem Neuanfang fiel schwer.,The decision to make a fresh start was hard.,,Entschluss,,
448,10,Ihr Entschluss _____ dieser Reise war spontan.,zu,Ihr Entschluss zu dieser Reise war spontan.,Her decision to take this trip was spontaneous.,,Entschluss,,
449,10,Die Überredung _____ dem Kauf war geschickt.,zu,Die Überredung zu dem Kauf war geschickt.,The persuasion to make the purchase was clever.,,Überredung,,
450,10,Seine Überredung _____ dieser Handlung war erfolgreich.,zu,Seine Überredung zu dieser Handlung war erfolgreich.,His persuasion to this action was successful.,,Überredung,,
451,10,Der Zwang _____ Leistung belastet ihn.,zu,Der Zwang zu Leistung belastet ihn.,The pressure to perform burdens him.,,Zwang,,
452,10,Der Zwang _____ Ehrlichkeit war unangemessen.,zu,Der Zwang zu Ehrlichkeit war unangemessen.,The compulsion for honesty was inappropriate.,,Zwang,,
453,10,Die Beförderung _____ Manager war verdient.,zum,Die Beförderung zum Manager war verdient.,The promotion to manager was deserved.,,Beförderung,,
454,10,Seine Beförderung _____ Direktor wurde gefeiert.,zum,Seine Beförderung zum Direktor wurde gefeiert.,His promotion to director was celebrated.,,Beförderung,,
455,100,the best about,an,das Beste,,,X,,
456,100,an increase in,an,die Zunahme,,,X,,
457,100,a decrease in,an,die Abnahme,,,X,,
,,the need in,an,Bedarf,,,,,
,,the shortage of,an,Mangel,,,,,
,,the trust in (someone's ability),in,Vertrauen,,,,,
,,,um,Verdienst,,,,,
,,,um,das Wissen,,,,,
,,,um,die Geschichte,,,,,
,,,um,die Spekulation,,,,,