Nr,level,question,answer,german,person,case,english
1,1,Heute bin _____ sehr müde.,ich,Heute bin ich sehr müde.,I,Nominativ,
2,1,Am Wochenende gehe _____ oft wandern.,ich,Am Wochenende gehe ich oft wandern.,I,Nominativ,
3,1,"_____ mag es, neue Sprachen zu lernen.",Ich,"Ich mag es, neue Sprachen zu lernen.",I,Nominativ,
4,1,Nach dem Frühstück lese _____ ein Buch.,ich,Nach dem Frühstück lese ich ein Buch.,I,Nominativ,
5,1,Im Kino habe _____ einen tollen Film gesehen.,ich,Im Kino habe ich einen tollen Film gesehen.,I,Nominativ,
6,1,Heute bist _____ sehr freundlich.,du,Heute bist du sehr freundlich.,You (Singular),Nominativ,
7,1,Am Wochenende gehst _____ oft joggen.,du,Am Wochenende gehst du oft joggen.,You (Singular),Nominativ,
8,1,_____ kannst gut singen und tanzen.,Du,Du kannst gut singen und tanzen.,You (Singular),Nominativ,
9,1,Nach dem Frühstück liest _____ manchmal ein Buch.,du,Nach dem Frühstück liest du manchmal ein Buch.,You (Singular),Nominativ,
10,1,Im Kino hast _____ einen spannenden Film gesehen.,du,Im Kino hast du einen spannenden Film gesehen.,You (Singular),Nominativ,
11,1,Heute ist _____ sehr pünktlich angekommen.,er,Heute ist er sehr pünktlich angekommen.,He (Maskulin),Nominativ,
12,1,Im Garten pflanzt _____ neue Blumen.,er,Im Garten pflanzt er neue Blumen.,He (Maskulin),Nominativ,
13,1,"_____ liebt es, im Sommer zu wandern.",Er,"Er liebt es, im Sommer zu wandern.",He (Maskulin),Nominativ,
14,1,Nach der Arbeit liest _____ gerne die Zeitung.,er,Nach der Arbeit liest er gerne die Zeitung.,He (Maskulin),Nominativ,
15,1,Am Wochenende spielt _____ immer Fußball mit Freunden.,er,Am Wochenende spielt er immer Fußball mit Freunden.,He (Maskulin),Nominativ,
16,1,Heute trägt _____ ein schönes Kleid.,sie,Heute trägt sie ein schönes Kleid.,She (Feminin),Nominativ,
17,1,Nach der Arbeit ruht _____ sich meistens aus.,sie,Nach der Arbeit ruht sie sich meistens aus.,She (Feminin),Nominativ,
18,1,_____ kocht gerne für ihre Familie.,Sie,Sie kocht gerne für ihre Familie.,She (Feminin),Nominativ,
19,1,Am Wochenende besucht _____ oft ihre Freunde.,sie,Am Wochenende besucht sie oft ihre Freunde.,She (Feminin),Nominativ,
20,1,Gestern hat _____ ein interessantes Buch gelesen.,sie,Gestern hat sie ein interessantes Buch gelesen.,She (Feminin),Nominativ,
21,1,Heute ist _____ sehr kalt draußen.,es,Heute ist es sehr kalt draußen.,It (Neutral),Nominativ,
22,1,Im Wohnzimmer steht _____ auf dem Tisch.,es,Im Wohnzimmer steht es auf dem Tisch.,It (Neutral),Nominativ,
23,1,"_____ scheint, als ob es bald regnet.",Es,"Es scheint, als ob es bald regnet.",It (Neutral),Nominativ,
24,1,Auf dem Bild sieht _____ aus wie ein Gemälde.,es,Auf dem Bild sieht es aus wie ein Gemälde.,It (Neutral),Nominativ,
25,1,"Morgens dauert _____ immer eine Weile, bis die Sonne aufgeht.",es,"Morgens dauert es immer eine Weile, bis die Sonne aufgeht.",It (Neutral),Nominativ,
26,1,Heute treffen _____ uns im Park.,wir,Heute treffen wir uns im Park.,We,Nominativ,
27,1,Nach dem Frühstück planen _____ unsere Wanderung.,wir,Nach dem Frühstück planen wir unsere Wanderung.,We,Nominativ,
28,1,"_____ hoffen, dass das Wetter morgen schön wird.",Wir,"Wir hoffen, dass das Wetter morgen schön wird.",We,Nominativ,
29,1,Am Wochenende spielen _____ oft zusammen Fußball.,wir,Am Wochenende spielen wir oft zusammen Fußball.,We,Nominativ,
30,1,Gestern haben _____ einen Ausflug ins Museum gemacht.,wir,Gestern haben wir einen Ausflug ins Museum gemacht.,We,Nominativ,
31,1,Im Park habt _____ gestern ein Picknick gemacht.,ihr,Im Park habt ihr gestern ein Picknick gemacht.,You (Plural),Nominativ,
32,1,"Heute Abend geht _____ ins Theater, oder?",ihr,"Heute Abend geht ihr ins Theater, oder?",You (Plural),Nominativ,
33,1,_____ könnt mir später bei der Aufgabe helfen.,Ihr,Ihr könnt mir später bei der Aufgabe helfen.,You (Plural),Nominativ,
34,1,Nach dem Frühstück plant _____ den Tagesausflug.,ihr,Nach dem Frühstück plant ihr den Tagesausflug.,You (Plural),Nominativ,
35,1,Morgen trefft _____ euch mit Freunden im Café.,ihr,Morgen trefft ihr euch mit Freunden im Café.,You (Plural),Nominativ,
36,1,Im Urlaub reisen _____ oft in exotische Länder.,sie,Im Urlaub reisen sie oft in exotische Länder.,They,Nominativ,
37,1,Heute Abend feiern _____ eine große Party.,sie,Heute Abend feiern sie eine große Party.,They,Nominativ,
38,1,_____ haben gestern einen interessanten Vortrag besucht.,Sie,Sie haben gestern einen interessanten Vortrag besucht.,They,Nominativ,
39,1,Beim Fußballspiel haben _____ viele Tore geschossen.,sie,Beim Fußballspiel haben sie viele Tore geschossen.,They,Nominativ,
40,1,Nach der Arbeit treffen _____ sich manchmal im Park.,sie,Nach der Arbeit treffen sie sich manchmal im Park.,They,Nominativ,
41,1,Im Hotel bekommen _____ das beste Zimmer.,Sie,Im Hotel bekommen Sie das beste Zimmer.,You (Formal),Nominativ,
42,1,Heute Abend besuchen _____ eine Aufführung im Theater.,Sie,Heute Abend besuchen Sie eine Aufführung im Theater.,You (Formal),Nominativ,
43,1,"_____ können uns jederzeit anrufen, wenn Sie Hilfe brauchen.",Sie,"Sie können uns jederzeit anrufen, wenn Sie Hilfe brauchen.",You (Formal),Nominativ,
44,1,Beim Meeting haben _____ viele gute Ideen eingebracht.,Sie,Beim Meeting haben Sie viele gute Ideen eingebracht.,You (Formal),Nominativ,
45,1,Nach der Besprechung schicken _____ uns die Unterlagen.,Sie,Nach der Besprechung schicken Sie uns die Unterlagen.,You (Formal),Nominativ,
46,2,Kannst du _____ morgen im Büro anrufen?,mich,Kannst du mich morgen im Büro anrufen?,Ich,Akkusativ,
47,2,Heute hat niemand _____ besucht.,mich,Heute hat niemand mich besucht.,Ich,Akkusativ,
48,2,_____ hat der Film gestern total begeistert.,Mich,Mich hat der Film gestern total begeistert.,Ich,Akkusativ,
49,2,Nach dem Training hat der Trainer _____ gelobt.,mich,Nach dem Training hat der Trainer mich gelobt.,Ich,Akkusativ,
50,2,"Bitte ruf _____ an, wenn du angekommen bist.",mich,"Bitte ruf mich an, wenn du angekommen bist.",Ich,Akkusativ,
51,2,Heute habe ich _____ im Park gesehen.,dich,Heute habe ich dich im Park gesehen.,Du,Akkusativ,
52,2,Kann ich _____ später anrufen?,dich,Kann ich dich später anrufen?,Du,Akkusativ,
53,2,_____ hat der Lehrer gestern gelobt.,Dich,Dich hat der Lehrer gestern gelobt.,Du,Akkusativ,
54,2,Nach der Party habe ich _____ überall gesucht.,dich,Nach der Party habe ich dich überall gesucht.,Du,Akkusativ,
55,2,Der Hund hat _____ sofort erkannt.,dich,Der Hund hat dich sofort erkannt.,Du,Akkusativ,
56,2,Gestern habe ich _____ im Kino gesehen.,ihn,Gestern habe ich ihn im Kino gesehen.,Er,Akkusativ,
57,2,Kannst du _____ später anrufen?,ihn,Kannst du ihn später anrufen?,Er,Akkusativ,
58,2,_____ hat der Trainer für die Mannschaft ausgewählt.,Ihn,Ihn hat der Trainer für die Mannschaft ausgewählt.,Er,Akkusativ,
59,2,Nach dem Spiel habe ich _____ überall gesucht.,ihn,Nach dem Spiel habe ich ihn überall gesucht.,Er,Akkusativ,
60,2,Der Hund hat _____ sofort erkannt.,ihn,Der Hund hat ihn sofort erkannt.,Er,Akkusativ,
61,2,Heute habe ich _____ im Park getroffen.,sie,Heute habe ich sie im Park getroffen.,Sie - Fem.,Akkusativ,
62,2,Kannst du _____ später anrufen?,sie,Kannst du sie später anrufen?,Sie - Fem.,Akkusativ,
63,2,Der Lehrer hat _____ gestern gelobt.,sie,Der Lehrer hat sie gestern gelobt.,Sie - Fem.,Akkusativ,
64,2,Nach der Party habe ich _____ gesucht.,sie,Nach der Party habe ich sie gesucht.,Sie - Fem.,Akkusativ,
65,2,Der Hund hat _____ sofort erkannt.,sie,Der Hund hat sie sofort erkannt.,Sie - Fem.,Akkusativ,
66,2,Gestern habe ich _____ im Wohnzimmer gesehen.,es,Gestern habe ich es im Wohnzimmer gesehen.,Es,Akkusativ,
67,2,Kannst du _____ bitte auf den Tisch legen?,es,Kannst du es bitte auf den Tisch legen?,Es,Akkusativ,
68,2,Der Hund hat _____ sofort gefressen.,es,Der Hund hat es sofort gefressen.,Es,Akkusativ,
69,2,Nach dem Spiel habe ich _____ zurückgebracht.,es,Nach dem Spiel habe ich es zurückgebracht.,Es,Akkusativ,
70,2,Der Lehrer hat _____ gestern erklärt.,es,Der Lehrer hat es gestern erklärt.,Es,Akkusativ,
71,2,Nach der Veranstaltung haben sie _____ eingeladen.,uns,Nach der Veranstaltung haben sie uns eingeladen.,Wir,Akkusativ,
72,2,Der Hund hat _____ sofort erkannt.,uns,Der Hund hat uns sofort erkannt.,Wir,Akkusativ,
73,2,Morgen nimmt der Chef _____ in sein Büro mit.,uns,Morgen nimmt der Chef uns in sein Büro mit.,Wir,Akkusativ,
74,2,"Wenn du _____ brauchst, ruf einfach an.",uns,"Wenn du uns brauchst, ruf einfach an.",Wir,Akkusativ,
75,2,Ich habe _____ gestern in der Stadt getroffen.,uns,Ich habe uns gestern in der Stadt getroffen.,Wir,Akkusativ,
76,2,Die Lehrerin hat _____ gestern gelobt.,euch,Die Lehrerin hat euch gestern gelobt.,Ihr,Akkusativ,
77,2,Ich werde _____ morgen ins Kino einladen.,euch,Ich werde euch morgen ins Kino einladen.,Ihr,Akkusativ,
78,2,Der Hund hat _____ im Garten gesehen.,euch,Der Hund hat euch im Garten gesehen.,Ihr,Akkusativ,
79,2,Ich habe _____ beim Konzert sofort erkannt.,euch,Ich habe euch beim Konzert sofort erkannt.,Ihr,Akkusativ,
80,2,Kann ich _____ später anrufen?,euch,Kann ich euch später anrufen?,Ihr,Akkusativ,
81,2,Ich habe _____ gestern im Park getroffen.,sie,Ich habe sie gestern im Park getroffen.,Sie - Plu.,Akkusativ,
82,2,Kannst du _____ später anrufen?,sie,Kannst du sie später anrufen?,Sie - Plu.,Akkusativ,
83,2,Der Hund hat _____ im Garten gesehen.,sie,Der Hund hat sie im Garten gesehen.,Sie - Plu.,Akkusativ,
84,2,Nach der Besprechung hat der Chef _____ eingeladen.,sie,Nach der Besprechung hat der Chef sie eingeladen.,Sie - Plu.,Akkusativ,
85,2,Warum hat niemand _____ informiert?,sie,Warum hat niemand sie informiert?,Sie - Plu.,Akkusativ,
86,2,Kann ich _____ später anrufen?,Sie,Kann ich Sie später anrufen?,Sie - Form.,Akkusativ,
87,2,Der Chef möchte _____ morgen sprechen.,Sie,Der Chef möchte Sie morgen sprechen.,Sie - Form.,Akkusativ,
88,2,Ich habe _____ gestern im Büro gesehen.,Sie,Ich habe Sie gestern im Büro gesehen.,Sie - Form.,Akkusativ,
89,2,Der Hund hat _____ sofort erkannt.,Sie,Der Hund hat Sie sofort erkannt.,Sie - Form.,Akkusativ,
90,2,Nach der Besprechung werden wir _____ informieren.,Sie,Nach der Besprechung werden wir Sie informieren.,Sie - Form.,Akkusativ,
91,3,Kannst du _____ bitte helfen?,mir,Kannst du mir bitte helfen?,Ich,Dativ,
92,3,Der Lehrer hat _____ eine gute Note gegeben.,mir,Der Lehrer hat mir eine gute Note gegeben.,Ich,Dativ,
93,3,_____ gefällt das neue Buch sehr gut.,Mir,Mir gefällt das neue Buch sehr gut.,Ich,Dativ,
94,3,Nach dem Spiel hat er _____ seine Meinung gesagt.,mir,Nach dem Spiel hat er mir seine Meinung gesagt.,Ich,Dativ,
95,3,"Der Hund folgt immer _____, wenn ich ihn rufe.",mir,"Der Hund folgt immer mir, wenn ich ihn rufe.",Ich,Dativ,
96,3,Kann ich _____ später helfen?,dir,Kann ich dir später helfen?,Du,Dativ,
97,3,Der Lehrer hat _____ eine Frage gestellt.,dir,Der Lehrer hat dir eine Frage gestellt.,Du,Dativ,
98,3,_____ gefällt das neue Lied?,Dir,Dir gefällt das neue Lied?,Du,Dativ,
99,3,Nach dem Spiel hat er _____ die Wahrheit gesagt.,dir,Nach dem Spiel hat er dir die Wahrheit gesagt.,Du,Dativ,
100,3,"Der Hund folgt immer _____, wenn du ihn rufst.",dir,"Der Hund folgt immer dir, wenn du ihn rufst.",Du,Dativ,
101,3,Kannst du _____ später helfen?,ihm,Kannst du ihm später helfen?,Er,Dativ,
102,3,Der Lehrer hat _____ eine schwierige Frage gestellt.,ihm,Der Lehrer hat ihm eine schwierige Frage gestellt.,Er,Dativ,
103,3,_____ gefällt das neue Auto sehr gut.,Ihm,Ihm gefällt das neue Auto sehr gut.,Er,Dativ,
104,3,Nach dem Spiel hat der Trainer _____ ein Lob ausgesprochen.,ihm,Nach dem Spiel hat der Trainer ihm ein Lob ausgesprochen.,Er,Dativ,
105,3,"Der Hund folgt immer _____, wenn er ruft.",ihm,"Der Hund folgt immer ihm, wenn er ruft.",Er,Dativ,
106,3,Kannst du _____ morgen bei der Arbeit helfen?,ihr,Kannst du ihr morgen bei der Arbeit helfen?,Sie - Fem.,Dativ,
107,3,Der Lehrer hat _____ eine gute Note gegeben.,ihr,Der Lehrer hat ihr eine gute Note gegeben.,Sie - Fem.,Dativ,
108,3,_____ gefällt das neue Kleid sehr gut.,Ihr,Ihr gefällt das neue Kleid sehr gut.,Sie - Fem.,Dativ,
109,3,Nach der Besprechung hat der Chef _____ einige Tipps gegeben.,ihr,Nach der Besprechung hat der Chef ihr einige Tipps gegeben.,Sie - Fem.,Dativ,
110,3,"Der Hund folgt immer _____, wenn sie ihn ruft.",ihr,"Der Hund folgt immer ihr, wenn sie ihn ruft.",Sie - Fem.,Dativ,
111,3,Kannst du _____ bei der Aufgabe helfen?,ihm,Kannst du ihm bei der Aufgabe helfen?,Es,Dativ,
112,3,Der Lehrer hat _____ eine interessante Frage gestellt.,ihm,Der Lehrer hat ihm eine interessante Frage gestellt.,Es,Dativ,
113,3,_____ gefällt das neue Spielzeug sehr gut.,Ihm,Ihm gefällt das neue Spielzeug sehr gut.,Es,Dativ,
114,3,Nach der Präsentation hat der Chef _____ ein Kompliment gemacht.,ihm,Nach der Präsentation hat der Chef ihm ein Kompliment gemacht.,Es,Dativ,
115,3,"Der Hund folgt immer _____, wenn es ihn ruft.",ihm,"Der Hund folgt immer ihm, wenn es ihn ruft.",Es,Dativ,
116,3,Kannst du _____ bei der Entscheidung helfen?,uns,Kannst du uns bei der Entscheidung helfen?,Wir,Dativ,
117,3,Der Lehrer hat _____ die Regeln erklärt.,uns,Der Lehrer hat uns die Regeln erklärt.,Wir,Dativ,
118,3,_____ gefällt die Idee mit dem Ausflug sehr gut.,Uns,Uns gefällt die Idee mit dem Ausflug sehr gut.,Wir,Dativ,
119,3,Nach dem Spiel hat der Trainer _____ einige Tipps gegeben.,uns,Nach dem Spiel hat der Trainer uns einige Tipps gegeben.,Wir,Dativ,
120,3,"Der Hund folgt immer _____, wenn wir ihn rufen.",uns,"Der Hund folgt immer uns, wenn wir ihn rufen.",Wir,Dativ,
121,3,Kann ich _____ bei der Aufgabe helfen?,euch,Kann ich euch bei der Aufgabe helfen?,Ihr,Dativ,
122,3,Der Lehrer hat _____ die Regeln erklärt.,euch,Der Lehrer hat euch die Regeln erklärt.,Ihr,Dativ,
123,3,_____ gefällt der neue Film sehr gut?,Euch,Euch gefällt der neue Film sehr gut?,Ihr,Dativ,
124,3,Nach dem Spiel hat der Trainer _____ ein Lob ausgesprochen.,euch,Nach dem Spiel hat der Trainer euch ein Lob ausgesprochen.,Ihr,Dativ,
125,3,"Der Hund folgt immer _____, wenn ihr ihn ruft.",euch,"Der Hund folgt immer euch, wenn ihr ihn ruft.",Ihr,Dativ,
126,3,Kann ich _____ bei der Organisation helfen?,ihnen,Kann ich ihnen bei der Organisation helfen?,Sie - Plu.,Dativ,
127,3,Der Lehrer hat _____ die neuen Regeln erklärt.,ihnen,Der Lehrer hat ihnen die neuen Regeln erklärt.,Sie - Plu.,Dativ,
128,3,_____ gefällt die Idee mit dem Ausflug sehr gut.,Ihnen,Ihnen gefällt die Idee mit dem Ausflug sehr gut.,Sie - Plu.,Dativ,
129,3,Nach dem Spiel hat der Trainer _____ hilfreiche Tipps gegeben.,ihnen,Nach dem Spiel hat der Trainer ihnen hilfreiche Tipps gegeben.,Sie - Plu.,Dativ,
130,3,"Der Hund folgt immer _____, wenn sie ihn rufen.",ihnen,"Der Hund folgt immer ihnen, wenn sie ihn rufen.",Sie - Plu.,Dativ,
131,3,Kann ich _____ bei der Planung helfen?,Ihnen,Kann ich Ihnen bei der Planung helfen?,Sie - Form.,Dativ,
132,3,Der Lehrer hat _____ die neuen Informationen erklärt.,Ihnen,Der Lehrer hat Ihnen die neuen Informationen erklärt.,Sie - Form.,Dativ,
133,3,_____ gefällt die Idee mit der neuen Strategie?,Ihnen,Ihnen gefällt die Idee mit der neuen Strategie?,Sie - Form.,Dativ,
134,3,Nach dem Meeting hat der Chef _____ ein Kompliment gemacht.,Ihnen,Nach dem Meeting hat der Chef Ihnen ein Kompliment gemacht.,Sie - Form.,Dativ,
135,3,"Der Hund folgt immer _____, wenn Sie ihn rufen.",Ihnen,"Der Hund folgt immer Ihnen, wenn Sie ihn rufen.",Sie - Form.,Dativ,
136,4,Kannst du _____ morgen im Büro anrufen?,mich,Kannst du mich morgen im Büro anrufen?,Ich,Akkusativ,
137,4,Heute hat niemand _____ besucht.,mich,Heute hat niemand mich besucht.,Ich,Akkusativ,
138,4,_____ hat der Film gestern total begeistert.,Mich,Mich hat der Film gestern total begeistert.,Ich,Akkusativ,
139,4,Nach dem Training hat der Trainer _____ gelobt.,mich,Nach dem Training hat der Trainer mich gelobt.,Ich,Akkusativ,
140,4,"Bitte ruf _____ an, wenn du angekommen bist.",mich,"Bitte ruf mich an, wenn du angekommen bist.",Ich,Akkusativ,
141,4,Heute habe ich _____ im Park gesehen.,dich,Heute habe ich dich im Park gesehen.,Du,Akkusativ,
142,4,Kann ich _____ später anrufen?,dich,Kann ich dich später anrufen?,Du,Akkusativ,
143,4,_____ hat der Lehrer gestern gelobt.,Dich,Dich hat der Lehrer gestern gelobt.,Du,Akkusativ,
144,4,Nach der Party habe ich _____ überall gesucht.,dich,Nach der Party habe ich dich überall gesucht.,Du,Akkusativ,
145,4,Der Hund hat _____ sofort erkannt.,dich,Der Hund hat dich sofort erkannt.,Du,Akkusativ,
146,4,Gestern habe ich _____ im Kino gesehen.,ihn,Gestern habe ich ihn im Kino gesehen.,Er,Akkusativ,
147,4,Kannst du _____ später anrufen?,ihn,Kannst du ihn später anrufen?,Er,Akkusativ,
148,4,_____ hat der Trainer für die Mannschaft ausgewählt.,Ihn,Ihn hat der Trainer für die Mannschaft ausgewählt.,Er,Akkusativ,
149,4,Nach dem Spiel habe ich _____ überall gesucht.,ihn,Nach dem Spiel habe ich ihn überall gesucht.,Er,Akkusativ,
150,4,Der Hund hat _____ sofort erkannt.,ihn,Der Hund hat ihn sofort erkannt.,Er,Akkusativ,
151,4,Heute habe ich _____ im Park getroffen.,sie,Heute habe ich sie im Park getroffen.,Sie - Fem.,Akkusativ,
152,4,Kannst du _____ später anrufen?,sie,Kannst du sie später anrufen?,Sie - Fem.,Akkusativ,
153,4,Der Lehrer hat _____ gestern gelobt.,sie,Der Lehrer hat sie gestern gelobt.,Sie - Fem.,Akkusativ,
154,4,Nach der Party habe ich _____ gesucht.,sie,Nach der Party habe ich sie gesucht.,Sie - Fem.,Akkusativ,
155,4,Der Hund hat _____ sofort erkannt.,sie,Der Hund hat sie sofort erkannt.,Sie - Fem.,Akkusativ,
156,4,Gestern habe ich _____ im Wohnzimmer gesehen.,es,Gestern habe ich es im Wohnzimmer gesehen.,Es,Akkusativ,
157,4,Kannst du _____ bitte auf den Tisch legen?,es,Kannst du es bitte auf den Tisch legen?,Es,Akkusativ,
158,4,Der Hund hat _____ sofort gefressen.,es,Der Hund hat es sofort gefressen.,Es,Akkusativ,
159,4,Nach dem Spiel habe ich _____ zurückgebracht.,es,Nach dem Spiel habe ich es zurückgebracht.,Es,Akkusativ,
160,4,Der Lehrer hat _____ gestern erklärt.,es,Der Lehrer hat es gestern erklärt.,Es,Akkusativ,
161,4,Nach der Veranstaltung haben sie _____ eingeladen.,uns,Nach der Veranstaltung haben sie uns eingeladen.,Wir,Akkusativ,
162,4,Der Hund hat _____ sofort erkannt.,uns,Der Hund hat uns sofort erkannt.,Wir,Akkusativ,
163,4,Morgen nimmt der Chef _____ in sein Büro mit.,uns,Morgen nimmt der Chef uns in sein Büro mit.,Wir,Akkusativ,
164,4,"Wenn du _____ brauchst, ruf einfach an.",uns,"Wenn du uns brauchst, ruf einfach an.",Wir,Akkusativ,
165,4,Ich habe _____ gestern in der Stadt getroffen.,uns,Ich habe uns gestern in der Stadt getroffen.,Wir,Akkusativ,
166,4,Die Lehrerin hat _____ gestern gelobt.,euch,Die Lehrerin hat euch gestern gelobt.,Ihr,Akkusativ,
167,4,Ich werde _____ morgen ins Kino einladen.,euch,Ich werde euch morgen ins Kino einladen.,Ihr,Akkusativ,
168,4,Der Hund hat _____ im Garten gesehen.,euch,Der Hund hat euch im Garten gesehen.,Ihr,Akkusativ,
169,4,Ich habe _____ beim Konzert sofort erkannt.,euch,Ich habe euch beim Konzert sofort erkannt.,Ihr,Akkusativ,
170,4,Kann ich _____ später anrufen?,euch,Kann ich euch später anrufen?,Ihr,Akkusativ,
171,4,Ich habe _____ gestern im Park getroffen.,sie,Ich habe sie gestern im Park getroffen.,Sie - Plu.,Akkusativ,
172,4,Kannst du _____ später anrufen?,sie,Kannst du sie später anrufen?,Sie - Plu.,Akkusativ,
173,4,Der Hund hat _____ im Garten gesehen.,sie,Der Hund hat sie im Garten gesehen.,Sie - Plu.,Akkusativ,
174,4,Nach der Besprechung hat der Chef _____ eingeladen.,sie,Nach der Besprechung hat der Chef sie eingeladen.,Sie - Plu.,Akkusativ,
175,4,Warum hat niemand _____ informiert?,sie,Warum hat niemand sie informiert?,Sie - Plu.,Akkusativ,
176,4,Kann ich _____ später anrufen?,Sie,Kann ich Sie später anrufen?,Sie - Form.,Akkusativ,
177,4,Der Chef möchte _____ morgen sprechen.,Sie,Der Chef möchte Sie morgen sprechen.,Sie - Form.,Akkusativ,
178,4,Ich habe _____ gestern im Büro gesehen.,Sie,Ich habe Sie gestern im Büro gesehen.,Sie - Form.,Akkusativ,
179,4,Der Hund hat _____ sofort erkannt.,Sie,Der Hund hat Sie sofort erkannt.,Sie - Form.,Akkusativ,
180,4,Nach der Besprechung werden wir _____ informieren.,Sie,Nach der Besprechung werden wir Sie informieren.,Sie - Form.,Akkusativ,
181,4,Kannst du _____ bitte helfen?,mir,Kannst du mir bitte helfen?,Ich,Dativ,
182,4,Der Lehrer hat _____ eine gute Note gegeben.,mir,Der Lehrer hat mir eine gute Note gegeben.,Ich,Dativ,
183,4,_____ gefällt das neue Buch sehr gut.,Mir,Mir gefällt das neue Buch sehr gut.,Ich,Dativ,
184,4,Nach dem Spiel hat er _____ seine Meinung gesagt.,mir,Nach dem Spiel hat er mir seine Meinung gesagt.,Ich,Dativ,
185,4,"Der Hund folgt immer _____, wenn ich ihn rufe.",mir,"Der Hund folgt immer mir, wenn ich ihn rufe.",Ich,Dativ,
186,4,Kann ich _____ später helfen?,dir,Kann ich dir später helfen?,Du,Dativ,
187,4,Der Lehrer hat _____ eine Frage gestellt.,dir,Der Lehrer hat dir eine Frage gestellt.,Du,Dativ,
188,4,_____ gefällt das neue Lied?,Dir,Dir gefällt das neue Lied?,Du,Dativ,
189,4,Nach dem Spiel hat er _____ die Wahrheit gesagt.,dir,Nach dem Spiel hat er dir die Wahrheit gesagt.,Du,Dativ,
190,4,"Der Hund folgt immer _____, wenn du ihn rufst.",dir,"Der Hund folgt immer dir, wenn du ihn rufst.",Du,Dativ,
191,4,Kannst du _____ später helfen?,ihm,Kannst du ihm später helfen?,Er,Dativ,
192,4,Der Lehrer hat _____ eine schwierige Frage gestellt.,ihm,Der Lehrer hat ihm eine schwierige Frage gestellt.,Er,Dativ,
193,4,_____ gefällt das neue Auto sehr gut.,Ihm,Ihm gefällt das neue Auto sehr gut.,Er,Dativ,
194,4,Nach dem Spiel hat der Trainer _____ ein Lob ausgesprochen.,ihm,Nach dem Spiel hat der Trainer ihm ein Lob ausgesprochen.,Er,Dativ,
195,4,"Der Hund folgt immer _____, wenn er ruft.",ihm,"Der Hund folgt immer ihm, wenn er ruft.",Er,Dativ,
196,4,Kannst du _____ morgen bei der Arbeit helfen?,ihr,Kannst du ihr morgen bei der Arbeit helfen?,Sie - Fem.,Dativ,
197,4,Der Lehrer hat _____ eine gute Note gegeben.,ihr,Der Lehrer hat ihr eine gute Note gegeben.,Sie - Fem.,Dativ,
198,4,_____ gefällt das neue Kleid sehr gut.,Ihr,Ihr gefällt das neue Kleid sehr gut.,Sie - Fem.,Dativ,
199,4,Nach der Besprechung hat der Chef _____ einige Tipps gegeben.,ihr,Nach der Besprechung hat der Chef ihr einige Tipps gegeben.,Sie - Fem.,Dativ,
200,4,"Der Hund folgt immer _____, wenn sie ihn ruft.",ihr,"Der Hund folgt immer ihr, wenn sie ihn ruft.",Sie - Fem.,Dativ,
201,4,Kannst du _____ bei der Aufgabe helfen?,ihm,Kannst du ihm bei der Aufgabe helfen?,Es,Dativ,
202,4,Der Lehrer hat _____ eine interessante Frage gestellt.,ihm,Der Lehrer hat ihm eine interessante Frage gestellt.,Es,Dativ,
203,4,_____ gefällt das neue Spielzeug sehr gut.,Ihm,Ihm gefällt das neue Spielzeug sehr gut.,Es,Dativ,
204,4,Nach der Präsentation hat der Chef _____ ein Kompliment gemacht.,ihm,Nach der Präsentation hat der Chef ihm ein Kompliment gemacht.,Es,Dativ,
205,4,"Der Hund folgt immer _____, wenn es ihn ruft.",ihm,"Der Hund folgt immer ihm, wenn es ihn ruft.",Es,Dativ,
206,4,Kannst du _____ bei der Entscheidung helfen?,uns,Kannst du uns bei der Entscheidung helfen?,Wir,Dativ,
207,4,Der Lehrer hat _____ die Regeln erklärt.,uns,Der Lehrer hat uns die Regeln erklärt.,Wir,Dativ,
208,4,_____ gefällt die Idee mit dem Ausflug sehr gut.,Uns,Uns gefällt die Idee mit dem Ausflug sehr gut.,Wir,Dativ,
209,4,Nach dem Spiel hat der Trainer _____ einige Tipps gegeben.,uns,Nach dem Spiel hat der Trainer uns einige Tipps gegeben.,Wir,Dativ,
210,4,"Der Hund folgt immer _____, wenn wir ihn rufen.",uns,"Der Hund folgt immer uns, wenn wir ihn rufen.",Wir,Dativ,
211,4,Kann ich _____ bei der Aufgabe helfen?,euch,Kann ich euch bei der Aufgabe helfen?,Ihr,Dativ,
212,4,Der Lehrer hat _____ die Regeln erklärt.,euch,Der Lehrer hat euch die Regeln erklärt.,Ihr,Dativ,
213,4,_____ gefällt der neue Film sehr gut?,Euch,Euch gefällt der neue Film sehr gut?,Ihr,Dativ,
214,4,Nach dem Spiel hat der Trainer _____ ein Lob ausgesprochen.,euch,Nach dem Spiel hat der Trainer euch ein Lob ausgesprochen.,Ihr,Dativ,
215,4,"Der Hund folgt immer _____, wenn ihr ihn ruft.",euch,"Der Hund folgt immer euch, wenn ihr ihn ruft.",Ihr,Dativ,
216,4,Kann ich _____ bei der Organisation helfen?,ihnen,Kann ich ihnen bei der Organisation helfen?,Sie - Plu.,Dativ,
217,4,Der Lehrer hat _____ die neuen Regeln erklärt.,ihnen,Der Lehrer hat ihnen die neuen Regeln erklärt.,Sie - Plu.,Dativ,
218,4,_____ gefällt die Idee mit dem Ausflug sehr gut.,Ihnen,Ihnen gefällt die Idee mit dem Ausflug sehr gut.,Sie - Plu.,Dativ,
219,4,Nach dem Spiel hat der Trainer _____ hilfreiche Tipps gegeben.,ihnen,Nach dem Spiel hat der Trainer ihnen hilfreiche Tipps gegeben.,Sie - Plu.,Dativ,
220,4,"Der Hund folgt immer _____, wenn sie ihn rufen.",ihnen,"Der Hund folgt immer ihnen, wenn sie ihn rufen.",Sie - Plu.,Dativ,
221,4,Kann ich _____ bei der Planung helfen?,Ihnen,Kann ich Ihnen bei der Planung helfen?,Sie - Form.,Dativ,
222,4,Der Lehrer hat _____ die neuen Informationen erklärt.,Ihnen,Der Lehrer hat Ihnen die neuen Informationen erklärt.,Sie - Form.,Dativ,
223,4,_____ gefällt die Idee mit der neuen Strategie?,Ihnen,Ihnen gefällt die Idee mit der neuen Strategie?,Sie - Form.,Dativ,
224,4,Nach dem Meeting hat der Chef _____ ein Kompliment gemacht.,Ihnen,Nach dem Meeting hat der Chef Ihnen ein Kompliment gemacht.,Sie - Form.,Dativ,
225,4,"Der Hund folgt immer _____, wenn Sie ihn rufen.",Ihnen,"Der Hund folgt immer Ihnen, wenn Sie ihn rufen.",Sie - Form.,Dativ,
226,5,Ich dusche _____ jeden Morgen.,mich,Ich dusche mich jeden Morgen.,Ich,Reflexiv & Akkusative,
227,5,Ich wasche _____ die Hände vor dem Essen.,mir,Ich wasche mir die Hände vor dem Essen.,Ich,Reflexiv & Dative,
228,5,Nach dem Sport ziehe ich _____ um.,mich,Nach dem Sport ziehe ich mich um.,Ich,Reflexiv & Akkusative,
229,5,Vor dem Schlafengehen ziehe ich _____ die Schuhe aus.,mir,Vor dem Schlafengehen ziehe ich mir die Schuhe aus.,Ich,Reflexiv & Dative,
230,5,Heute Abend bade ich _____.,mich,Heute Abend bade ich mich.,Ich,Reflexiv & Akkusative,
231,5,Hast du _____ schon geduscht?,dich,Hast du dich schon geduscht?,Du,Reflexiv & Akkusative,
232,5,Du wäschst _____ die Hände vor dem Essen.,dir,Du wäschst dir die Hände vor dem Essen.,Du,Reflexiv & Dative,
233,5,Ziehst du _____ nach dem Sport um?,dich,Ziehst du dich nach dem Sport um?,Du,Reflexiv & Akkusative,
234,5,"Du ziehst _____ die Schuhe aus, bevor du ins Haus gehst.",dir,"Du ziehst dir die Schuhe aus, bevor du ins Haus gehst.",Du,Reflexiv & Dative,
235,5,"Du freust _____ auf die Ferien, oder?",dich,"Du freust dich auf die Ferien, oder?",Du,Reflexiv & Akkusative,
236,5,Er duscht _____ jeden Morgen vor der Arbeit.,sich,Er duscht sich jeden Morgen vor der Arbeit.,Er,Reflexiv & Akkusative,
237,5,Sie wäscht _____ die Hände vor dem Essen.,sich,Sie wäscht sich die Hände vor dem Essen.,Sie - Fem.,Reflexiv & Dative,
238,5,Es zieht _____ nach dem Spaziergang etwas Warmes an.,sich,Es zieht sich nach dem Spaziergang etwas Warmes an.,Er,Reflexiv & Dative,
239,5,Sie freut _____ auf den Urlaub am Meer.,sich,Sie freut sich auf den Urlaub am Meer.,Sie - Fem.,Reflexiv & Akkusative,
240,5,Er informiert _____ über die neuesten Nachrichten.,sich,Er informiert sich über die neuesten Nachrichten.,Er,Reflexiv & Akkusative,
241,5,Wir duschen _____ nach dem Sport.,uns,Wir duschen uns nach dem Sport.,Wir,Reflexiv & Akkusative,
242,5,Wir waschen _____ die Hände vor dem Essen.,uns,Wir waschen uns die Hände vor dem Essen.,Wir,Reflexiv & Dative,
243,5,"Wir ziehen _____ um, bevor die Gäste kommen.",uns,"Wir ziehen uns um, bevor die Gäste kommen.",Wir,Reflexiv & Akkusative,
244,5,"Wir ziehen _____ die Jacken aus, wenn wir ankommen.",uns,"Wir ziehen uns die Jacken aus, wenn wir ankommen.",Wir,Reflexiv & Dative,
245,5,Wir freuen _____ auf die Reise nach Italien.,uns,Wir freuen uns auf die Reise nach Italien.,Wir,Reflexiv & Akkusative,
246,5,Habt ihr _____ nach dem Training geduscht?,euch,Habt ihr euch nach dem Training geduscht?,Ihr,Reflexiv & Akkusative,
247,5,Ihr wascht _____ die Hände vor dem Essen.,euch,Ihr wascht euch die Hände vor dem Essen.,Ihr,Reflexiv & Dative,
248,5,"Zieht ihr _____ um, bevor ihr ins Bett geht?",euch,"Zieht ihr euch um, bevor ihr ins Bett geht?",Ihr,Reflexiv & Akkusative,
249,5,"Zieht ihr _____ die Schuhe aus, bevor ihr reinkommt?",euch,"Zieht ihr euch die Schuhe aus, bevor ihr reinkommt?",Ihr,Reflexiv & Dative,
250,5,"Ihr freut _____ auf die Ferien, oder?",euch,"Ihr freut euch auf die Ferien, oder?",Ihr,Reflexiv & Akkusative,
251,5,Sie duschen _____ nach dem Training.,sich,Sie duschen sich nach dem Training.,Sie - Plu.,Reflexiv & Akkusative,
252,5,Sie waschen _____ die Hände vor dem Essen.,sich,Sie waschen sich die Hände vor dem Essen.,Sie - Plu.,Reflexiv & Dative,
253,5,"Sie ziehen _____ um, bevor sie schlafen gehen.",sich,"Sie ziehen sich um, bevor sie schlafen gehen.",Sie - Plu.,Reflexiv & Akkusative,
254,5,"Sie ziehen _____ die Jacken aus, bevor sie reinkommen.",sich,"Sie ziehen sich die Jacken aus, bevor sie reinkommen.",Sie - Plu.,Reflexiv & Dative,
255,5,Sie freuen _____ auf die Ferien.,sich,Sie freuen sich auf die Ferien.,Sie - Plu.,Reflexiv & Akkusative,
256,5,Haben Sie _____ heute schon geduscht?,sich,Haben Sie sich heute schon geduscht?,Sie - Form.,Reflexiv & Akkusative,
257,5,Haben Sie _____ die Hände vor dem Essen gewaschen?,sich,Haben Sie sich die Hände vor dem Essen gewaschen?,Sie - Form.,Reflexiv & Dative,
258,5,"Ziehen Sie _____ um, bevor Sie ausgehen?",sich,"Ziehen Sie sich um, bevor Sie ausgehen?",Sie - Form.,Reflexiv & Akkusative,
259,5,"Ziehen Sie _____ die Jacke aus, wenn es warm wird.",sich,"Ziehen Sie sich die Jacke aus, wenn es warm wird.",Sie - Form.,Reflexiv & Dative,
260,5,Freuen Sie _____ auf den bevorstehenden Urlaub?,sich,Freuen Sie sich auf den bevorstehenden Urlaub?,Sie - Form.,Reflexiv & Akkusative,
261,6,Kannst du _____ morgen im Büro anrufen?,mich,Kannst du mich morgen im Büro anrufen?,Ich,Akkusativ,
262,6,Heute hat niemand _____ besucht.,mich,Heute hat niemand mich besucht.,Ich,Akkusativ,
263,6,_____ hat der Film gestern total begeistert.,Mich,Mich hat der Film gestern total begeistert.,Ich,Akkusativ,
264,6,Nach dem Training hat der Trainer _____ gelobt.,mich,Nach dem Training hat der Trainer mich gelobt.,Ich,Akkusativ,
265,6,"Bitte ruf _____ an, wenn du angekommen bist.",mich,"Bitte ruf mich an, wenn du angekommen bist.",Ich,Akkusativ,
266,6,Heute habe ich _____ im Park gesehen.,dich,Heute habe ich dich im Park gesehen.,Du,Akkusativ,
267,6,Kann ich _____ später anrufen?,dich,Kann ich dich später anrufen?,Du,Akkusativ,
268,6,_____ hat der Lehrer gestern gelobt.,Dich,Dich hat der Lehrer gestern gelobt.,Du,Akkusativ,
269,6,Nach der Party habe ich _____ überall gesucht.,dich,Nach der Party habe ich dich überall gesucht.,Du,Akkusativ,
270,6,Der Hund hat _____ sofort erkannt.,dich,Der Hund hat dich sofort erkannt.,Du,Akkusativ,
271,6,Gestern habe ich _____ im Kino gesehen.,ihn,Gestern habe ich ihn im Kino gesehen.,Er,Akkusativ,
272,6,Kannst du _____ später anrufen?,ihn,Kannst du ihn später anrufen?,Er,Akkusativ,
273,6,_____ hat der Trainer für die Mannschaft ausgewählt.,Ihn,Ihn hat der Trainer für die Mannschaft ausgewählt.,Er,Akkusativ,
274,6,Nach dem Spiel habe ich _____ überall gesucht.,ihn,Nach dem Spiel habe ich ihn überall gesucht.,Er,Akkusativ,
275,6,Der Hund hat _____ sofort erkannt.,ihn,Der Hund hat ihn sofort erkannt.,Er,Akkusativ,
276,6,Heute habe ich _____ im Park getroffen.,sie,Heute habe ich sie im Park getroffen.,Sie - Fem.,Akkusativ,
277,6,Kannst du _____ später anrufen?,sie,Kannst du sie später anrufen?,Sie - Fem.,Akkusativ,
278,6,Der Lehrer hat _____ gestern gelobt.,sie,Der Lehrer hat sie gestern gelobt.,Sie - Fem.,Akkusativ,
279,6,Nach der Party habe ich _____ gesucht.,sie,Nach der Party habe ich sie gesucht.,Sie - Fem.,Akkusativ,
280,6,Der Hund hat _____ sofort erkannt.,sie,Der Hund hat sie sofort erkannt.,Sie - Fem.,Akkusativ,
281,6,Gestern habe ich _____ im Wohnzimmer gesehen.,es,Gestern habe ich es im Wohnzimmer gesehen.,Es,Akkusativ,
282,6,Kannst du _____ bitte auf den Tisch legen?,es,Kannst du es bitte auf den Tisch legen?,Es,Akkusativ,
283,6,Der Hund hat _____ sofort gefressen.,es,Der Hund hat es sofort gefressen.,Es,Akkusativ,
284,6,Nach dem Spiel habe ich _____ zurückgebracht.,es,Nach dem Spiel habe ich es zurückgebracht.,Es,Akkusativ,
285,6,Der Lehrer hat _____ gestern erklärt.,es,Der Lehrer hat es gestern erklärt.,Es,Akkusativ,
286,6,Nach der Veranstaltung haben sie _____ eingeladen.,uns,Nach der Veranstaltung haben sie uns eingeladen.,Wir,Akkusativ,
287,6,Der Hund hat _____ sofort erkannt.,uns,Der Hund hat uns sofort erkannt.,Wir,Akkusativ,
288,6,Morgen nimmt der Chef _____ in sein Büro mit.,uns,Morgen nimmt der Chef uns in sein Büro mit.,Wir,Akkusativ,
289,6,"Wenn du _____ brauchst, ruf einfach an.",uns,"Wenn du uns brauchst, ruf einfach an.",Wir,Akkusativ,
290,6,Ich habe _____ gestern in der Stadt getroffen.,uns,Ich habe uns gestern in der Stadt getroffen.,Wir,Akkusativ,
291,6,Die Lehrerin hat _____ gestern gelobt.,euch,Die Lehrerin hat euch gestern gelobt.,Ihr,Akkusativ,
292,6,Ich werde _____ morgen ins Kino einladen.,euch,Ich werde euch morgen ins Kino einladen.,Ihr,Akkusativ,
293,6,Der Hund hat _____ im Garten gesehen.,euch,Der Hund hat euch im Garten gesehen.,Ihr,Akkusativ,
294,6,Ich habe _____ beim Konzert sofort erkannt.,euch,Ich habe euch beim Konzert sofort erkannt.,Ihr,Akkusativ,
295,6,Kann ich _____ später anrufen?,euch,Kann ich euch später anrufen?,Ihr,Akkusativ,
296,6,Ich habe _____ gestern im Park getroffen.,sie,Ich habe sie gestern im Park getroffen.,Sie - Plu.,Akkusativ,
297,6,Kannst du _____ später anrufen?,sie,Kannst du sie später anrufen?,Sie - Plu.,Akkusativ,
298,6,Der Hund hat _____ im Garten gesehen.,sie,Der Hund hat sie im Garten gesehen.,Sie - Plu.,Akkusativ,
299,6,Nach der Besprechung hat der Chef _____ eingeladen.,sie,Nach der Besprechung hat der Chef sie eingeladen.,Sie - Plu.,Akkusativ,
300,6,Warum hat niemand _____ informiert?,sie,Warum hat niemand sie informiert?,Sie - Plu.,Akkusativ,
301,6,Kann ich _____ später anrufen?,Sie,Kann ich Sie später anrufen?,Sie - Form.,Akkusativ,
302,6,Der Chef möchte _____ morgen sprechen.,Sie,Der Chef möchte Sie morgen sprechen.,Sie - Form.,Akkusativ,
303,6,Ich habe _____ gestern im Büro gesehen.,Sie,Ich habe Sie gestern im Büro gesehen.,Sie - Form.,Akkusativ,
304,6,Der Hund hat _____ sofort erkannt.,Sie,Der Hund hat Sie sofort erkannt.,Sie - Form.,Akkusativ,
305,6,Nach der Besprechung werden wir _____ informieren.,Sie,Nach der Besprechung werden wir Sie informieren.,Sie - Form.,Akkusativ,
306,6,Kannst du _____ bitte helfen?,mir,Kannst du mir bitte helfen?,Ich,Dativ,
307,6,Der Lehrer hat _____ eine gute Note gegeben.,mir,Der Lehrer hat mir eine gute Note gegeben.,Ich,Dativ,
308,6,_____ gefällt das neue Buch sehr gut.,Mir,Mir gefällt das neue Buch sehr gut.,Ich,Dativ,
309,6,Nach dem Spiel hat er _____ seine Meinung gesagt.,mir,Nach dem Spiel hat er mir seine Meinung gesagt.,Ich,Dativ,
310,6,"Der Hund folgt immer _____, wenn ich ihn rufe.",mir,"Der Hund folgt immer mir, wenn ich ihn rufe.",Ich,Dativ,
311,6,Kann ich _____ später helfen?,dir,Kann ich dir später helfen?,Du,Dativ,
312,6,Der Lehrer hat _____ eine Frage gestellt.,dir,Der Lehrer hat dir eine Frage gestellt.,Du,Dativ,
313,6,_____ gefällt das neue Lied?,Dir,Dir gefällt das neue Lied?,Du,Dativ,
314,6,Nach dem Spiel hat er _____ die Wahrheit gesagt.,dir,Nach dem Spiel hat er dir die Wahrheit gesagt.,Du,Dativ,
315,6,"Der Hund folgt immer _____, wenn du ihn rufst.",dir,"Der Hund folgt immer dir, wenn du ihn rufst.",Du,Dativ,
316,6,Kannst du _____ später helfen?,ihm,Kannst du ihm später helfen?,Er,Dativ,
317,6,Der Lehrer hat _____ eine schwierige Frage gestellt.,ihm,Der Lehrer hat ihm eine schwierige Frage gestellt.,Er,Dativ,
318,6,_____ gefällt das neue Auto sehr gut.,Ihm,Ihm gefällt das neue Auto sehr gut.,Er,Dativ,
319,6,Nach dem Spiel hat der Trainer _____ ein Lob ausgesprochen.,ihm,Nach dem Spiel hat der Trainer ihm ein Lob ausgesprochen.,Er,Dativ,
320,6,"Der Hund folgt immer _____, wenn er ruft.",ihm,"Der Hund folgt immer ihm, wenn er ruft.",Er,Dativ,
321,6,Kannst du _____ morgen bei der Arbeit helfen?,ihr,Kannst du ihr morgen bei der Arbeit helfen?,Sie - Fem.,Dativ,
322,6,Der Lehrer hat _____ eine gute Note gegeben.,ihr,Der Lehrer hat ihr eine gute Note gegeben.,Sie - Fem.,Dativ,
323,6,_____ gefällt das neue Kleid sehr gut.,Ihr,Ihr gefällt das neue Kleid sehr gut.,Sie - Fem.,Dativ,
324,6,Nach der Besprechung hat der Chef _____ einige Tipps gegeben.,ihr,Nach der Besprechung hat der Chef ihr einige Tipps gegeben.,Sie - Fem.,Dativ,
325,6,"Der Hund folgt immer _____, wenn sie ihn ruft.",ihr,"Der Hund folgt immer ihr, wenn sie ihn ruft.",Sie - Fem.,Dativ,
326,6,Kannst du _____ bei der Aufgabe helfen?,ihm,Kannst du ihm bei der Aufgabe helfen?,Es,Dativ,
327,6,Der Lehrer hat _____ eine interessante Frage gestellt.,ihm,Der Lehrer hat ihm eine interessante Frage gestellt.,Es,Dativ,
328,6,_____ gefällt das neue Spielzeug sehr gut.,Ihm,Ihm gefällt das neue Spielzeug sehr gut.,Es,Dativ,
329,6,Nach der Präsentation hat der Chef _____ ein Kompliment gemacht.,ihm,Nach der Präsentation hat der Chef ihm ein Kompliment gemacht.,Es,Dativ,
330,6,"Der Hund folgt immer _____, wenn es ihn ruft.",ihm,"Der Hund folgt immer ihm, wenn es ihn ruft.",Es,Dativ,
331,6,Kannst du _____ bei der Entscheidung helfen?,uns,Kannst du uns bei der Entscheidung helfen?,Wir,Dativ,
332,6,Der Lehrer hat _____ die Regeln erklärt.,uns,Der Lehrer hat uns die Regeln erklärt.,Wir,Dativ,
333,6,_____ gefällt die Idee mit dem Ausflug sehr gut.,Uns,Uns gefällt die Idee mit dem Ausflug sehr gut.,Wir,Dativ,
334,6,Nach dem Spiel hat der Trainer _____ einige Tipps gegeben.,uns,Nach dem Spiel hat der Trainer uns einige Tipps gegeben.,Wir,Dativ,
335,6,"Der Hund folgt immer _____, wenn wir ihn rufen.",uns,"Der Hund folgt immer uns, wenn wir ihn rufen.",Wir,Dativ,
336,6,Kann ich _____ bei der Aufgabe helfen?,euch,Kann ich euch bei der Aufgabe helfen?,Ihr,Dativ,
337,6,Der Lehrer hat _____ die Regeln erklärt.,euch,Der Lehrer hat euch die Regeln erklärt.,Ihr,Dativ,
338,6,_____ gefällt der neue Film sehr gut?,Euch,Euch gefällt der neue Film sehr gut?,Ihr,Dativ,
339,6,Nach dem Spiel hat der Trainer _____ ein Lob ausgesprochen.,euch,Nach dem Spiel hat der Trainer euch ein Lob ausgesprochen.,Ihr,Dativ,
340,6,"Der Hund folgt immer _____, wenn ihr ihn ruft.",euch,"Der Hund folgt immer euch, wenn ihr ihn ruft.",Ihr,Dativ,
341,6,Kann ich _____ bei der Organisation helfen?,ihnen,Kann ich ihnen bei der Organisation helfen?,Sie - Plu.,Dativ,
342,6,Der Lehrer hat _____ die neuen Regeln erklärt.,ihnen,Der Lehrer hat ihnen die neuen Regeln erklärt.,Sie - Plu.,Dativ,
343,6,_____ gefällt die Idee mit dem Ausflug sehr gut.,Ihnen,Ihnen gefällt die Idee mit dem Ausflug sehr gut.,Sie - Plu.,Dativ,
344,6,Nach dem Spiel hat der Trainer _____ hilfreiche Tipps gegeben.,ihnen,Nach dem Spiel hat der Trainer ihnen hilfreiche Tipps gegeben.,Sie - Plu.,Dativ,
345,6,"Der Hund folgt immer _____, wenn sie ihn rufen.",ihnen,"Der Hund folgt immer ihnen, wenn sie ihn rufen.",Sie - Plu.,Dativ,
346,6,Kann ich _____ bei der Planung helfen?,Ihnen,Kann ich Ihnen bei der Planung helfen?,Sie - Form.,Dativ,
347,6,Der Lehrer hat _____ die neuen Informationen erklärt.,Ihnen,Der Lehrer hat Ihnen die neuen Informationen erklärt.,Sie - Form.,Dativ,
348,6,_____ gefällt die Idee mit der neuen Strategie?,Ihnen,Ihnen gefällt die Idee mit der neuen Strategie?,Sie - Form.,Dativ,
349,6,Nach dem Meeting hat der Chef _____ ein Kompliment gemacht.,Ihnen,Nach dem Meeting hat der Chef Ihnen ein Kompliment gemacht.,Sie - Form.,Dativ,
350,6,"Der Hund folgt immer _____, wenn Sie ihn rufen.",Ihnen,"Der Hund folgt immer Ihnen, wenn Sie ihn rufen.",Sie - Form.,Dativ,
351,6,Ich dusche _____ jeden Morgen.,mich,Ich dusche mich jeden Morgen.,Ich,Reflexiv & Akkusative,
352,6,Ich wasche _____ die Hände vor dem Essen.,mir,Ich wasche mir die Hände vor dem Essen.,Ich,Reflexiv & Dative,
353,6,Nach dem Sport ziehe ich _____ um.,mich,Nach dem Sport ziehe ich mich um.,Ich,Reflexiv & Akkusative,
354,6,Vor dem Schlafengehen ziehe ich _____ die Schuhe aus.,mir,Vor dem Schlafengehen ziehe ich mir die Schuhe aus.,Ich,Reflexiv & Dative,
355,6,Heute Abend bade ich _____.,mich,Heute Abend bade ich mich.,Ich,Reflexiv & Akkusative,
356,6,Hast du _____ schon geduscht?,dich,Hast du dich schon geduscht?,Du,Reflexiv & Akkusative,
357,6,Du wäschst _____ die Hände vor dem Essen.,dir,Du wäschst dir die Hände vor dem Essen.,Du,Reflexiv & Dative,
358,6,Ziehst du _____ nach dem Sport um?,dich,Ziehst du dich nach dem Sport um?,Du,Reflexiv & Akkusative,
359,6,"Du ziehst _____ die Schuhe aus, bevor du ins Haus gehst.",dir,"Du ziehst dir die Schuhe aus, bevor du ins Haus gehst.",Du,Reflexiv & Dative,
360,6,"Du freust _____ auf die Ferien, oder?",dich,"Du freust dich auf die Ferien, oder?",Du,Reflexiv & Akkusative,
361,6,Er duscht _____ jeden Morgen vor der Arbeit.,sich,Er duscht sich jeden Morgen vor der Arbeit.,Er,Reflexiv & Akkusative,
362,6,Sie wäscht _____ die Hände vor dem Essen.,sich,Sie wäscht sich die Hände vor dem Essen.,Sie - Fem.,Reflexiv & Dative,
363,6,Es zieht _____ nach dem Spaziergang etwas Warmes an.,sich,Es zieht sich nach dem Spaziergang etwas Warmes an.,Er,Reflexiv & Dative,
364,6,Sie freut _____ auf den Urlaub am Meer.,sich,Sie freut sich auf den Urlaub am Meer.,Sie - Fem.,Reflexiv & Akkusative,
365,6,Er informiert _____ über die neuesten Nachrichten.,sich,Er informiert sich über die neuesten Nachrichten.,Er,Reflexiv & Akkusative,
366,6,Wir duschen _____ nach dem Sport.,uns,Wir duschen uns nach dem Sport.,Wir,Reflexiv & Akkusative,
367,6,Wir waschen _____ die Hände vor dem Essen.,uns,Wir waschen uns die Hände vor dem Essen.,Wir,Reflexiv & Dative,
368,6,"Wir ziehen _____ um, bevor die Gäste kommen.",uns,"Wir ziehen uns um, bevor die Gäste kommen.",Wir,Reflexiv & Akkusative,
369,6,"Wir ziehen _____ die Jacken aus, wenn wir ankommen.",uns,"Wir ziehen uns die Jacken aus, wenn wir ankommen.",Wir,Reflexiv & Dative,
370,6,Wir freuen _____ auf die Reise nach Italien.,uns,Wir freuen uns auf die Reise nach Italien.,Wir,Reflexiv & Akkusative,
371,6,Habt ihr _____ nach dem Training geduscht?,euch,Habt ihr euch nach dem Training geduscht?,Ihr,Reflexiv & Akkusative,
372,6,Ihr wascht _____ die Hände vor dem Essen.,euch,Ihr wascht euch die Hände vor dem Essen.,Ihr,Reflexiv & Dative,
373,6,"Zieht ihr _____ um, bevor ihr ins Bett geht?",euch,"Zieht ihr euch um, bevor ihr ins Bett geht?",Ihr,Reflexiv & Akkusative,
374,6,"Zieht ihr _____ die Schuhe aus, bevor ihr reinkommt?",euch,"Zieht ihr euch die Schuhe aus, bevor ihr reinkommt?",Ihr,Reflexiv & Dative,
375,6,"Ihr freut _____ auf die Ferien, oder?",euch,"Ihr freut euch auf die Ferien, oder?",Ihr,Reflexiv & Akkusative,
376,6,Sie duschen _____ nach dem Training.,sich,Sie duschen sich nach dem Training.,Sie - Plu.,Reflexiv & Akkusative,
377,6,Sie waschen _____ die Hände vor dem Essen.,sich,Sie waschen sich die Hände vor dem Essen.,Sie - Plu.,Reflexiv & Dative,
378,6,"Sie ziehen _____ um, bevor sie schlafen gehen.",sich,"Sie ziehen sich um, bevor sie schlafen gehen.",Sie - Plu.,Reflexiv & Akkusative,
379,6,"Sie ziehen _____ die Jacken aus, bevor sie reinkommen.",sich,"Sie ziehen sich die Jacken aus, bevor sie reinkommen.",Sie - Plu.,Reflexiv & Dative,
380,6,Sie freuen _____ auf die Ferien.,sich,Sie freuen sich auf die Ferien.,Sie - Plu.,Reflexiv & Akkusative,
381,6,Haben Sie _____ heute schon geduscht?,sich,Haben Sie sich heute schon geduscht?,Sie - Form.,Reflexiv & Akkusative,
382,6,Haben Sie _____ die Hände vor dem Essen gewaschen?,sich,Haben Sie sich die Hände vor dem Essen gewaschen?,Sie - Form.,Reflexiv & Dative,
383,6,"Ziehen Sie _____ um, bevor Sie ausgehen?",sich,"Ziehen Sie sich um, bevor Sie ausgehen?",Sie - Form.,Reflexiv & Akkusative,
384,6,"Ziehen Sie _____ die Jacke aus, wenn es warm wird.",sich,"Ziehen Sie sich die Jacke aus, wenn es warm wird.",Sie - Form.,Reflexiv & Dative,
385,6,Freuen Sie _____ auf den bevorstehenden Urlaub?,sich,Freuen Sie sich auf den bevorstehenden Urlaub?,Sie - Form.,Reflexiv & Akkusative,
386,7,"something, a little",etwas,,,,
387,7,nothing,nichts,,,,
388,7,"no one, nobody (nominative)",niemand,,,,
389,7,"no one, nobody (accusative)",niemanden,,,,
390,7,"no one, nobody (dative)",niemandem,,,,
391,7,someone (nominative),jemand,,,,
392,7,someone (accusative),jemanden,,,,
393,7,someone (dative),jemandem,,,,
394,7,"one, you (nominative)",man,,,,
395,7,"one, you (accusative)",einen,,,,
396,7,"one, you (dative)",einem,,,,
397,8,Ich möchte _____ essen.,etwas,Ich möchte etwas essen.,,,I want to eat something.
398,8,Kannst du mir _____ helfen?,etwas,Kannst du mir etwas helfen?,,,Can you help me a little?
399,8,Ich habe _____ Interessantes gelesen.,etwas,Ich habe etwas Interessantes gelesen.,,,I read something interesting.
400,8,Er spricht _____ langsamer als vorher.,etwas,Er spricht etwas langsamer als vorher.,,,He speaks a little slower than before.
401,8,Gibt es _____ Neues?,etwas,Gibt es etwas Neues?,,,Is there anything new?
402,8,Ich habe heute _____ gegessen.,nichts,Ich habe heute nichts gegessen.,,,I have eaten nothing today.
403,8,Er sagt _____ über seine Pläne.,nichts,Er sagt nichts über seine Pläne.,,,He says nothing about his plans.
404,8,Es gibt _____ Interessantes im Fernsehen.,nichts,Es gibt nichts Interessantes im Fernsehen.,,,There is nothing interesting on TV.
405,8,Ich verstehe _____ von Mathematik.,nichts,Ich verstehe nichts von Mathematik.,,,I understand nothing about mathematics.
406,8,Sie hat _____ gegen die Idee.,nichts,Sie hat nichts gegen die Idee.,,,She has nothing against the idea.
407,8,"_____ hat an der Tür geklopft, aber niemand war draußen.",Jemand,"Jemand hat an der Tür geklopft, aber niemand war draußen.",,,"Someone knocked on the door, but no one was outside."
408,8,"Ich glaube, _____ hat seine Tasche hier vergessen.",jemand,"Ich glaube, jemand hat seine Tasche hier vergessen.",,,I think someone forgot their bag here.
409,8,_____ muss die Verantwortung übernehmen.,Jemand,Jemand muss die Verantwortung übernehmen.,,,Someone has to take responsibility.
410,8,Hat _____ den Schlüssel gesehen?,jemand,Hat jemand den Schlüssel gesehen?,,,Has someone seen the key?
411,8,_____ wartet draußen auf dich.,Jemand,Jemand wartet draußen auf dich.,,,Someone is waiting outside for you.
412,8,"Ich suche _____, der mir bei den Hausaufgaben hilft.",jemanden,"Ich suche jemanden, der mir bei den Hausaufgaben hilft.",,,I’m looking for someone who can help me with homework.
413,8,Hast du _____ angerufen?,jemanden,Hast du jemanden angerufen?,,,Did you call someone?
414,8,Sie hat _____ im Park getroffen.,jemanden,Sie hat jemanden im Park getroffen.,,,She met someone in the park.
415,8,"Wir brauchen _____, der das erklären kann.",jemanden,"Wir brauchen jemanden, der das erklären kann.",,,We need someone who can explain that.
416,8,Kannst du _____ empfehlen?,jemanden,Kannst du jemanden empfehlen?,,,Can you recommend someone?
417,8,Ich habe _____ das Buch gegeben.,jemandem,Ich habe jemandem das Buch gegeben.,,,I gave the book to someone.
418,8,Du solltest _____ von deinem Problem erzählen.,jemandem,Du solltest jemandem von deinem Problem erzählen.,,,You should tell someone about your problem.
419,8,Hat _____ das Essen geschmeckt?,jemandem,Hat jemandem das Essen geschmeckt?,,,Did someone enjoy the food?
420,8,Wir helfen immer gern _____ in Not.,jemandem,Wir helfen immer gern jemandem in Not.,,,We’re always happy to help someone in need.
421,8,"Sie vertraut _____, den sie kaum kennt.",jemandem,"Sie vertraut jemandem, den sie kaum kennt.",,,She trusts someone she barely knows.
422,8,"_____ weiß, wo er ist.",Niemand,"Niemand weiß, wo er ist.",,,No one knows where he is.
423,8,Heute ist _____ zur Party gekommen.,niemand,Heute ist niemand zur Party gekommen.,,,No one came to the party today.
424,8,"_____ hat mir geholfen, obwohl ich gefragt habe.",Niemand,"Niemand hat mir geholfen, obwohl ich gefragt habe.",,,"No one helped me, even though I asked."
425,8,_____ arbeitet so hart wie sie.,Niemand,Niemand arbeitet so hart wie sie.,,,No one works as hard as she does.
426,8,"Es war so still, dass _____ etwas sagte.",niemand,"Es war so still, dass niemand etwas sagte.",,,It was so quiet that no one said anything.
427,8,Ich habe _____ gesehen.,niemanden,Ich habe niemanden gesehen.,,,I didn’t see anyone.
428,8,Sie kennt hier _____.,niemanden,Sie kennt hier niemanden.,,,She doesn’t know anyone here.
429,8,Wir haben _____ eingeladen.,niemanden,Wir haben niemanden eingeladen.,,,We didn’t invite anyone.
430,8,_____ interessiert das Thema.,Niemanden,Niemanden interessiert das Thema.,,,No one is interested in the topic.
431,8,Kannst du _____ erreichen?,niemanden,Kannst du niemanden erreichen?,,,Can’t you reach anyone?
432,8,Ich habe _____ davon erzählt.,niemandem,Ich habe niemandem davon erzählt.,,,I didn’t tell anyone about it.
433,8,Du kannst _____ vertrauen.,niemandem,Du kannst niemandem vertrauen.,,,You can’t trust anyone.
434,8,_____ wurde geholfen.,Niemandem,Niemandem wurde geholfen.,,,No one was helped.
435,8,Wir schulden _____ etwas.,niemandem,Wir schulden niemandem etwas.,,,We owe nothing to anyone.
436,8,_____ gefällt dieses Wetter.,Niemandem,Niemandem gefällt dieses Wetter.,,,No one likes this weather.
437,8,"Wenn man lügt, kann das _____ in Schwierigkeiten bringen.",einen,"Wenn man lügt, kann das einen in Schwierigkeiten bringen.",,,"If you lie, it can get you into trouble."
438,8,Diese Nachricht schockiert _____.,einen,Diese Nachricht schockiert einen.,,,This news shocks you.
439,8,Kritik verletzt _____ manchmal.,einen,Kritik verletzt einen manchmal.,,,Criticism sometimes hurts you.
440,8,Die Hitze macht _____ müde.,einen,Die Hitze macht einen müde.,,,The heat makes you tired.
441,8,Ungerechtigkeit ärgert _____ sehr.,einen,Ungerechtigkeit ärgert einen sehr.,,,Injustice really annoys you.
442,8,"Wenn man krank ist, hilft _____ Ruhe.",einem,"Wenn man krank ist, hilft einem Ruhe.",,,"When you’re sick, rest helps you."
443,8,Erfahrung lehrt _____ viel.,einem,Erfahrung lehrt einem viel.,,,Experience teaches you a lot.
444,8,Manchmal fehlt _____ die Motivation.,einem,Manchmal fehlt einem die Motivation.,,,Sometimes you lack motivation.
445,8,Das gibt _____ Hoffnung.,einem,Das gibt einem Hoffnung.,,,That gives you hope.
446,8,In schweren Zeiten steht _____ die Familie bei.,einem,In schweren Zeiten steht einem die Familie bei.,,,"In tough times, your family supports you."
447,8,_____ sollte jeden Tag mindestens zwei Liter Wasser trinken.,Man,Man sollte jeden Tag mindestens zwei Liter Wasser trinken.,,,One should drink at least two liters of water every day.
448,8,In Deutschland spricht _____ Deutsch.,man,In Deutschland spricht man Deutsch.,,,"In Germany, people speak German."
449,8,_____ kann das Problem auf verschiedene Weise lösen.,Man,Man kann das Problem auf verschiedene Weise lösen.,,,One can solve the problem in different ways.
450,8,"Wenn _____ gesund leben will, sollte man sich regelmäßig bewegen.",man,"Wenn man gesund leben will, sollte man sich regelmäßig bewegen.",,,"If one wants to live healthily, one should exercise regularly."
451,8,"_____ sagt, dass Lachen gesund ist.",Man,"Man sagt, dass Lachen gesund ist.",,,People say that laughter is healthy.
452,9,"Der Mann, _____ hier steht, ist mein Lehrer.",der,"Der Mann, der hier steht, ist mein Lehrer.",Masculine,Nominative,
453,9,"Der Hund, _____ draußen bellt, gehört Peter.",der,"Der Hund, der draußen bellt, gehört Peter.",Masculine,Nominative,
454,9,"Der Arzt, _____ in Berlin wohnt, ist bekannt.",der,"Der Arzt, der in Berlin wohnt, ist bekannt.",Masculine,Nominative,
455,9,"Der Junge, _____ Fußball spielt, ist schnell.",der,"Der Junge, der Fußball spielt, ist schnell.",Masculine,Nominative,
456,9,"Die Frau, _____ dort sitzt, ist meine Mutter.",die,"Die Frau, die dort sitzt, ist meine Mutter.",Feminine,Nominative,
457,9,"Die Katze, _____ schläft, ist grau.",die,"Die Katze, die schläft, ist grau.",Feminine,Nominative,
458,9,"Die Studentin, _____ ein Buch liest, ist klug.",die,"Die Studentin, die ein Buch liest, ist klug.",Feminine,Nominative,
459,9,"Die Blume, _____ duftet, ist schön.",die,"Die Blume, die duftet, ist schön.",Feminine,Nominative,
460,9,"Die Lehrerin, _____ singt, ist freundlich.",die,"Die Lehrerin, die singt, ist freundlich.",Feminine,Nominative,
461,9,"Das Kind, _____ lacht, ist glücklich.",das,"Das Kind, das lacht, ist glücklich.",Neutral,Nominative,
462,9,"Das Auto, _____ schnell fährt, ist teuer.",das,"Das Auto, das schnell fährt, ist teuer.",Neutral,Nominative,
463,9,"Das Buch, _____ du liest, ist spannend.",das,"Das Buch, das du liest, ist spannend.",Neutral,Nominative,
464,9,"Das Spielzeug, _____ kaputt ist, ist alt.",das,"Das Spielzeug, das kaputt ist, ist alt.",Neutral,Nominative,
465,9,"Das Haus, _____ renoviert wird, ist alt.",das,"Das Haus, das renoviert wird, ist alt.",Neutral,Nominative,
466,9,"Die Kinder, _____ laut lachen, sind fröhlich.",die,"Die Kinder, die laut lachen, sind fröhlich.",Feminine,Nominative,
467,9,"Die Hunde, _____ bellen, sind nervös.",die,"Die Hunde, die bellen, sind nervös.",Feminine,Nominative,
468,9,"Die Leute, _____ hier wohnen, sind freundlich.",die,"Die Leute, die hier wohnen, sind freundlich.",Feminine,Nominative,
469,9,"Die Bücher, _____ ich lese, sind interessant.",die,"Die Bücher, die ich lese, sind interessant.",Feminine,Nominative,
470,9,"Die Frauen, _____ tanzen, sind elegant.",die,"Die Frauen, die tanzen, sind elegant.",Feminine,Nominative,
471,10,"Der Mann, _____ ich gestern gesehen habe, kennst dich.",den,"Der Mann, den ich gestern gesehen habe, kennst dich.",Masculine,Accusative,
472,10,"Der Hund, _____ sie gefunden haben, ist verloren.",den,"Der Hund, den sie gefunden haben, ist verloren.",Masculine,Accusative,
473,10,"Der Film, _____ ich gesehen habe, war spannend.",den,"Der Film, den ich gesehen habe, war spannend.",Masculine,Accusative,
474,10,"Der Freund, _____ ich kenne, ist nett.",den,"Der Freund, den ich kenne, ist nett.",Masculine,Accusative,
475,10,"Der Lehrer, _____ du suchst, ist hier.",den,"Der Lehrer, den du suchst, ist hier.",Masculine,Accusative,
476,10,"Der Brief, _____ ich geschrieben habe, liegt hier.",den,"Der Brief, den ich geschrieben habe, liegt hier.",Masculine,Accusative,
477,10,"Die Frau, _____ ich getroffen habe, war freundlich.",die,"Die Frau, die ich getroffen habe, war freundlich.",Feminine,Accusative,
478,10,"Die Blume, _____ ich gepflückt habe, ist schön.",die,"Die Blume, die ich gepflückt habe, ist schön.",Feminine,Accusative,
479,10,"Die Katze, _____ er adoptiert hat, ist schwarz.",die,"Die Katze, die er adoptiert hat, ist schwarz.",Feminine,Accusative,
480,10,"Die Straße, _____ wir entlanggehen, ist lang.",die,"Die Straße, die wir entlanggehen, ist lang.",Feminine,Accusative,
481,10,"Die Tasche, _____ sie gekauft hat, ist teuer.",die,"Die Tasche, die sie gekauft hat, ist teuer.",Feminine,Accusative,
482,10,"Das Buch, _____ er liest, gehört mir.",das,"Das Buch, das er liest, gehört mir.",Neutral,Accusative,
483,10,"Das Haus, _____ ich besichtigt habe, ist groß.",das,"Das Haus, das ich besichtigt habe, ist groß.",Neutral,Accusative,
484,10,"Das Auto, _____ sie fährt, ist schnell.",das,"Das Auto, das sie fährt, ist schnell.",Neutral,Accusative,
485,10,"Das Bild, _____ du gemalt hast, ist schön.",das,"Das Bild, das du gemalt hast, ist schön.",Neutral,Accusative,
486,10,"Das Spielzeug, _____ sie gekauft haben, ist kaputt.",das,"Das Spielzeug, das sie gekauft haben, ist kaputt.",Neutral,Accusative,
487,10,"Die Kinder, _____ wir gesehen haben, sind laut.",die,"Die Kinder, die wir gesehen haben, sind laut.",Feminine,Accusative,
488,10,"Die Hunde, _____ sie füttern, sind hungrig.",die,"Die Hunde, die sie füttern, sind hungrig.",Feminine,Accusative,
489,10,"Die Leute, _____ wir getroffen haben, sind nett.",die,"Die Leute, die wir getroffen haben, sind nett.",Feminine,Accusative,
490,10,"Die Bücher, _____ ich gelesen habe, sind spannend.",die,"Die Bücher, die ich gelesen habe, sind spannend.",Feminine,Accusative,
491,10,"Die Frauen, _____ er eingeladen hat, kommen später.",die,"Die Frauen, die er eingeladen hat, kommen später.",Feminine,Accusative,
492,11,"Der Mann, _____ ich geholfen habe, ist dankbar.",dem,"Der Mann, dem ich geholfen habe, ist dankbar.",Masculine,Dative,
493,11,"Die Frau, _____ ich das Buch gegeben habe, lacht.",der,"Die Frau, der ich das Buch gegeben habe, lacht.",Feminine,Dative,
494,11,"Das Kind, _____ ich eine Geschichte erzählt habe, hört zu.",dem,"Das Kind, dem ich eine Geschichte erzählt habe, hört zu.",Neutral,Dative,
495,11,"Die Freunde, _____ wir geschrieben haben, kommen morgen.",denen,"Die Freunde, denen wir geschrieben haben, kommen morgen.",Feminine,Dative,
496,11,"Die Katze, _____ ich das Futter gekauft habe, ist alt.",der,"Die Katze, der ich das Futter gekauft habe, ist alt.",Feminine,Dative,
497,11,"Die Kinder, _____ ich Süßigkeiten gegeben habe, sind fröhlich.",denen,"Die Kinder, denen ich Süßigkeiten gegeben habe, sind fröhlich.",Feminine,Dative,
498,11,"Der Hund, _____ sie Wasser gebracht hat, ist krank.",dem,"Der Hund, dem sie Wasser gebracht hat, ist krank.",Masculine,Dative,
499,11,"Die Blume, _____ wir Wasser gegeben haben, ist gewachsen.",der,"Die Blume, der wir Wasser gegeben haben, ist gewachsen.",Feminine,Dative,
500,11,"Die Frau, _____ er alles erklärt hat, ist zufrieden.",der,"Die Frau, der er alles erklärt hat, ist zufrieden.",Feminine,Dative,
501,11,"Der Lehrer, _____ wir zugehört haben, ist streng.",dem,"Der Lehrer, dem wir zugehört haben, ist streng.",Masculine,Dative,
502,11,"Das Auto, _____ wir die Reifen gewechselt haben, ist rot.",dem,"Das Auto, dem wir die Reifen gewechselt haben, ist rot.",Neutral,Dative,
503,11,"Die Kinder, _____ sie geholfen hat, danken ihr.",denen,"Die Kinder, denen sie geholfen hat, danken ihr.",Feminine,Dative,
504,11,"Die Frau, _____ wir die Adresse geschickt haben, kommt heute.",der,"Die Frau, der wir die Adresse geschickt haben, kommt heute.",Feminine,Dative,
505,11,"Das Kind, _____ Sie ein Spielzeug geschenkt hat, ist glücklich.",dem,"Das Kind, dem Sie ein Spielzeug geschenkt hat, ist glücklich.",Neutral,Dative,
506,11,"Die Männer, _____ sie neue Anzüge gekauft haben, sehen elegant aus.",denen,"Die Männer, denen sie neue Anzüge gekauft haben, sehen elegant aus.",Feminine,Dative,
507,11,"Der Arzt, _____ ich meine Symptome erklärt habe, war freundlich.",dem,"Der Arzt, dem ich meine Symptome erklärt habe, war freundlich.",Masculine,Dative,
508,11,"Das Haus, _____ wir eine neue Tür eingesetzt haben, sieht modern aus.",dem,"Das Haus, dem wir eine neue Tür eingesetzt haben, sieht modern aus.",Neutral,Dative,
509,11,"Die Leute, _____ wir geholfen haben, sind dankbar.",denen,"Die Leute, denen wir geholfen haben, sind dankbar.",Feminine,Dative,
510,11,"Der Mann, _____ ich einen Stift geliehen habe, hat ihn zurückgegeben.",dem,"Der Mann, dem ich einen Stift geliehen habe, hat ihn zurückgegeben.",Masculine,Dative,
511,12,"Der Mann, _____ Haus verkauft wurde, ist traurig.",dessen,"Der Mann, dessen Haus verkauft wurde, ist traurig.",Masculine,Genitive,
512,12,"Die Frau, _____ Katze verschwunden ist, sucht sie.",deren,"Die Frau, deren Katze verschwunden ist, sucht sie.",Feminine,Genitive,
513,12,"Das Auto, _____ Besitzer ich kenne, ist alt.",dessen,"Das Auto, dessen Besitzer ich kenne, ist alt.",Neutral,Genitive,
514,12,"Die Kinder, _____ Spielsachen kaputt sind, weinen.",deren,"Die Kinder, deren Spielsachen kaputt sind, weinen.",Feminine,Genitive,
515,12,"Der Hund, _____ Besitzer verreist ist, bellt viel.",dessen,"Der Hund, dessen Besitzer verreist ist, bellt viel.",Masculine,Genitive,
516,12,"Die Blume, _____ Duft so angenehm ist, ist schön.",deren,"Die Blume, deren Duft so angenehm ist, ist schön.",Feminine,Genitive,
517,12,"Das Haus, _____ Fenster offen sind, gehört mir.",dessen,"Das Haus, dessen Fenster offen sind, gehört mir.",Neutral,Genitive,
518,12,"Die Frau, _____ Meinung gefragt wurde, ist klug.",deren,"Die Frau, deren Meinung gefragt wurde, ist klug.",Feminine,Genitive,
519,12,"Die Freunde, _____ Namen ich vergessen habe, rufen mich an.",deren,"Die Freunde, deren Namen ich vergessen habe, rufen mich an.",Feminine,Genitive,
520,12,"Der Lehrer, _____ Erklärung hilfreich war, wurde gelobt.",dessen,"Der Lehrer, dessen Erklärung hilfreich war, wurde gelobt.",Masculine,Genitive,
521,12,"Das Buch, _____ Autor berühmt ist, wird viel gelesen.",dessen,"Das Buch, dessen Autor berühmt ist, wird viel gelesen.",Neutral,Genitive,
522,12,"Die Männer, _____ Autos auf dem Parkplatz stehen, kommen bald.",deren,"Die Männer, deren Autos auf dem Parkplatz stehen, kommen bald.",Feminine,Genitive,
523,12,"Die Frau, _____ Tasche gestohlen wurde, hat die Polizei gerufen.",deren,"Die Frau, deren Tasche gestohlen wurde, hat die Polizei gerufen.",Feminine,Genitive,
524,12,"Der Mann, _____ Arbeit wir bewundern, ist sehr klug.",dessen,"Der Mann, dessen Arbeit wir bewundern, ist sehr klug.",Masculine,Genitive,
525,12,"Das Kind, _____ Spielzeug ich kaputt gemacht habe, weint jetzt.",dessen,"Das Kind, dessen Spielzeug ich kaputt gemacht habe, weint jetzt.",Neutral,Genitive,
526,12,"Die Familie, _____ Haus renoviert wurde, ist zufrieden.",deren,"Die Familie, deren Haus renoviert wurde, ist zufrieden.",Feminine,Genitive,
527,12,"Der Arzt, _____ Praxis geschlossen ist, arbeitet jetzt woanders.",dessen,"Der Arzt, dessen Praxis geschlossen ist, arbeitet jetzt woanders.",Masculine,Genitive,
528,12,"Die Frau, _____ Mann ein berühmter Künstler ist, ist sehr freundlich.",deren,"Die Frau, deren Mann ein berühmter Künstler ist, ist sehr freundlich.",Feminine,Genitive,
529,12,"Die Kinder, _____ Eltern verreist sind, bleiben bei den Großeltern.",deren,"Die Kinder, deren Eltern verreist sind, bleiben bei den Großeltern.",Feminine,Genitive,
530,12,"Der Junge, _____ Fahrrad gestohlen wurde, ist traurig.",dessen,"Der Junge, dessen Fahrrad gestohlen wurde, ist traurig.",Masculine,Genitive,
531,12,"Das Buch, _____ Titel ich mich nicht erinnere, war spannend.",an dessen,"Das Buch, an dessen Titel ich mich nicht erinnere, war spannend.",Neutral,Genitive,
532,13,"Der Mann, _____ hier steht, ist mein Lehrer.",der,"Der Mann, der hier steht, ist mein Lehrer.",Masculine,Nominative,
533,13,"Der Hund, _____ draußen bellt, gehört Peter.",der,"Der Hund, der draußen bellt, gehört Peter.",Masculine,Nominative,
534,13,"Der Arzt, _____ in Berlin wohnt, ist bekannt.",der,"Der Arzt, der in Berlin wohnt, ist bekannt.",Masculine,Nominative,
535,13,"Der Junge, _____ Fußball spielt, ist schnell.",der,"Der Junge, der Fußball spielt, ist schnell.",Masculine,Nominative,
536,13,"Der Freund, _____ ich kenne, ist nett.",den,"Der Freund, den ich kenne, ist nett.",Feminine,Nominative,
537,13,"Die Frau, _____ dort sitzt, ist meine Mutter.",die,"Die Frau, die dort sitzt, ist meine Mutter.",Feminine,Nominative,
538,13,"Die Katze, _____ schläft, ist grau.",die,"Die Katze, die schläft, ist grau.",Feminine,Nominative,
539,13,"Die Studentin, _____ ein Buch liest, ist klug.",die,"Die Studentin, die ein Buch liest, ist klug.",Feminine,Nominative,
540,13,"Die Blume, _____ duftet, ist schön.",die,"Die Blume, die duftet, ist schön.",Feminine,Nominative,
541,13,"Die Lehrerin, _____ singt, ist freundlich.",die,"Die Lehrerin, die singt, ist freundlich.",Neutral,Nominative,
542,13,"Das Kind, _____ lacht, ist glücklich.",das,"Das Kind, das lacht, ist glücklich.",Neutral,Nominative,
543,13,"Das Auto, _____ schnell fährt, ist teuer.",das,"Das Auto, das schnell fährt, ist teuer.",Neutral,Nominative,
544,13,"Das Buch, _____ du liest, ist spannend.",das,"Das Buch, das du liest, ist spannend.",Neutral,Nominative,
545,13,"Das Spielzeug, _____ kaputt ist, ist alt.",das,"Das Spielzeug, das kaputt ist, ist alt.",Neutral,Nominative,
546,13,"Das Haus, _____ renoviert wird, ist alt.",das,"Das Haus, das renoviert wird, ist alt.",Feminine,Nominative,
547,13,"Die Kinder, _____ laut lachen, sind fröhlich.",die,"Die Kinder, die laut lachen, sind fröhlich.",Feminine,Nominative,
548,13,"Die Hunde, _____ bellen, sind nervös.",die,"Die Hunde, die bellen, sind nervös.",Feminine,Nominative,
549,13,"Die Leute, _____ hier wohnen, sind freundlich.",die,"Die Leute, die hier wohnen, sind freundlich.",Feminine,Nominative,
550,13,"Die Bücher, _____ ich lese, sind interessant.",die,"Die Bücher, die ich lese, sind interessant.",Feminine,Nominative,
551,13,"Die Frauen, _____ tanzen, sind elegant.",die,"Die Frauen, die tanzen, sind elegant.",Masculine,Accusative,
552,13,"Der Mann, _____ ich gestern gesehen habe, kennst dich.",den,"Der Mann, den ich gestern gesehen habe, kennst dich.",Masculine,Accusative,
553,13,"Der Hund, _____ sie gefunden haben, ist verloren.",den,"Der Hund, den sie gefunden haben, ist verloren.",Masculine,Accusative,
554,13,"Der Film, _____ ich gesehen habe, war spannend.",den,"Der Film, den ich gesehen habe, war spannend.",Masculine,Accusative,
555,13,"Der Lehrer, _____ du suchst, ist hier.",den,"Der Lehrer, den du suchst, ist hier.",Masculine,Accusative,
556,13,"Der Brief, _____ ich geschrieben habe, liegt hier.",den,"Der Brief, den ich geschrieben habe, liegt hier.",Masculine,Accusative,
557,13,"Die Frau, _____ ich getroffen habe, war freundlich.",die,"Die Frau, die ich getroffen habe, war freundlich.",Feminine,Accusative,
558,13,"Die Blume, _____ ich gepflückt habe, ist schön.",die,"Die Blume, die ich gepflückt habe, ist schön.",Feminine,Accusative,
559,13,"Die Katze, _____ er adoptiert hat, ist schwarz.",die,"Die Katze, die er adoptiert hat, ist schwarz.",Feminine,Accusative,
560,13,"Die Straße, _____ wir entlanggehen, ist lang.",die,"Die Straße, die wir entlanggehen, ist lang.",Feminine,Accusative,
561,13,"Die Tasche, _____ sie gekauft hat, ist teuer.",die,"Die Tasche, die sie gekauft hat, ist teuer.",Feminine,Accusative,
562,13,"Das Buch, _____ er liest, gehört mir.",das,"Das Buch, das er liest, gehört mir.",Neutral,Accusative,
563,13,"Das Haus, _____ ich besichtigt habe, ist groß.",das,"Das Haus, das ich besichtigt habe, ist groß.",Neutral,Accusative,
564,13,"Das Auto, _____ sie fährt, ist schnell.",das,"Das Auto, das sie fährt, ist schnell.",Neutral,Accusative,
565,13,"Das Bild, _____ du gemalt hast, ist schön.",das,"Das Bild, das du gemalt hast, ist schön.",Neutral,Accusative,
566,13,"Das Spielzeug, _____ sie gekauft haben, ist kaputt.",das,"Das Spielzeug, das sie gekauft haben, ist kaputt.",Neutral,Accusative,
567,13,"Die Kinder, _____ wir gesehen haben, sind laut.",die,"Die Kinder, die wir gesehen haben, sind laut.",Feminine,Accusative,
568,13,"Die Hunde, _____ sie füttern, sind hungrig.",die,"Die Hunde, die sie füttern, sind hungrig.",Feminine,Accusative,
569,13,"Die Leute, _____ wir getroffen haben, sind nett.",die,"Die Leute, die wir getroffen haben, sind nett.",Feminine,Accusative,
570,13,"Die Bücher, _____ ich gelesen habe, sind spannend.",die,"Die Bücher, die ich gelesen habe, sind spannend.",Feminine,Accusative,
571,13,"Die Frauen, _____ er eingeladen hat, kommen später.",die,"Die Frauen, die er eingeladen hat, kommen später.",Feminine,Accusative,
572,13,"Der Mann, _____ ich geholfen habe, ist dankbar.",dem,"Der Mann, dem ich geholfen habe, ist dankbar.",Masculine,Dative,
573,13,"Die Frau, _____ ich das Buch gegeben habe, lacht.",der,"Die Frau, der ich das Buch gegeben habe, lacht.",Feminine,Dative,
574,13,"Das Kind, _____ ich eine Geschichte erzählt habe, hört zu.",dem,"Das Kind, dem ich eine Geschichte erzählt habe, hört zu.",Neutral,Dative,
575,13,"Die Freunde, _____ wir geschrieben haben, kommen morgen.",denen,"Die Freunde, denen wir geschrieben haben, kommen morgen.",Feminine,Dative,
576,13,"Die Katze, _____ ich das Futter gekauft habe, ist alt.",der,"Die Katze, der ich das Futter gekauft habe, ist alt.",Feminine,Dative,
577,13,"Die Kinder, _____ ich Süßigkeiten gegeben habe, sind fröhlich.",denen,"Die Kinder, denen ich Süßigkeiten gegeben habe, sind fröhlich.",Feminine,Dative,
578,13,"Der Hund, _____ sie Wasser gebracht hat, ist krank.",dem,"Der Hund, dem sie Wasser gebracht hat, ist krank.",Masculine,Dative,
579,13,"Die Blume, _____ wir Wasser gegeben haben, ist gewachsen.",der,"Die Blume, der wir Wasser gegeben haben, ist gewachsen.",Feminine,Dative,
580,13,"Die Frau, _____ er alles erklärt hat, ist zufrieden.",der,"Die Frau, der er alles erklärt hat, ist zufrieden.",Feminine,Dative,
581,13,"Der Lehrer, _____ wir zugehört haben, ist streng.",dem,"Der Lehrer, dem wir zugehört haben, ist streng.",Masculine,Dative,
582,13,"Das Auto, _____ wir die Reifen gewechselt haben, ist rot.",dem,"Das Auto, dem wir die Reifen gewechselt haben, ist rot.",Neutral,Dative,
583,13,"Die Kinder, _____ sie geholfen hat, danken ihr.",denen,"Die Kinder, denen sie geholfen hat, danken ihr.",Feminine,Dative,
584,13,"Die Frau, _____ wir die Adresse geschickt haben, kommt heute.",der,"Die Frau, der wir die Adresse geschickt haben, kommt heute.",Feminine,Dative,
585,13,"Das Kind, _____ Sie ein Spielzeug geschenkt hat, ist glücklich.",dem,"Das Kind, dem Sie ein Spielzeug geschenkt hat, ist glücklich.",Neutral,Dative,
586,13,"Die Männer, _____ sie neue Anzüge gekauft haben, sehen elegant aus.",denen,"Die Männer, denen sie neue Anzüge gekauft haben, sehen elegant aus.",Feminine,Dative,
587,13,"Der Arzt, _____ ich meine Symptome erklärt habe, war freundlich.",dem,"Der Arzt, dem ich meine Symptome erklärt habe, war freundlich.",Masculine,Dative,
588,13,"Das Haus, _____ wir eine neue Tür eingesetzt haben, sieht modern aus.",dem,"Das Haus, dem wir eine neue Tür eingesetzt haben, sieht modern aus.",Neutral,Dative,
589,13,"Die Leute, _____ wir geholfen haben, sind dankbar.",denen,"Die Leute, denen wir geholfen haben, sind dankbar.",Feminine,Dative,
590,13,"Der Mann, _____ ich einen Stift geliehen habe, hat ihn zurückgegeben.",dem,"Der Mann, dem ich einen Stift geliehen habe, hat ihn zurückgegeben.",Masculine,Dative,
591,13,"Der Mann, _____ Haus verkauft wurde, ist traurig.",dessen,"Der Mann, dessen Haus verkauft wurde, ist traurig.",Masculine,Genitive,
592,13,"Die Frau, _____ Katze verschwunden ist, sucht sie.",deren,"Die Frau, deren Katze verschwunden ist, sucht sie.",Feminine,Genitive,
593,13,"Das Auto, _____ Besitzer ich kenne, ist alt.",dessen,"Das Auto, dessen Besitzer ich kenne, ist alt.",Neutral,Genitive,
594,13,"Die Kinder, _____ Spielsachen kaputt sind, weinen.",deren,"Die Kinder, deren Spielsachen kaputt sind, weinen.",Feminine,Genitive,
595,13,"Der Hund, _____ Besitzer verreist ist, bellt viel.",dessen,"Der Hund, dessen Besitzer verreist ist, bellt viel.",Masculine,Genitive,
596,13,"Die Blume, _____ Duft so angenehm ist, ist schön.",deren,"Die Blume, deren Duft so angenehm ist, ist schön.",Feminine,Genitive,
597,13,"Das Haus, _____ Fenster offen sind, gehört mir.",dessen,"Das Haus, dessen Fenster offen sind, gehört mir.",Neutral,Genitive,
598,13,"Die Frau, _____ Meinung gefragt wurde, ist klug.",deren,"Die Frau, deren Meinung gefragt wurde, ist klug.",Feminine,Genitive,
599,13,"Die Freunde, _____ Namen ich vergessen habe, rufen mich an.",deren,"Die Freunde, deren Namen ich vergessen habe, rufen mich an.",Feminine,Genitive,
600,13,"Der Lehrer, _____ Erklärung hilfreich war, wurde gelobt.",dessen,"Der Lehrer, dessen Erklärung hilfreich war, wurde gelobt.",Masculine,Genitive,
601,13,"Das Buch, _____ Autor berühmt ist, wird viel gelesen.",dessen,"Das Buch, dessen Autor berühmt ist, wird viel gelesen.",Neutral,Genitive,
602,13,"Die Männer, _____ Autos auf dem Parkplatz stehen, kommen bald.",deren,"Die Männer, deren Autos auf dem Parkplatz stehen, kommen bald.",Feminine,Genitive,
603,13,"Die Frau, _____ Tasche gestohlen wurde, hat die Polizei gerufen.",deren,"Die Frau, deren Tasche gestohlen wurde, hat die Polizei gerufen.",Feminine,Genitive,
604,13,"Der Mann, _____ Arbeit wir bewundern, ist sehr klug.",dessen,"Der Mann, dessen Arbeit wir bewundern, ist sehr klug.",Masculine,Genitive,
605,13,"Das Kind, _____ Spielzeug ich kaputt gemacht habe, weint jetzt.",dessen,"Das Kind, dessen Spielzeug ich kaputt gemacht habe, weint jetzt.",Neutral,Genitive,
606,13,"Die Familie, _____ Haus renoviert wurde, ist zufrieden.",deren,"Die Familie, deren Haus renoviert wurde, ist zufrieden.",Feminine,Genitive,
607,13,"Der Arzt, _____ Praxis geschlossen ist, arbeitet jetzt woanders.",dessen,"Der Arzt, dessen Praxis geschlossen ist, arbeitet jetzt woanders.",Masculine,Genitive,
608,13,"Die Frau, _____ Mann ein berühmter Künstler ist, ist sehr freundlich.",deren,"Die Frau, deren Mann ein berühmter Künstler ist, ist sehr freundlich.",Feminine,Genitive,
609,13,"Die Kinder, _____ Eltern verreist sind, bleiben bei den Großeltern.",deren,"Die Kinder, deren Eltern verreist sind, bleiben bei den Großeltern.",Feminine,Genitive,
610,13,"Der Junge, _____ Fahrrad gestohlen wurde, ist traurig.",dessen,"Der Junge, dessen Fahrrad gestohlen wurde, ist traurig.",Masculine,Genitive,
611,13,"Das Buch, _____ Titel ich mich nicht erinnere, war spannend.",an dessen,"Das Buch, an dessen Titel ich mich nicht erinnere, war spannend.",Neutral,Genitive,
612,14,"Das ist das Fahrrad, _____ schnell fährt.",das,"Das ist das Fahrrad, das schnell fährt.",Neutral,Nominative,
613,14,"Die Reise, _____ wir geplant haben, ist teuer.",die,"Die Reise, die wir geplant haben, ist teuer.",Feminine,Accusative,
614,14,"Der Film, _____ im Kino läuft, ist interessant.",der,"Der Film, der im Kino läuft, ist interessant.",Masculine,Nominative,
615,14,"Die Wohnung, _____ wir gemietet haben, ist klein.",die,"Die Wohnung, die wir gemietet haben, ist klein.",Feminine,Accusative,
616,14,"Das Problem, _____ wir lösen müssen, ist schwierig.",das,"Das Problem, das wir lösen müssen, ist schwierig.",Neutral,Accusative,
617,14,"Die Aufgabe, _____ er bekommen hat, ist einfach.",die,"Die Aufgabe, die er bekommen hat, ist einfach.",Feminine,Accusative,
618,14,"Der Computer, _____ neu ist, funktioniert gut.",der,"Der Computer, der neu ist, funktioniert gut.",Masculine,Nominative,
619,14,"Die Musik, _____ ich höre, ist entspannend.",die,"Die Musik, die ich höre, ist entspannend.",Feminine,Accusative,
620,14,"Das Essen, _____ gut schmeckt, ist teuer.",das,"Das Essen, das gut schmeckt, ist teuer.",Neutral,Nominative,
621,14,"Die Leute, _____ hier wohnen, sind nett.",die,"Die Leute, die hier wohnen, sind nett.",Feminine,Nominative,
622,14,"Der Zug, _____ Verspätung hat, kommt bald an.",der,"Der Zug, der Verspätung hat, kommt bald an.",Masculine,Nominative,
623,14,"Das Hotel, _____ wir gebucht haben, ist modern.",das,"Das Hotel, das wir gebucht haben, ist modern.",Neutral,Accusative,
624,14,"Die Sprache, _____ ich lerne, ist schwer.",die,"Die Sprache, die ich lerne, ist schwer.",Feminine,Accusative,
625,14,"Der Sport, _____ ich mache, ist gesund.",den,"Der Sport, den ich mache, ist gesund.",Masculine,Accusative,
626,14,"Die Ferien, _____ wir hatten, waren toll.",die,"Die Ferien, die wir hatten, waren toll.",Feminine,Accusative,
627,14,"Der Urlaub, _____ sie macht, ist lang.",den,"Der Urlaub, den sie macht, ist lang.",Masculine,Accusative,
628,14,"Das Geschenk, _____ ich bekommen habe, ist schön.",das,"Das Geschenk, das ich bekommen habe, ist schön.",Neutral,Accusative,
629,14,"Die Party, _____ wir gefeiert haben, war lustig.",die,"Die Party, die wir gefeiert haben, war lustig.",Feminine,Accusative,
630,14,"Das ist das Buch, _____ ich gelesen habe.",das,"Das ist das Buch, das ich gelesen habe.",Neutral,Accusative,
631,14,"Die Reise, _____ wir gebucht haben, war schön.",die,"Die Reise, die wir gebucht haben, war schön.",Feminine,Accusative,
632,14,"Der Film, _____ wir gesehen haben, war spannend.",den,"Der Film, den wir gesehen haben, war spannend.",Masculine,Accusative,
633,14,"Das Problem, _____ wir besprochen haben, ist gelöst.",das,"Das Problem, das wir besprochen haben, ist gelöst.",Neutral,Accusative,
634,14,"Die Aufgabe, _____ er erledigt hat, war schwierig.",die,"Die Aufgabe, die er erledigt hat, war schwierig.",Feminine,Accusative,
635,14,"Der Computer, _____ ich gekauft habe, ist schnell.",den,"Der Computer, den ich gekauft habe, ist schnell.",Masculine,Accusative,
636,14,"Die Musik, _____ du hörst, gefällt mir.",die,"Die Musik, die du hörst, gefällt mir.",Feminine,Accusative,
637,14,"Das Essen, _____ wir bestellt haben, ist lecker.",das,"Das Essen, das wir bestellt haben, ist lecker.",Neutral,Accusative,
638,14,"Die Leute, _____ ich getroffen habe, waren freundlich.",die,"Die Leute, die ich getroffen habe, waren freundlich.",Feminine,Accusative,
639,14,"Der Zug, _____ wir verpasst haben, fährt später.",den,"Der Zug, den wir verpasst haben, fährt später.",Masculine,Accusative,
640,14,"Das Hotel, _____ sie gefunden haben, ist billig.",das,"Das Hotel, das sie gefunden haben, ist billig.",Neutral,Accusative,
641,14,"Die Arbeit, _____ sie gefunden hat, ist gut bezahlt.",die,"Die Arbeit, die sie gefunden hat, ist gut bezahlt.",Feminine,Accusative,
642,14,"Das Wetter, _____ wir hatten, war schlecht.",das,"Das Wetter, das wir hatten, war schlecht.",Neutral,Accusative,
643,14,"Die Ferien, _____ sie geplant haben, sind kurz.",die,"Die Ferien, die sie geplant haben, sind kurz.",Feminine,Accusative,
644,14,"Der Urlaub, _____ er macht, ist erholsam.",den,"Der Urlaub, den er macht, ist erholsam.",Masculine,Accusative,
645,14,"Das Geschenk, _____ du bekommen hast, ist nützlich.",das,"Das Geschenk, das du bekommen hast, ist nützlich.",Neutral,Accusative,
646,14,"Die Party, _____ sie organisiert haben, war super.",die,"Die Party, die sie organisiert haben, war super.",Feminine,Accusative,
647,14,"Das ist der Mann, _____ ich geholfen habe.",dem,"Das ist der Mann, dem ich geholfen habe.",Neutral,Dative,
648,14,"Die Frau, _____ ich das Buch gegeben habe, ist nett.",der,"Die Frau, der ich das Buch gegeben habe, ist nett.",Feminine,Dative,
649,14,"Das Kind, _____ wir gratuliert haben, hat sich gefreut.",dem,"Das Kind, dem wir gratuliert haben, hat sich gefreut.",Neutral,Dative,
650,14,"Die Firma, _____ wir die Rechnung geschickt haben, ist groß.",an die,"Die Firma, an die wir die Rechnung geschickt haben, ist groß.",Feminine,Dative,
651,14,"Die Kollegin, _____ ich die Nachricht geschickt habe, arbeitet im Büro.",der,"Die Kollegin, der ich die Nachricht geschickt habe, arbeitet im Büro.",Feminine,Dative,
652,14,"Der Lehrer, _____ wir zuhören, ist erfahren.",dem,"Der Lehrer, dem wir zuhören, ist erfahren.",Masculine,Dative,
653,14,"Die Familie, _____ wir einen Besuch gemacht haben, geht es gut.",bei der,"Die Familie, bei der wir einen Besuch gemacht haben, geht es gut.",Feminine,Dative,
654,14,"Der Stuhl, _____ du sitzt, ist bequem.",auf dem,"Der Stuhl, auf dem du sitzt, ist bequem.",Masculine,Dative,
655,14,"Das Fenster, _____ es zieht, ist undicht.",aus dem,"Das Fenster, aus dem es zieht, ist undicht.",Neutral,Dative,
656,14,"Der Baum, _____ viele Vögel nisten, ist alt.",in dem,"Der Baum, in dem viele Vögel nisten, ist alt.",Masculine,Dative,
657,14,"Die Lampe, _____ ich eine neue Birne eingesetzt habe, leuchtet wieder.",in die,"Die Lampe, in die ich eine neue Birne eingesetzt habe, leuchtet wieder.",Feminine,Accusative,
658,14,"Der Tisch, _____ wir uns setzen, ist gedeckt.",an den,"Der Tisch, an den wir uns setzen, ist gedeckt.",Masculine,Accusative,
659,14,"Der Chef, _____ ich die Idee vorgestellt habe,  hat sie gemocht.",dem,"Der Chef, dem ich die Idee vorgestellt habe, hat sie gemocht.",Masculine,Dative,
660,14,"Die Kinder, _____ wir Geschenke gegeben haben, haben sich gefreut.",denen,"Die Kinder, denen wir Geschenke gegeben haben, haben sich gefreut.",Plural,Dative,
661,14,"Das Projekt, _____ wir arbeiten, ist wichtig.",an dem,"Das Projekt, an dem wir arbeiten, ist wichtig.",Neutral,Dative,
662,14,"Das Problem, _____ wir uns beschäftigen, ist kompliziert.",mit dem,"Das Problem, mit dem wir uns beschäftigen, ist kompliziert.",Neutral,Dative,
663,14,"Der Computer, _____ ich arbeite, ist neu.",mit dem,"Der Computer, mit dem ich arbeite, ist neu.",Masculine,Dative,
664,14,"Das Auto, _____ er fährt, ist schnell.",mit dem,"Das Auto, mit dem er fährt, ist schnell.",Neutral,Dative,
665,14,"Der Zug, _____ wir fahren, ist pünktlich.",mit dem,"Der Zug, mit dem wir fahren, ist pünktlich.",Masculine,Dative,
666,14,"Das Hotel, _____ wir übernachtet haben, war komfortabel.",in dem,"Das Hotel, in dem wir übernachtet haben, war komfortabel.",Neutral,Dative,
667,14,"Die Stadt, _____ ich wohne, gefällt mir gut.",in der,"Die Stadt, in der ich wohne, gefällt mir gut.",Feminine,Dative,
668,14,"Das Land, _____ er lebt, ist schön.",in dem,"Das Land, in dem er lebt, ist schön.",Neutral,Dative,
669,14,"Der Urlaub, _____ sie erzählt hat, war interessant.",von dem,"Der Urlaub, von dem sie erzählt hat, war interessant.",Masculine,Dative,
670,14,"Das ist das Haus, _____ Dach rot ist.",dessen,"Das ist das Haus, dessen Dach rot ist.",Neutral,Genitive,
671,14,"Die Firma, _____ Produkte bekannt sind, ist erfolgreich.",deren,"Die Firma, deren Produkte bekannt sind, ist erfolgreich.",Feminine,Genitive,
672,14,"Der Mann, _____ Auto kaputt ist, ist traurig.",dessen,"Der Mann, dessen Auto kaputt ist, ist traurig.",Masculine,Genitive,
673,14,"Die Frau, _____ Kinder spielen, ist glücklich.",deren,"Die Frau, deren Kinder spielen, ist glücklich.",Feminine,Genitive,
674,14,"Das Buch, _____ Inhalt spannend ist, gefällt mir.",dessen,"Das Buch, dessen Inhalt spannend ist, gefällt mir.",Neutral,Genitive,
675,14,"Der Tisch, _____ Beine wackeln, ist instabil.",dessen,"Der Tisch, dessen Beine wackeln, ist instabil.",Masculine,Genitive,
676,14,"Die Tür, _____ Farbe blau ist, gefällt mir.",deren,"Die Tür, deren Farbe blau ist, gefällt mir.",Feminine,Genitive,
677,14,"Das Fenster, _____ Scheibe sauber ist, ist neu.",dessen,"Das Fenster, dessen Scheibe sauber ist, ist neu.",Neutral,Genitive,
678,14,"Der Computer, _____ Software aktuell ist, funktioniert gut.",dessen,"Der Computer, dessen Software aktuell ist, funktioniert gut.",Masculine,Genitive,
679,14,"Die Reise, _____ Ziel Italien ist, ist teuer.",deren,"Die Reise, deren Ziel Italien ist, ist teuer.",Feminine,Genitive,
680,14,"Der Urlaub, _____ Dauer zwei Wochen beträgt, ist lang.",dessen,"Der Urlaub, dessen Dauer zwei Wochen beträgt, ist lang.",Masculine,Genitive,
681,14,"Das Hotel, _____ Zimmer modern sind, ist komfortabel.",dessen,"Das Hotel, dessen Zimmer modern sind, ist komfortabel.",Neutral,Genitive,
682,14,"Die Stadt, _____ Einwohner freundlich sind, gefällt mir.",deren,"Die Stadt, deren Einwohner freundlich sind, gefällt mir.",Feminine,Genitive,
683,14,"Das Land, _____ Landschaft schön ist, besuche ich gerne.",dessen,"Das Land, dessen Landschaft schön ist, besuche ich gerne.",Neutral,Genitive,
684,14,"Die Musik, _____ Melodie eingängig ist, gefällt vielen.",deren,"Die Musik, deren Melodie eingängig ist, gefällt vielen.",Feminine,Genitive,
685,14,"Der Sport, _____ Regeln kompliziert sind, ist schwer zu verstehen.",dessen,"Der Sport, dessen Regeln kompliziert sind, ist schwer zu verstehen.",Masculine,Genitive,
686,14,"Die Arbeit, _____ Arbeitszeiten flexibel sind, ist attraktiv.",deren,"Die Arbeit, deren Arbeitszeiten flexibel sind, ist attraktiv.",Feminine,Genitive,
687,14,"Das Wetter, _____ Vorhersage schlecht ist, stört mich.",dessen,"Das Wetter, dessen Vorhersage schlecht ist, stört mich.",Neutral,Genitive,
688,14,"Das Geschenk, _____ Verpackung schön ist, gefällt mir.",dessen,"Das Geschenk, dessen Verpackung schön ist, gefällt mir.",Neutral,Genitive,
689,14,"Die Party, _____ Musik gut war, hat mir gefallen.",deren,"Die Party, deren Musik gut war, hat mir gefallen.",Feminine,Genitive,
690,15,"Das ist das Dorf, _____ ich geboren wurde.",wo/in dem,"Das ist das Dorf, wo ich geboren wurde.
<br>
<br>
Das ist das Dorf, in dem ich geboren wurde.",,,
691,15,"Das ist der Park, _____ die Kinder spielen.",wo/in dem,"Das ist der Park, wo die Kinder spielen.
<br>
<br>
Das ist der Park, in dem die Kinder spielen.",,,
692,15,"Die Stadt, _____ ich meinen Urlaub verbracht habe, war wunderschön.",wo/in die,"Die Stadt, wo ich meinen Urlaub verbracht habe, war wunderschön.
<br>
<br>
Die Stadt, in die ich meinen Urlaub verbracht habe, war wunderschön.",,,
693,15,"Das Café, _____ wir unseren ersten Kaffee getrunken haben, war gemütlich.",wo/in das,"Das Café, wo wir unseren ersten Kaffee getrunken haben, war gemütlich.
<br>
<br>
Das Café, in das wir unseren ersten Kaffee getrunken haben, war gemütlich.",,,
694,15,"Das Hotel, _____ wir übernachtet haben, hatte ein tolles Frühstück.",wo/in dem,"Das Hotel, wo wir übernachtet haben, hatte ein tolles Frühstück.
<br>
<br>
Das Hotel, in dem wir übernachtet haben, hatte ein tolles Frühstück.",,,
695,15,"Die Wohnung, _____ ich seit drei Jahren wohne, ist sehr ruhig.",wo/in der,"Die Wohnung, wo ich seit drei Jahren wohne, ist sehr ruhig.
<br>
<br>
Die Wohnung, in der ich seit drei Jahren wohne, ist sehr ruhig.",,,
696,15,"Die Straße, _____ Name der berühmte Schriftsteller erwähnt wird, ist in der Altstadt.",wo/in deren,"Die Straße, wo der Name des berühmten Schriftstellers erwähnt wird, ist in der Altstadt.
<br>
<br>
Die Straße, in deren Name der berühmte Schriftsteller erwähnt wird, ist in der Altstadt.",,,
697,15,"Der Raum, _____ Decke repariert werden muss, ist geschlossen.",wo/in dessen,"Der Raum, wo die Decke repariert werden muss, ist geschlossen.
<br>
<br>
Der Raum, in dessen Decke repariert werden muss, ist geschlossen.",,,
698,15,"Das ist das Dorf, _____ ich gezogen bin.",wohin/in das,"Das ist das Dorf, wohin ich gezogen bin.
<br>
<br>
Das ist das Dorf, in das ich gezogen bin.",,,
699,15,"Das ist der Park, _____ die Kinder laufen.",wohin/in den,"Das ist der Park, wohin die Kinder laufen.
<br>
<br>
Das ist der Park, in den die Kinder laufen.",,,
700,15,"Die Stadt, _____ ich meinen Freund eingeladen habe, ist wunderschön.",wohin/in die,"Die Stadt, wohin ich meinen Freund eingeladen habe, ist wunderschön.
<br>
<br>
Die Stadt, in die ich meinen Freund eingeladen habe, ist wunderschön.",,,
701,15,"Das Café, _____ wir später gehen wollen, liegt in der Altstadt.",wohin/in das,"Das Café, wohin wir später gehen wollen, liegt in der Altstadt.
<br>
<br>
Das Café, in das wir später gehen wollen, liegt in der Altstadt.",,,
702,15,"Das Hotel, _____ wir unsere Koffer gebracht haben, ist sehr luxuriös.",wohin/in das,"Das Hotel, wohin wir unsere Koffer gebracht haben, ist sehr luxuriös.
<br>
<br>
Das Hotel, in das wir unsere Koffer gebracht haben, ist sehr luxuriös.",,,
703,15,"Die Wohnung, _____ ich meine Bücher gebracht habe, ist neu renoviert.",wohin/in die,"Die Wohnung, wohin ich meine Bücher gebracht habe, ist neu renoviert.
<br>
<br>
Die Wohnung, in die ich meine Bücher gebracht habe, ist neu renoviert.",,,
704,15,"Die Straße, _____ die Besucher kommen, ist sehr belebt.",wohin/in die,"Die Straße, wohin die Besucher kommen, ist sehr belebt.
<br>
<br>
Die Straße, in die die Besucher kommen, ist sehr belebt.",,,
705,15,"Der Raum, _____ die Möbel geliefert werden, ist leer.",wohin/in den,"Der Raum, wohin die Möbel geliefert werden, ist leer.
<br>
<br>
Der Raum, in den die Möbel geliefert werden, ist leer.",,,
706,15,"Das ist das Dorf, _____ ich komme.",woher/aus dem,"Das ist das Dorf, woher ich komme.
<br>
<br>
Das ist das Dorf, aus dem ich komme.",,,
707,15,"Das ist der Park, _____ die Geräusche kommen.",woher/aus dem,"Das ist der Park, woher die Geräusche kommen.
<br>
<br>
Das ist der Park, aus dem die Geräusche kommen.",,,
708,15,"Die Stadt, _____ ich meinen Freund kenne, ist weit entfernt.",woher/aus der,"Die Stadt, woher ich meinen Freund kenne, ist weit entfernt.
<br>
<br>
Die Stadt, aus der ich meinen Freund kenne, ist weit entfernt.",,,
709,15,"Das Café, _____ wir unseren Kaffee bestellen, ist sehr beliebt.",woher/aus dem,"Das Café, woher wir unseren Kaffee bestellen, ist sehr beliebt.
<br>
<br>
Das Café, aus dem wir unseren Kaffee bestellen, ist sehr beliebt.",,,
710,15,"Das Hotel, _____ die Gäste immer zufrieden abreisen, ist sehr renommiert.",woher/aus dem,"Das Hotel, woher die Gäste immer zufrieden abreisen, ist sehr renommiert.
<br>
<br>
Das Hotel, aus dem die Gäste immer zufrieden abreisen, ist sehr renommiert.",,,
711,15,"Die Wohnung, _____ ich ausgezogen bin, war zu klein.",woher/aus der,"Die Wohnung, woher ich ausgezogen bin, war zu klein.
<br>
<br>
Die Wohnung, aus der ich ausgezogen bin, war zu klein.",,,
712,15,"Die Straße, _____ die alten Geschichten stammen, ist sehr bekannt.",woher/aus der,"Die Straße, woher die alten Geschichten stammen, ist sehr bekannt.
<br>
<br>
Die Straße, aus der die alten Geschichten stammen, ist sehr bekannt.",,,
713,15,"Der Raum, _____ die seltsamen Geräusche kommen, ist verschlossen.",woher/aus dem,"Der Raum, woher die seltsamen Geräusche kommen, ist verschlossen.
<br>
<br>
Der Raum, aus dem die seltsamen Geräusche kommen, ist verschlossen.",,,
714,15,"Paris, _____ man den Eiffelturm besichtigen kann, ist eine wunderschöne Stadt.",wo,"Paris, wo man den Eiffelturm besichtigen kann, ist eine wunderschöne Stadt.",,,
715,15,"Berlin, _____ die Geschichte der Mauer lebendig bleibt, ist die Hauptstadt Deutschlands.",wo,"Berlin, wo die Geschichte der Mauer lebendig bleibt, ist die Hauptstadt Deutschlands.",,,
716,15,"Deutschland, _____ viele Weihnachtsmärkte stattfinden, ist im Winter sehr beliebt.",wo,"Deutschland, wo viele Weihnachtsmärkte stattfinden, ist im Winter sehr beliebt.",,,
717,15,"Italien, _____ die beste Pizza gemacht wird, hat eine reiche kulinarische Tradition.",wo,"Italien, wo die beste Pizza gemacht wird, hat eine reiche kulinarische Tradition.",,,
718,15,"Frankreich, _____ viele Touristen im Sommer reisen, ist ein beliebtes Urlaubsziel.",wohin,"Frankreich, wohin viele Touristen im Sommer reisen, ist ein beliebtes Urlaubsziel.",,,
719,15,"Spanien, _____ wir diesen Winter fahren wollen, hat eine angenehme Atmosphäre.",wohin,"Spanien, wohin wir diesen Winter fahren wollen, hat eine angenehme Atmosphäre.",,,
720,15,"München, _____ viele Menschen für das Oktoberfest kommen, ist bekannt für Bier und Brezeln.",wohin,"München, wohin viele Menschen für das Oktoberfest kommen, ist bekannt für Bier und Brezeln.",,,
721,15,"Österreich, _____ wir jedes Jahr zum Skifahren fahren, bietet tolle Pisten.",wohin,"Österreich, wohin wir jedes Jahr zum Skifahren fahren, bietet tolle Pisten.",,,
722,15,"Rom, _____ viele berühmte Künstler stammen, ist ein Zentrum der Kunstgeschichte.",woher,"Rom, woher viele berühmte Künstler stammen, ist ein Zentrum der Kunstgeschichte.",,,
723,15,"Japan, _____ die besten Sushi-Rezepte kommen, ist weltweit für seine Küche bekannt.",woher,"Japan, woher die besten Sushi-Rezepte kommen, ist weltweit für seine Küche bekannt.",,,
724,15,"Wien, _____ die klassischen Walzer ihren Ursprung haben, ist die Hauptstadt der Musik.",woher,"Wien, woher die klassischen Walzer ihren Ursprung haben, ist die Hauptstadt der Musik.",,,
725,15,"Indien, _____ der beste Tee importiert wird, ist ein Land mit langer Teetradition.",woher,"Indien, woher der beste Tee importiert wird, ist ein Land mit langer Teetradition.",,,
726,16,"_____ fleißig arbeitet, wird Erfolg haben.",Wer,"Wer fleißig arbeitet, wird Erfolg haben.",,,Whoever works hard will succeed.
727,16,"_____ zu spät kommt, muss draußen bleiben.",Wer,"Wer zu spät kommt, muss draußen bleiben.",,,Whoever arrives late must stay outside.
728,16,"_____ das versteht, ist richtig gut in Mathe.",Wer,"Wer das versteht, ist richtig gut in Mathe.",,,Whoever understands that is really good at math.
729,16,"_____ Hilfe braucht, kann mit mir reden.",Wer,"Wer Hilfe braucht, kann mit mir reden.",,,Whoever needs help can talk to me.
730,16,"_____ nicht zuhört, muss die Konsequenzen tragen.",Wer,"Wer nicht zuhört, muss die Konsequenzen tragen.",,,Whoever doesn’t listen must face the consequences.
731,16,"_____ du suchst, ist gerade nicht da.",Wen,"Wen du suchst, ist gerade nicht da.",,,The person you're looking for isn't here right now.
732,16,"Niemand weiß, _____ er eingeladen hat.",wen,"Niemand weiß, wen er eingeladen hat.",,,Nobody knows whom he invited.
733,16,"_____ sie liebt, ist ein Geheimnis.",Wen,"Wen sie liebt, ist ein Geheimnis.",,,Whom she loves is a secret.
734,16,"_____ man nicht kennt, soll man nicht sofort beurteilen.",Wen,"Wen man nicht kennt, soll man nicht sofort beurteilen.",,,You shouldn't judge someone you don't know.
735,16,"_____ das interessiert, kann mehr darüber lesen.",Wen,"Wen das interessiert, kann mehr darüber lesen.",,,Whoever is interested can read more about it.
736,16,"_____ du vertraust, ist deine Entscheidung.",Wem,"Wem du vertraust, ist deine Entscheidung.",,,Whom you trust is your decision.
737,16,"_____ ich geholfen habe, war sehr dankbar.",Wem,"Wem ich geholfen habe, war sehr dankbar.",,,The person I helped was very grateful.
738,16,"_____ man zuhört, sollte gut gewählt sein.",Wem,"Wem man zuhört, sollte gut gewählt sein.",,,Whom you listen to should be carefully chosen.
739,16,"_____ das gefällt, der kann sich anmelden.",Wem,"Wem das gefällt, der kann sich anmelden.",,,Whoever likes that can sign up.
740,16,"_____ er die Nachricht geschickt hat, weiß ich nicht.",Wem,"Wem er die Nachricht geschickt hat, weiß ich nicht.",,,I don't know to whom he sent the message.
741,16,"Ich weiß nicht, _____ Auto draußen parkt.",wessen,"Ich weiß nicht, wessen Auto draußen parkt.",,,I don't know whose car is parked outside.
742,16,"_____ Idee das war, hat den Wettbewerb gewonnen.",Wessen,"Wessen Idee das war, hat den Wettbewerb gewonnen.",,,Whose idea it was won the competition.
743,16,"_____ Meinung zählt, ist noch unklar.",Wessen,"Wessen Meinung zählt, ist noch unklar.",,,Whose opinion matters is still unclear.
744,16,"_____ Hund das ist, sollte ihn besser anleinen.",Wessen,"Wessen Hund das ist, sollte ihn besser anleinen.",,,Whoever owns that dog should keep it on a leash.
745,16,"Ich habe nicht verstanden, _____ Namen sie erwähnt hat.",wessen,"Ich habe nicht verstanden, wessen Namen sie erwähnt hat.",,,I didn’t catch whose name she mentioned.
746,16,"Alles, _____ passiert, hat einen Grund.",was,"Alles, was passiert, hat einen Grund.",,,Everything that happens has a reason.
747,16,"Etwas, _____ mir auffällt, ist die Ruhe hier.",was,"Etwas, was mir auffällt, ist die Ruhe hier.",,,Something that I notice is the quiet here.
748,16,"Nichts, _____ du sagst, überzeugt mich.",was,"Nichts, was du sagst, überzeugt mich.",,,Nothing you say convinces me.
749,16,"Vieles, _____ er erzählt, klingt unglaubwürdig.",was,"Vieles, was er erzählt, klingt unglaubwürdig.",,,A lot of what he says sounds unbelievable.
750,16,"_____ zählt, ist Ehrlichkeit.",Was,"Was zählt, ist Ehrlichkeit.",,,What matters is honesty.
751,16,"Alles, _____ ich gesagt habe, war die Wahrheit.",was,"Alles, was ich gesagt habe, war die Wahrheit.",,,Everything I said was the truth.
752,16,"Nichts, _____ sie getan hat, war richtig.",was,"Nichts, was sie getan hat, war richtig.",,,Nothing she did was right.
753,16,"Etwas, _____ ich nicht verstehe, ist deine Reaktion.",was,"Etwas, was ich nicht verstehe, ist deine Reaktion.",,,Something I don't understand is your reaction.
754,16,"_____ du gehört hast, stimmt nicht.",Was,"Was du gehört hast, stimmt nicht.",,,What you heard isn't true.
755,16,"Vieles, _____ wir gesehen haben, war beeindruckend.",was,"Vieles, was wir gesehen haben, war beeindruckend.",,,Much of what we saw was impressive.
756,16,"Alles, _____ mir gefällt, ist leider teuer.",was,"Alles, was mir gefällt, ist leider teuer.",,,Everything I like is unfortunately expensive.
757,16,"Nichts, _____ ihm geholfen hat, war legal.",was,"Nichts, was ihm geholfen hat, war legal.",,,Nothing that helped him was legal.
758,16,"Ich verstehe nicht, _____ ihr wichtig ist.",was,"Ich verstehe nicht, was ihr wichtig ist.",,,I don't understand what is important to her.
759,16,"Etwas, _____ uns fehlt, ist Geduld.",was,"Etwas, was uns fehlt, ist Geduld.",,,Something we're lacking is patience.
760,16,"Vieles, _____ den Kindern Spaß macht, ist heute verboten.",was,"Vieles, was den Kindern Spaß macht, ist heute verboten.",,,Many things children enjoy are forbidden today.