Nr,exercise,question,answer,german,english,french,case_english,case_french,complement
1,1,the memory of,an,die Erinnerung,the memory of,la mémoire de,,,
2,1,the answer to,auf,die Antwort,the answer to,la réponse à,,,
3,1,the concentration on,auf,die Konzentration,the concentration on,la concentration sur,,,
4,1,the translation from,aus,die Übersetzung,the translation from,la traduction de,,,
5,1,the decision for,für,die Entscheidung,the decision for,la décision pour,,,
6,1,the decision against,gegen,die Entscheidung,the decision against,la décision contre,,,
7,1,the translation into,in,die Übersetzung,the translation into,la traduction en,,,
8,1,the discussion with,mit,die Diskussion,the discussion with,la discussion avec,,,
9,1,the game with,mit,das Spiel,the game with,le jeu avec,,,
10,1,the question about,nach,die Frage,the question about,la question à propos de,,,
11,1,the search for,nach,die Suche,the search for,la recherche de,,,
12,1,the anger about,über,der Ärger,the anger about,la colère à propos de,,,
13,1,the happiness about,über,das Glück,the happiness about,le bonheur à propos de,,,
14,1,the request for (something),um,die Bitte,the request for (something),la demande de (quelque chose),,,
15,1,the dream of,von,der Traum,the dream of,le rêve de,,,
16,1,the work as,als,die Arbeit,the work as,le travail comme,,,
17,1,the pride in,auf,der Stolz,the pride in,la fierté de,,,
18,2,Die Erinnerung _____ den Urlaub bleibt unvergesslich.,an,Die Erinnerung an den Urlaub bleibt unvergesslich.,The memory of the vacation remains unforgettable.,Le souvenir des vacances reste inoubliable.,,,Erinnerung
19,2,Seine Erinnerung _____ die Kindheit ist voller Freude.,an,Seine Erinnerung an die Kindheit ist voller Freude.,His memory of childhood is full of joy.,Son souvenir d’enfance est plein de joie.,,,Erinnerung
20,2,Die Antwort _____ seine Frage war überraschend.,auf,Die Antwort auf seine Frage war überraschend.,The answer to his question was surprising.,La réponse à sa question était surprenante.,,,Antwort
21,2,Ihre Antwort _____ die Kritik war sehr professionell.,auf,Ihre Antwort auf die Kritik war sehr professionell.,Her response to the criticism was very professional.,Sa réponse aux critiques a été très professionnelle.,,,Antwort
22,2,Die Konzentration _____ die Aufgabe ist entscheidend.,auf,Die Konzentration auf die Aufgabe ist entscheidend.,Concentration on the task is crucial.,La concentration sur la tâche est cruciale.,,,Konzentration
23,2,Ihre Konzentration _____ die Prüfungsvorbereitung war beeindruckend.,auf,Ihre Konzentration auf die Prüfungsvorbereitung war beeindruckend.,Her focus on exam preparation was impressive.,Sa concentration sur la préparation aux examens était impressionnante.,,,Konzentration
24,2,Die Übersetzung _____ dem Englischen war sehr präzise.,aus,Die Übersetzung aus dem Englischen war sehr präzise.,The translation from English was very precise.,La traduction de l'anglais était très précise.,,,Übersetzung
25,2,Seine Übersetzung _____ dem Spanischen wurde gelobt.,aus,Seine Übersetzung aus dem Spanischen wurde gelobt.,His translation from Spanish was praised.,Sa traduction de l’espagnol a été saluée.,,,Übersetzung
26,2,Die Entscheidung _____ den Umzug fiel schwer.,für,Die Entscheidung für den Umzug fiel schwer.,The decision to move was difficult.,La décision de déménager a été difficile.,,,Entscheidung
27,2,Ihre Entscheidung _____ das Studium wurde gut überlegt.,für,Ihre Entscheidung für das Studium wurde gut überlegt.,Her decision to study was well-considered.,Sa décision d’étudier était bien réfléchie.,,,Entscheidung
28,2,Die Entscheidung _____ den Vorschlag fiel einstimmig aus.,gegen,Die Entscheidung gegen den Vorschlag fiel einstimmig aus.,The decision against the proposal was unanimous.,La décision contre la proposition a été unanime.,,,Entscheidung
29,2,Seine Entscheidung _____ das Angebot überraschte alle.,gegen,Seine Entscheidung gegen das Angebot überraschte alle.,His decision against the offer surprised everyone.,Sa décision contre l’offre a surpris tout le monde.,,,Entscheidung
30,2,Die Übersetzung _____ mehrere Sprachen ist geplant.,in,Die Übersetzung in mehrere Sprachen ist geplant.,The translation into several languages is planned.,La traduction en plusieurs langues est prévue.,,,Übersetzung
31,2,Seine Übersetzung _____ Deutsche war sehr präzise.,ins,Seine Übersetzung ins Deutsche war sehr präzise.,His translation into German was very precise.,Sa traduction en allemand était très précise.,,,Übersetzung
32,2,Die Diskussion _____ den Kollegen führte zu neuen Ideen.,mit,Die Diskussion mit den Kollegen führte zu neuen Ideen.,The discussion with the colleagues led to new ideas.,La discussion avec les collègues a conduit à de nouvelles idées.,,,Diskussion
33,2,Seine Diskussion _____ dem Chef war produktiv.,mit,Seine Diskussion mit dem Chef war produktiv.,His discussion with the boss was productive.,Sa discussion avec le patron a été productive.,,,Diskussion
34,2,Das Spiel _____ der neuen Strategie war erfolgreich.,mit,Das Spiel mit der neuen Strategie war erfolgreich.,The game with the new strategy was successful.,Le jeu avec la nouvelle stratégie a été un succès.,,,Spiel
35,2,Ihr Spiel _____ dem Ball faszinierte die Zuschauer.,mit,Ihr Spiel mit dem Ball faszinierte die Zuschauer.,Her game with the ball fascinated the spectators.,Son jeu avec le ballon a fasciné les spectateurs.,,,Spiel
36,2,Die Frage _____ der Zukunft des Projekts bleibt offen.,nach,Die Frage nach der Zukunft des Projekts bleibt offen.,The question about the project's future remains open.,La question de l’avenir du projet reste ouverte.,,,Frage
37,2,Seine Frage _____ den Details wurde klar beantwortet.,nach,Seine Frage nach den Details wurde klar beantwortet.,His question about the details was answered clearly.,Sa question sur les détails a reçu une réponse claire.,,,Frage
38,2,Die Suche _____ einem passenden Kandidaten dauert an.,nach,Die Suche nach einem passenden Kandidaten dauert an.,The search for a suitable candidate continues.,La recherche d’un candidat approprié se poursuit.,,,Suche
39,2,Ihre Suche _____ einer neuen Wohnung war erfolgreich.,nach,Ihre Suche nach einer neuen Wohnung war erfolgreich.,Her search for a new apartment was successful.,Sa recherche d’un nouvel appartement a été fructueuse.,,,Suche
40,2,Der Ärger _____ die neue Regelung wächst täglich.,über,Der Ärger über die neue Regelung wächst täglich.,The anger about the new regulation grows daily.,La colère à l’égard de la nouvelle réglementation grandit de jour en jour.,,,Ärger
41,2,Ihr Ärger _____ die Verzögerungen war deutlich zu spüren.,über,Ihr Ärger über die Verzögerungen war deutlich zu spüren.,Her anger about the delays was clearly noticeable.,Sa colère face aux retards était clairement perceptible.,,,Ärger
42,2,Ihr Glück _____ die gute Nachricht war ansteckend.,über,Ihr Glück über die gute Nachricht war ansteckend.,Her happiness about the good news was contagious.,Sa joie face à la bonne nouvelle était contagieuse.,,,Glück
43,2,Das Glück _____ den gelungenen Abschluss konnte er nicht verbergen.,über,Das Glück über den gelungenen Abschluss konnte er nicht verbergen.,He could not hide his happiness about the successful conclusion.,Il ne pouvait cacher sa joie quant à la conclusion heureuse de l'affaire.,,,Glück
44,2,Ihre Bitte _____ Hilfe wurde sofort erhört.,um,Ihre Bitte um Hilfe wurde sofort erhört.,Her request for help was immediately granted.,Sa demande d’aide a été immédiatement acceptée.,,,Bitte
45,2,Er richtete eine Bitte _____ Geduld ans Publikum.,um,Er richtete eine Bitte um Geduld ans Publikum.,He addressed a request for patience to the audience.,Il a adressé une demande de patience au public.,,,Bitte
46,2,Der Traum _____ einer besseren Welt verbindet uns alle.,von,Der Traum von einer besseren Welt verbindet uns alle.,The dream of a better world connects us all.,Le rêve d’un monde meilleur nous relie tous.,,,Traum
47,2,Ihr Traum _____ einem eigenen Haus wurde wahr.,von,Ihr Traum von einem eigenen Haus wurde wahr.,Her dream of owning a house came true.,Son rêve de posséder une maison est devenu réalité.,,,Traum
48,2,Die Arbeit _____ Lehrer ist erfüllend.,als,Die Arbeit als Lehrer ist erfüllend.,The work as a teacher is fulfilling.,Le travail d’enseignant est épanouissant.,,,Arbeit
49,2,Seine Arbeit _____ Ingenieur ist sehr anspruchsvoll.,als,Seine Arbeit als Ingenieur ist sehr anspruchsvoll.,His work as an engineer is very demanding.,Son travail d’ingénieur est très exigeant.,,,Arbeit
50,2,Der Stolz _____ ihre Leistungen war deutlich sichtbar.,auf,Der Stolz auf ihre Leistungen war deutlich sichtbar.,The pride in her achievements was clearly visible.,La fierté de ses réalisations était clairement visible.,,,Stolz
51,2,Er zeigte Stolz _____ sein Team nach dem Sieg.,auf,Er zeigte Stolz auf sein Team nach dem Sieg.,He showed pride in his team after the victory.,Il a montré sa fierté envers son équipe après la victoire.,,,Stolz
52,3,the fear of,vor,die Angst,the fear of,la peur de,,,
53,3,the invitation to,zu,die Einladung,the invitation to,l'invitation à,,,
54,3,the belief in,an,der Glaube,the belief in,la croyance en,,,
55,3,the hope for,auf,die Hoffnung,the hope for,l'espoir pour,,,
56,3,the apology for,für,die Entschuldigung,the apology for,les excuses pour,,,
57,3,"the concern for, the care for",für,die Sorge,"the concern for, the care for","le souci de, le soin de",,,
58,3,the protest against,gegen,der Protest,the protest against,la protestation contre,,,
59,3,the conversation with,mit,das Gespräch,the conversation with,la conversation avec,,,
60,3,the beginning with,mit,der Anfang,the beginning with,le début avec,,,
61,3,the start with,mit,der Beginn,the start with,le début avec,,,
62,3,the smell of,nach,der Geruch,the smell of,l'odeur de,,,
63,3,the discussion about,über,die Diskussion,the discussion about,la discussion sur,,,
64,3,the conversation about,über,das Gespräch,the conversation about,la conversation sur,,,
65,3,"the concern for, the worry about",um,die Sorge,"the concern for, the worry about","le souci de, l'inquiétude à propos de",,,
66,3,the expectation of,von,die Erwartung,the expectation of,l'attente de,,,
67,4,Die Angst _____ Veränderung hielt ihn zurück.,vor,Die Angst vor Veränderung hielt ihn zurück.,The fear of change held him back.,La peur du changement le retenait.,,,Angst
68,4,Ihre Angst _____ dem Scheitern war unbegründet.,vor,Ihre Angst vor dem Scheitern war unbegründet.,Her fear of failure was unfounded.,Sa peur de l’échec était infondée.,,,Angst
69,4,Ihre Einladung _____ Event überraschte alle.,zum,Ihre Einladung zum Event überraschte alle.,Her invitation to the event surprised everyone.,Son invitation à l’événement a surpris tout le monde.,,,Einladung
70,4,Die Einladung _____ Feier wurde freudig angenommen.,zur,Die Einladung zur Feier wurde freudig angenommen.,The invitation to the party was happily accepted.,L'invitation à la fête a été acceptée avec joie.,,,Einladung
71,4,Der Glaube _____ seine Fähigkeiten gab ihm Kraft.,an,Der Glaube an seine Fähigkeiten gab ihm Kraft.,The belief in his abilities gave him strength.,La croyance en ses capacités lui donnait de la force.,,,Glaube
72,4,Ihr Glaube _____ Gute in Menschen ist beeindruckend.,ans,Ihr Glaube ans Gute in Menschen ist beeindruckend.,Her belief in the good in people is impressive.,Sa croyance dans le bien chez les gens est impressionnante.,,,Glaube
73,4,Die Hoffnung _____ eine bessere Zukunft bleibt bestehen.,auf,Die Hoffnung auf eine bessere Zukunft bleibt bestehen.,The hope for a better future remains.,L’espoir d’un avenir meilleur demeure.,,,Hoffnung
74,4,Sie setzt ihre Hoffnung _____ die nächste Generation.,auf,Sie setzt ihre Hoffnung auf die nächste Generation.,She places her hope in the next generation.,Elle place son espoir dans la prochaine génération.,,,Hoffnung
75,4,Die Entschuldigung _____ das Missverständnis wurde akzeptiert.,für,Die Entschuldigung für das Missverständnis wurde akzeptiert.,The apology for the misunderstanding was accepted.,Les excuses pour le malentendu ont été acceptées.,,,Entschuldigung
76,4,Seine Entschuldigung _____ den Fehler war aufrichtig.,für,Seine Entschuldigung für den Fehler war aufrichtig.,His apology for the mistake was sincere.,Ses excuses pour l’erreur étaient sincères.,,,Entschuldigung
77,4,Die Sorge _____ ihre Kinder steht bei ihr an erster Stelle.,für,Die Sorge für ihre Kinder steht bei ihr an erster Stelle.,Caring for her children is her top priority.,Prendre soin de ses enfants est sa priorité absolue.,,,Sorge
78,4,Seine Sorge _____ die Umwelt motiviert ihn zu handeln.,für,Seine Sorge für die Umwelt motiviert ihn zu handeln.,His concern for the environment motivates him to act.,Son souci de l’environnement le motive à agir.,,,Sorge
79,4,Der Protest _____ die neuen Gesetze war laut.,gegen,Der Protest gegen die neuen Gesetze war laut.,The protest against the new laws was loud.,La protestation contre les nouvelles lois a été forte.,,,Protest
80,4,Ihr Protest _____ die Änderungen fand große Unterstützung.,gegen,Ihr Protest gegen die Änderungen fand große Unterstützung.,Their protest against the changes found great support.,Leur protestation contre les changements a trouvé un grand soutien.,,,Protest
81,4,Das Gespräch _____ dem Lehrer verlief positiv.,mit,Das Gespräch mit dem Lehrer verlief positiv.,The conversation with the teacher went positively.,La conversation avec le professeur s'est déroulée positivement.,,,Gespräch
82,4,Ihr Gespräch _____ der Nachbarin dauerte lange.,mit,Ihr Gespräch mit der Nachbarin dauerte lange.,Her conversation with the neighbor lasted a long time.,Sa conversation avec le voisin a duré longtemps.,,,Gespräch
83,4,Der Anfang _____ dem neuen Projekt war herausfordernd.,mit,Der Anfang mit dem neuen Projekt war herausfordernd.,The beginning with the new project was challenging.,Le début du nouveau projet a été un défi.,,,Anfang
84,4,Ihr Anfang _____ dem Sport war sehr erfolgreich.,mit,Ihr Anfang mit dem Sport war sehr erfolgreich.,Her start with the sport was very successful.,Ses débuts dans le sport ont été très réussis.,,,Anfang
85,4,Der Beginn _____ der neuen Software verlief reibungslos.,mit,Der Beginn mit der neuen Software verlief reibungslos.,The start with the new software went smoothly.,Le démarrage avec le nouveau logiciel s'est déroulé sans problème.,,,Beginn
86,4,Sein Beginn _____ dem Training war motivierend.,mit,Sein Beginn mit dem Training war motivierend.,His start with the training was motivating.,Son début de formation a été motivant.,,,Beginn
87,4,Der Geruch _____ Kaffee machte ihn wach.,nach,Der Geruch nach Kaffee machte ihn wach.,The smell of coffee woke him up.,L'odeur du café le réveilla.,,,Geruch
88,4,Der Geruch _____ frischer Farbe war stark.,nach,Der Geruch nach frischer Farbe war stark.,The smell of fresh paint was strong.,L'odeur de peinture fraîche était forte.,,,Geruch
89,4,Die Diskussion _____ die Reformen war konstruktiv.,über,Die Diskussion über die Reformen war konstruktiv.,The discussion about the reforms was constructive.,La discussion sur les réformes a été constructive.,,,Diskussion
90,4,Ihre Diskussion _____ das Projekt führte zu neuen Ideen.,über,Ihre Diskussion über das Projekt führte zu neuen Ideen.,Their discussion about the project led to new ideas.,Leur discussion sur le projet a donné naissance à de nouvelles idées.,,,Diskussion
91,4,Das Gespräch _____ die neuen Regeln verlief positiv.,über,Das Gespräch über die neuen Regeln verlief positiv.,The conversation about the new rules went positively.,La discussion sur les nouvelles règles s’est déroulée de manière positive.,,,Gespräch
92,4,Ihr Gespräch _____ die Finanzen dauerte länger als erwartet.,über,Ihr Gespräch über die Finanzen dauerte länger als erwartet.,Their conversation about finances lasted longer than expected.,Leur conversation sur les finances a duré plus longtemps que prévu.,,,Gespräch
93,4,Die Sorge _____ den Erfolg des Projekts ist verständlich.,um,Die Sorge um den Erfolg des Projekts ist verständlich.,The concern for the project's success is understandable.,L’inquiétude quant à la réussite du projet est compréhensible.,,,Sorge
94,4,Seine Sorge _____ die Zukunft des Unternehmens ist groß.,um,Seine Sorge um die Zukunft des Unternehmens ist groß.,His concern for the company's future is significant.,Son inquiétude pour l’avenir de l’entreprise est importante.,,,Sorge
95,4,Die Erwartung _____ hohen Ergebnissen setzte alle unter Druck.,von,Die Erwartung von hohen Ergebnissen setzte alle unter Druck.,The expectation of high results put everyone under pressure.,L’attente de résultats élevés met tout le monde sous pression.,,,Erwartung
96,4,Ihre Erwartung _____ einer schnellen Antwort wurde erfüllt.,von,Ihre Erwartung von einer schnellen Antwort wurde erfüllt.,Her expectation of a quick response was met.,Son attente d’une réponse rapide a été satisfaite.,,,Erwartung
97,5,the thought of,an,der Gedanke,the thought of,la pensée de,,,
98,5,the change to,an,die Änderung,the change to,le changement de,,,
99,5,the application to,auf,die Bewerbung,the application to,l'application à,,,
100,5,the reaction to,auf,die Reaktion,the reaction to,la réaction à,,,
101,5,the call to,bei,der Anruf,the call to,l'appel à,,,
102,5,the work at,bei,die Arbeit,the work at,le travail à,,,
103,5,the thanks for,für,der Dank,the thanks for,les remerciements pour,,,
104,5,the fight against,gegen,der Kampf,the fight against,la lutte contre,,,
105,5,the debate with,mit,die Debatte,the debate with,le débat avec,,,
106,5,the friendship with,mit,die Freundschaft,the friendship with,l'amitié avec,,,
107,5,the scent of,nach,der Duft,the scent of,l'odeur de,,,
108,5,the joy about,über,die Freude,the joy about,la joie de,,,
109,5,the argument about,über,der Streit,the argument about,l'argument à propos de,,,
110,5,the grief about,über,die Trauer,the grief about,le chagrin à propos de,,,
111,5,the fear for,um,die Angst,the fear for,la peur pour,,,
112,5,the effort for,um,das Bemühen,the effort for,l'effort pour,,,
113,5,the conviction of,von,die Überzeugung,the conviction of,la condamnation de,,,
114,5,the congratulations on,zu,die Gratulation,the congratulations on,les félicitations pour,,,
115,5,the ability to,zu,die Fähigkeit,the ability to,la capacité de,,,
116,5,the fear of,vor,die Furcht,the fear of,la peur de,,,
117,6,Der Gedanke _____ die Prüfung macht ihn nervös.,an,Der Gedanke an die Prüfung macht ihn nervös.,The thought of the exam makes him nervous.,La pensée de l’examen le rend nerveux.,,,Gedanke
118,6,Ihr Gedanke _____ die gemeinsame Zeit machte sie glücklich.,an,Ihr Gedanke an die gemeinsame Zeit machte sie glücklich.,Her thought of the time together made her happy.,La pensée du temps passé ensemble la rendait heureuse.,,,Gedanke
119,6,Die Änderung _____ den Vorschlägen wurde akzeptiert.,an,Die Änderung an den Vorschlägen wurde akzeptiert.,The change to the proposals was accepted.,La modification des propositions a été acceptée.,,,Änderung
120,6,Die Änderung _____ der Software hat das Problem gelöst.,an,Die Änderung an der Software hat das Problem gelöst.,The change to the software solved the problem.,Le changement de logiciel a résolu le problème.,,,Änderung
121,6,Die Bewerbung _____ diese Stelle war ein Erfolg.,auf,Die Bewerbung auf diese Stelle war ein Erfolg.,The application for this position was a success.,La candidature pour ce poste a été un succès.,,,Bewerbung
122,6,Seine Bewerbung _____ das Praktikum wurde akzeptiert.,auf,Seine Bewerbung auf das Praktikum wurde akzeptiert.,His application for the internship was accepted.,Sa candidature pour le stage a été acceptée.,,,Bewerbung
123,6,Die Reaktion _____ die neuen Regeln war positiv.,auf,Die Reaktion auf die neuen Regeln war positiv.,The reaction to the new rules was positive.,La réaction aux nouvelles règles a été positive.,,,Reaktion
124,6,Seine Reaktion _____ den Vorschlag war unerwartet.,auf,Seine Reaktion auf den Vorschlag war unerwartet.,His reaction to the proposal was unexpected.,Sa réaction à la proposition était inattendue.,,,Reaktion
125,6,Der Anruf _____ der Hotline brachte schnelle Hilfe.,bei,Der Anruf bei der Hotline brachte schnelle Hilfe.,The call to the hotline brought quick help.,L'appel à la hotline a apporté une aide rapide.,,,Anruf
126,6,Sein Anruf _____ der Firma wurde freundlich beantwortet.,bei,Sein Anruf bei der Firma wurde freundlich beantwortet.,His call to the company was answered kindly.,Son appel à l'entreprise a reçu une réponse aimable.,,,Anruf
127,6,Die Arbeit _____ diesem Unternehmen ist sehr anspruchsvoll.,bei,Die Arbeit bei diesem Unternehmen ist sehr anspruchsvoll.,The work at this company is very demanding.,Le travail dans cette entreprise est très exigeant.,,,Arbeit
128,6,Seine Arbeit _____ der Bank dauert schon zehn Jahre.,bei,Seine Arbeit bei der Bank dauert schon zehn Jahre.,His work at the bank has already lasted ten years.,Son travail à la banque dure déjà depuis dix ans.,,,Arbeit
129,6,Der Dank _____ ihre Hilfe war ehrlich und herzlich.,für,Der Dank für ihre Hilfe war ehrlich und herzlich.,The gratitude for her help was sincere and heartfelt.,La gratitude pour son aide était sincère et chaleureuse.,,,Dank
130,6,Sein Dank _____ die Unterstützung wurde mit einem Geschenk ausgedrückt.,für,Sein Dank für die Unterstützung wurde mit einem Geschenk ausgedrückt.,His gratitude for the support was expressed with a gift.,Sa gratitude pour le soutien s’est exprimée par un cadeau.,,,Dank
131,6,Der Kampf _____ Diskriminierung dauert an.,gegen,Der Kampf gegen Diskriminierung dauert an.,The fight against discrimination continues.,La lutte contre les discriminations continue.,,,Kampf
132,6,Ihr Kampf _____ die Ungerechtigkeit inspirierte viele.,gegen,Ihr Kampf gegen die Ungerechtigkeit inspirierte viele.,Her fight against injustice inspired many.,Son combat contre l’injustice a inspiré de nombreuses personnes.,,,Kampf
133,6,Die Debatte _____ dem Experten war aufschlussreich.,mit,Die Debatte mit dem Experten war aufschlussreich.,The debate with the expert was insightful.,Le débat avec l’expert a été enrichissant.,,,Debatte
134,6,Ihre Debatte _____ dem Politiker war spannend.,mit,Ihre Debatte mit dem Politiker war spannend.,Her debate with the politician was exciting.,Son débat avec l’homme politique était passionnant.,,,Debatte
135,6,Die Freundschaft _____ ihr war ihm sehr wichtig.,mit,Die Freundschaft mit ihr war ihm sehr wichtig.,The friendship with her was very important to him.,L’amitié avec elle était très importante pour lui.,,,Freundschaft
136,6,Seine Freundschaft _____ dem Nachbarn wurde immer enger.,mit,Seine Freundschaft mit dem Nachbarn wurde immer enger.,His friendship with the neighbor grew closer.,Son amitié avec le voisin s'est resserrée.,,,Freundschaft
137,6,Der Duft _____ frischem Brot erfüllte den Raum.,nach,Der Duft nach frischem Brot erfüllte den Raum.,The scent of fresh bread filled the room.,L’odeur du pain frais emplissait la pièce.,,,Duft
138,6,Der Duft _____ Blumen erinnerte sie an den Frühling.,nach,Der Duft nach Blumen erinnerte sie an den Frühling.,The scent of flowers reminded her of spring.,Le parfum des fleurs lui rappelait le printemps.,,,Duft
139,6,Die Freude _____ den Gewinn war riesig.,über,Die Freude über den Gewinn war riesig.,The joy about the win was enormous.,La joie de la victoire était énorme.,,,Freude
140,6,Seine Freude _____ die Überraschung war nicht zu übersehen.,über,Seine Freude über die Überraschung war nicht zu übersehen.,His joy about the surprise was unmistakable.,Sa joie face à la surprise était indéniable.,,,Freude
141,6,Der Streit _____ das Budget dauerte Stunden.,über,Der Streit über das Budget dauerte Stunden.,The argument about the budget lasted for hours.,La discussion sur le budget a duré des heures.,,,Streit
142,6,Ihr Streit _____ die Zukunftspläne endete ohne Ergebnis.,über,Ihr Streit über die Zukunftspläne endete ohne Ergebnis.,Their argument about future plans ended without a result.,Leur dispute sur les projets futurs s'est terminée sans résultat.,,,Streit
143,6,Die Trauer _____ den Verlust war überall spürbar.,über,Die Trauer über den Verlust war überall spürbar.,The grief over the loss was palpable everywhere.,La douleur de cette perte était palpable partout.,,,Trauer
144,6,Seine Trauer _____ den Tod seines Freundes war tief.,über,Seine Trauer über den Tod seines Freundes war tief.,His grief over the death of his friend was profound.,Son chagrin suite à la mort de son ami était profond.,,,Trauer
145,6,Die Angst _____ die Sicherheit der Kinder war groß.,um,Die Angst um die Sicherheit der Kinder war groß.,The fear for the safety of the children was significant.,La crainte pour la sécurité des enfants était importante.,,,Angst
146,6,Ihre Angst _____ die Gesundheit ihrer Familie ließ sie nicht los.,um,Ihre Angst um die Gesundheit ihrer Familie ließ sie nicht los.,Her fear for her family's health didn't leave her.,Sa peur pour la santé de sa famille ne la quittait pas.,,,Angst
147,6,Das Bemühen _____ eine Lösung war spürbar.,um,Das Bemühen um eine Lösung war spürbar.,The effort to find a solution was noticeable.,L’effort pour trouver une solution était perceptible.,,,Bemühen
148,6,Ihr Bemühen _____ Gerechtigkeit beeindruckte viele.,um,Ihr Bemühen um Gerechtigkeit beeindruckte viele.,Her effort for justice impressed many.,Son effort pour la justice a impressionné plus d’un.,,,Bemühen
149,6,Die Überzeugung _____ der Notwendigkeit der Reform war stark.,von,Die Überzeugung von der Notwendigkeit der Reform war stark.,The conviction of the need for reform was strong.,La conviction de la nécessité d’une réforme était forte.,,,Überzeugung
150,6,Seine Überzeugung _____ ihrer Ehrlichkeit blieb unerschütterlich.,von,Seine Überzeugung von ihrer Ehrlichkeit blieb unerschütterlich.,His conviction of her honesty remained unwavering.,Sa conviction de son honnêteté restait inébranlable.,,,Überzeugung
151,6,Die Gratulation _____ seinem Sieg war ehrlich gemeint.,zu,Die Gratulation zu seinem Sieg war ehrlich gemeint.,The congratulations on his victory were sincere.,Les félicitations pour sa victoire étaient sincères.,,,Gratulation
152,6,Ihre Gratulation _____ seiner Beförderung war herzlich.,zu,Ihre Gratulation zu seiner Beförderung war herzlich.,Her congratulations on his promotion were heartfelt.,Ses félicitations pour sa promotion étaient sincères.,,,Gratulation
153,6,Die Fähigkeit _____ schneller Analyse ist ein Vorteil.,zu,Die Fähigkeit zu schneller Analyse ist ein Vorteil.,The ability for quick analysis is an advantage.,La capacité d’analyse rapide est un avantage.,,,Fähigkeit
154,6,Ihre Fähigkeit _____ kreativen Lösungen beeindruckte viele.,zu,Ihre Fähigkeit zu kreativen Lösungen beeindruckte viele.,Her ability for creative solutions impressed many.,Sa capacité à trouver des solutions créatives a impressionné plus d’un.,,,Fähigkeit
155,6,Die Furcht _____ der Prüfung ließ ihn nicht schlafen.,vor,Die Furcht vor der Prüfung ließ ihn nicht schlafen.,The fear of the exam kept him awake.,La peur de l’examen le tenait éveillé.,,,Furcht
156,6,Seine Furcht _____ Ablehnung war sichtbar.,vor,Seine Furcht vor Ablehnung war sichtbar.,His fear of rejection was visible.,Sa peur du rejet était visible.,,,Furcht
157,7,the description as,als,die Beschreibung,the description as,la description comme,,,
158,7,the guilt for,an,die Schuld,the guilt for,la culpabilité pour,,,
159,7,the participation in,an,die Teilnahme,the participation in,la participation à,,,
160,7,the trust in,auf,das Vertrauen,the trust in,la confiance en,,,
161,7,the effect on,auf,die Wirkung,the effect on,l'effet sur,,,
162,7,the complaint to,bei,die Beschwerde,the complaint to,la plainte à,,,
163,7,the application to,bei,die Bewerbung,the application to,l'application à,,,
164,7,the fight for,für,der Kampf,the fight for,la lutte pour,,,
165,7,the vote for,für,die Stimme,the vote for,le vote pour,,,
166,7,the demonstration against,gegen,die Demonstration,the demonstration against,la manifestation contre,,,
167,7,the fight with,mit,der Kampf,the fight with,le combat avec,,,
168,7,the taste of,nach,der Geschmack,the taste of,le goût de,,,
169,7,the rage about,über,die Wut,the rage about,la rage à propos de,,,
170,7,the report about,über,der Bericht,the report about,le rapport sur,,,
171,7,the complaint about,über,die Beschwerde,the complaint about,la plainte concernant,,,
172,7,the application for,um,die Bewerbung,the application for,la demande de,,,
173,7,the fight for,um,der Kampf,the fight for,la lutte pour,,,
174,7,the election to,zu,die Wahl,the election to,l'élection à,,,
175,7,the contribution to,zu,der Beitrag,the contribution to,la contribution à,,,
176,7,the preparation for,auf,die Vorbereitung,the preparation for,la préparation pour,,,
177,8,Die Beschreibung _____ ein talentierter Künstler passt zu ihm.,als,Die Beschreibung als ein talentierter Künstler passt zu ihm.,The description as a talented artist suits him.,La description d’artiste talentueux lui convient.,,,Beschreibung
178,8,Ihre Beschreibung _____ eine zuverlässige Person überzeugt alle.,als,Ihre Beschreibung als eine zuverlässige Person überzeugt alle.,Her description as a reliable person convinces everyone.,Sa description de personne fiable convainc tout le monde.,,,Beschreibung
179,8,Die Schuld _____ Fehler wurde auf ihn geschoben.,am,Die Schuld am Fehler wurde auf ihn geschoben.,The blame for the mistake was put on him.,La responsabilité de l’erreur lui a été imputée.,,,Schuld
180,8,Er übernahm die Schuld _____ Missverständnis.,am,Er übernahm die Schuld am Missverständnis.,He took the blame for the misunderstanding.,Il a pris la responsabilité du malentendu.,,,Schuld
181,8,Seine Teilnahme _____ Wettbewerb brachte ihm Anerkennung.,am,Seine Teilnahme am Wettbewerb brachte ihm Anerkennung.,His participation in the competition brought him recognition.,Sa participation au concours lui a valu une reconnaissance.,,,Teilnahme
182,8,Die Teilnahme _____ der Konferenz war sehr lehrreich.,an,Die Teilnahme an der Konferenz war sehr lehrreich.,The participation in the conference was very educational.,La participation à la conférence a été très instructive.,,,Teilnahme
183,8,Das Vertrauen _____ seine Erfahrung ist groß.,auf,Das Vertrauen auf seine Erfahrung ist groß.,The trust in his experience is strong.,La confiance en son expérience est forte.,,,Vertrauen
184,8,Ihr Vertrauen _____ das Team motiviert alle.,auf,Ihr Vertrauen auf das Team motiviert alle.,Her trust in the team motivates everyone.,Sa confiance dans l’équipe motive tout le monde.,,,Vertrauen
185,8,Die Wirkung _____ die Zuschauer war enorm.,auf,Die Wirkung auf die Zuschauer war enorm.,The effect on the audience was enormous.,L’effet sur le public a été énorme.,,,Wirkung
186,8,Die Medikamente haben eine schnelle Wirkung _____ die Schmerzen.,auf,Die Medikamente haben eine schnelle Wirkung auf die Schmerzen.,The medication has a quick effect on the pain.,Le médicament a un effet rapide sur la douleur.,,,Wirkung
187,8,Die Beschwerde _____ der Verwaltung wurde ignoriert.,bei,Die Beschwerde bei der Verwaltung wurde ignoriert.,The complaint to the administration was ignored.,La plainte adressée à l’administration a été ignorée.,,,Beschwerde
188,8,Seine Beschwerde _____ der Leitung führte zu einer Lösung.,bei,Seine Beschwerde bei der Leitung führte zu einer Lösung.,His complaint to the management led to a solution.,Sa plainte auprès de la direction a permis de trouver une solution.,,,Beschwerde
189,8,Die Bewerbung _____ der Universität war erfolgreich.,bei,Die Bewerbung bei der Universität war erfolgreich.,The application to the university was successful.,La candidature à l'université a été acceptée.,,,Bewerbung
190,8,Seine Bewerbung _____ der Firma wurde angenommen.,bei,Seine Bewerbung bei der Firma wurde angenommen.,His application to the company was accepted.,Sa candidature à l'entreprise a été acceptée.,,,Bewerbung
191,8,Der Kampf _____ soziale Gerechtigkeit ist noch nicht beendet.,für,Der Kampf für soziale Gerechtigkeit ist noch nicht beendet.,The fight for social justice is not yet over.,La lutte pour la justice sociale n’est pas encore terminée.,,,Kampf
192,8,Ihr Kampf _____ bessere Arbeitsbedingungen hat sich gelohnt.,für,Ihr Kampf für bessere Arbeitsbedingungen hat sich gelohnt.,Her fight for better working conditions paid off.,Son combat pour de meilleures conditions de travail a porté ses fruits.,,,Kampf
193,8,Ihre Stimme _____ den Kandidaten machte den Unterschied.,für,Ihre Stimme für den Kandidaten machte den Unterschied.,Her vote for the candidate made the difference.,Son vote pour le candidat a fait la différence.,,,Stimme
194,8,Die Stimme _____ die Reform wurde einstimmig abgegeben.,für,Die Stimme für die Reform wurde einstimmig abgegeben.,The vote for the reform was unanimous.,Le vote en faveur de la réforme a été unanime.,,,Stimme
195,8,Die Demonstration _____ den Krieg zog viele Menschen an.,gegen,Die Demonstration gegen den Krieg zog viele Menschen an.,The demonstration against the war attracted many people.,La manifestation contre la guerre a attiré de nombreuses personnes.,,,Demonstration
196,8,Ihre Demonstration _____ die Umweltzerstörung war friedlich.,gegen,Ihre Demonstration gegen die Umweltzerstörung war friedlich.,Their demonstration against environmental destruction was peaceful.,Leur manifestation contre la destruction de l’environnement était pacifique.,,,Demonstration
197,8,Der Kampf _____ den Umständen war schwierig.,mit,Der Kampf mit den Umständen war schwierig.,The fight with the circumstances was difficult.,La lutte contre les circonstances était difficile.,,,Kampf
198,8,Ihr Kampf _____ der Krankheit dauerte Jahre.,mit,Ihr Kampf mit der Krankheit dauerte Jahre.,Her fight with the illness lasted for years.,Son combat contre la maladie a duré des années.,,,Kampf
199,8,Der Geschmack _____ Zimt war angenehm.,nach,Der Geschmack nach Zimt war angenehm.,The taste of cinnamon was pleasant.,Le goût de la cannelle était agréable.,,,Geschmack
200,8,Der Geschmack _____ frischen Kräutern passte perfekt zum Gericht.,nach,Der Geschmack nach frischen Kräutern passte perfekt zum Gericht.,The taste of fresh herbs was perfect for the dish.,Le goût des herbes fraîches était parfait pour le plat.,,,Geschmack
201,8,Die Wut _____ die ungerechte Behandlung war groß.,über,Die Wut über die ungerechte Behandlung war groß.,The anger about the unfair treatment was significant.,La colère suscitée par ce traitement injuste était considérable.,,,Wut
202,8,Ihre Wut _____ den Fehler wurde immer lauter.,über,Ihre Wut über den Fehler wurde immer lauter.,Her anger about the mistake grew louder and louder.,Sa colère à propos de l’erreur devint de plus en plus forte.,,,Wut
203,8,Der Bericht _____ die aktuellen Ereignisse war sehr informativ.,über,Der Bericht über die aktuellen Ereignisse war sehr informativ.,The report about the current events was very informative.,Le rapport sur les événements actuels était très instructif.,,,Bericht
204,8,Ihr Bericht _____ die Reise nach Afrika faszinierte alle.,über,Ihr Bericht über die Reise nach Afrika faszinierte alle.,Her report about the trip to Africa fascinated everyone.,Son récit du voyage en Afrique a fasciné tout le monde.,,,Bericht
205,8,Die Beschwerde _____ den Service wurde schnell bearbeitet.,über,Die Beschwerde über den Service wurde schnell bearbeitet.,The complaint about the service was processed quickly.,La réclamation concernant le service a été traitée rapidement.,,,Beschwerde
206,8,Seine Beschwerde _____ die laute Musik wurde ignoriert.,über,Seine Beschwerde über die laute Musik wurde ignoriert.,His complaint about the loud music was ignored.,Sa plainte concernant la musique forte a été ignorée.,,,Beschwerde
207,8,Seine Bewerbung _____ die Stelle wurde akzeptiert.,um,Seine Bewerbung um die Stelle wurde akzeptiert.,His application for the position was accepted.,Sa candidature pour le poste a été acceptée.,,,Bewerbung
208,8,Die Bewerbung _____ ein Stipendium ist eingereicht.,um,Die Bewerbung um ein Stipendium ist eingereicht.,The application for a scholarship has been submitted.,La demande de bourse a été soumise.,,,Bewerbung
209,8,Der Kampf _____ die Führung war hart.,um,Der Kampf um die Führung war hart.,The fight for leadership was tough.,La lutte pour le leadership a été rude.,,,Kampf
210,8,Ihr Kampf _____ Anerkennung dauerte Jahre.,um,Ihr Kampf um Anerkennung dauerte Jahre.,Her fight for recognition lasted years.,Son combat pour la reconnaissance a duré des années.,,,Kampf
211,8,Die Wahl _____ ihrem Vorsitzenden wurde einstimmig getroffen.,zu,Die Wahl zu ihrem Vorsitzenden wurde einstimmig getroffen.,The election as their chairperson was unanimous.,L’élection à la présidence s’est faite à l’unanimité.,,,Wahl
212,8,Seine Wahl _____ diesem Posten überraschte viele.,zu,Seine Wahl zu diesem Posten überraschte viele.,His election to this position surprised many.,Son élection à ce poste a surpris plus d’un.,,,Wahl
213,8,Der Beitrag _____ Projekt war entscheidend.,zum,Der Beitrag zum Projekt war entscheidend.,The contribution to the project was crucial.,La contribution au projet a été cruciale.,,,Beitrag
214,8,Sein Beitrag _____ Diskussion brachte neue Perspektiven.,zur,Sein Beitrag zur Diskussion brachte neue Perspektiven.,His contribution to the discussion brought new perspectives.,Sa contribution à la discussion a apporté de nouvelles perspectives.,,,Beitrag
215,8,Die Vorbereitung _____ die Prüfung lief reibungslos.,auf,Die Vorbereitung auf die Prüfung lief reibungslos.,The preparation for the exam went smoothly.,La préparation à l'examen s'est bien déroulée.,,,Vorbereitung
216,8,Seine Vorbereitung _____ den Wettbewerb war gründlich.,auf,Seine Vorbereitung auf den Wettbewerb war gründlich.,His preparation for the competition was thorough.,Sa préparation pour la compétition a été minutieuse.,,,Vorbereitung
217,9,the doubt about,an,der Zweifel,the doubt about,le doute sur,,,
218,9,the interest in,an,das Interesse,the interest in,l'intérêt pour,,,
219,9,the joy for,auf,die Freude,the joy for,la joie pour,,,
220,9,the tension about,auf,die Spannung,the tension about,la tension autour,,,
221,9,the apology to,bei,die Entschuldigung,the apology to,les excuses à,,,
222,9,the responsibility for,für,die Verantwortung,the responsibility for,la responsabilité de,,,
223,9,the advertisement for,für,die Werbung,the advertisement for,la publicité pour,,,
224,9,the vote against,gegen,die Stimme,the vote against,le vote contre,,,
225,9,the argument with,mit,der Streit,the argument with,l'argument avec,,,
226,9,the debate about,über,die Debatte,the debate about,le débat sur,,,
227,9,the information about,über,die Information,the information about,les informations sur,,,
228,9,the speech about,über,die Rede,the speech about,le discours sur,,,
229,9,the knowledge about,über,das Wissen,the knowledge about,les connaissances sur,,,
230,9,the game for,um,das Spiel,the game for,le jeu pour,,,
231,9,the argument for,um,der Streit,the argument for,l'argument en faveur,,,
232,9,the bet for,um,die Wette,the bet for,le pari pour,,,
233,9,the warning of,vor,die Warnung,the warning of,l'avertissement de,,,
234,9,the advice on,zu,der Rat,the advice on,les conseils sur,,,
235,9,the demonstration for,für,die Demonstration,the demonstration for,la manifestation pour,,,
236,10,Der Zweifel _____ ihrer Aussage wuchs.,an,Der Zweifel an ihrer Aussage wuchs.,The doubt about her statement grew.,Le doute sur sa déclaration grandit.,,,Zweifel
237,10,Er äußerte Zweifel _____ der Richtigkeit der Ergebnisse.,an,Er äußerte Zweifel an der Richtigkeit der Ergebnisse.,He expressed doubts about the accuracy of the results.,Il a exprimé des doutes quant à l’exactitude des résultats.,,,Zweifel
238,10,"Viele Studierende zeigen großes Interesse _____ nachhaltigen Energielösungen, besonders im Rahmen ihrer Abschlussarbeiten.",an,"Viele Studierende zeigen großes Interesse an nachhaltigen Energielösungen, besonders im Rahmen ihrer Abschlussarbeiten.","Many students show great interest in sustainable energy solutions, especially as part of their final projects.","De nombreux étudiants manifestent un grand intérêt pour les solutions énergétiques durables, notamment dans le cadre de leurs projets finaux.",,,Interesse
239,10,Sein Interesse _____ moderner Kunst wurde durch einen Besuch im Museum deutlich verstärkt.,an,Sein Interesse an moderner Kunst wurde durch einen Besuch im Museum deutlich verstärkt.,His interest in modern art was significantly enhanced by a visit to the museum.,Son intérêt pour l’art moderne a été considérablement renforcé par une visite au musée.,,,Interesse
240,10,Die Freude _____ den Urlaub war groß.,auf,Die Freude auf den Urlaub war groß.,The joy about the upcoming vacation was immense.,La joie des vacances à venir était immense.,,,Freude
241,10,Er konnte seine Freude _____ die Reise kaum verbergen.,auf,Er konnte seine Freude auf die Reise kaum verbergen.,He could hardly hide his joy about the trip.,Il pouvait difficilement cacher sa joie à propos du voyage.,,,Freude
242,10,Die Spannung _____ die Ergebnisse war kaum auszuhalten.,auf,Die Spannung auf die Ergebnisse war kaum auszuhalten.,The anticipation for the results was almost unbearable.,L’attente des résultats était presque insoutenable.,,,Spannung
243,10,Die Spannung _____ das Finale war spürbar.,auf,Die Spannung auf das Finale war spürbar.,The anticipation for the final was palpable.,L’anticipation de la finale était palpable.,,,Spannung
244,10,Die Entschuldigung _____ ihrer Freundin war aufrichtig.,bei,Die Entschuldigung bei ihrer Freundin war aufrichtig.,The apology to her friend was sincere.,Les excuses présentées à son amie étaient sincères.,,,Entschuldigung
245,10,Seine Entschuldigung _____ der Lehrerin wurde angenommen.,bei,Seine Entschuldigung bei der Lehrerin wurde angenommen.,His apology to the teacher was accepted.,Ses excuses au professeur ont été acceptées.,,,Entschuldigung
246,10,Die Verantwortung _____ das Projekt liegt bei ihm.,für,Die Verantwortung für das Projekt liegt bei ihm.,The responsibility for the project lies with him.,La responsabilité du projet lui incombe.,,,Verantwortung
247,10,Ihre Verantwortung _____ die Kinder ist ihr wichtig.,für,Ihre Verantwortung für die Kinder ist ihr wichtig.,Her responsibility for the children is important to her.,Sa responsabilité envers les enfants est importante pour elle.,,,Verantwortung
248,10,Die Werbung _____ das neue Produkt war sehr effektiv.,für,Die Werbung für das neue Produkt war sehr effektiv.,The advertisement for the new product was very effective.,La publicité pour le nouveau produit a été très efficace.,,,Werbung
249,10,Die Werbung _____ den Film läuft auf allen Kanälen.,für,Die Werbung für den Film läuft auf allen Kanälen.,The advertisement for the film is running on all channels.,La publicité pour le film est diffusée sur toutes les chaînes.,,,Werbung
250,10,Die Stimme _____ den Vorschlag wurde laut geäußert.,gegen,Die Stimme gegen den Vorschlag wurde laut geäußert.,The vote against the proposal was expressed loudly.,Le vote contre la proposition s’est exprimé haut et fort.,,,Stimme
251,10,Ihre Stimme _____ den Plan beeinflusste die Entscheidung.,gegen,Ihre Stimme gegen den Plan beeinflusste die Entscheidung.,Her vote against the plan influenced the decision.,Son vote contre le plan a influencé la décision.,,,Stimme
252,10,Der Streit _____ seinem Bruder war schnell vergessen.,mit,Der Streit mit seinem Bruder war schnell vergessen.,The argument with his brother was quickly forgotten.,La dispute avec son frère fut vite oubliée.,,,Streit
253,10,Ihr Streit _____ der Kollegin eskalierte schnell.,mit,Ihr Streit mit der Kollegin eskalierte schnell.,Her argument with the colleague escalated quickly.,Sa dispute avec son collègue a rapidement dégénéré.,,,Streit
254,10,Die Debatte _____ die neue Steuer war hitzig.,über,Die Debatte über die neue Steuer war hitzig.,The debate about the new tax was heated.,Le débat autour de la nouvelle taxe a été houleux.,,,Debatte
255,10,Ihre Debatte _____ die Umweltpolitik zog viele Zuhörer an.,über,Ihre Debatte über die Umweltpolitik zog viele Zuhörer an.,Their debate about environmental policy attracted many listeners.,Leur débat sur la politique environnementale a attiré de nombreux auditeurs.,,,Debatte
256,10,Die Information _____ die Änderungen wurde per E-Mail verschickt.,über,Die Information über die Änderungen wurde per E-Mail verschickt.,The information about the changes was sent via email.,Les informations sur les modifications ont été envoyées par courrier électronique.,,,Information
257,10,Er suchte nach mehr Informationen _____ die Firma.,über,Er suchte nach mehr Informationen über die Firma.,He looked for more information about the company.,Il a cherché plus d'informations sur l'entreprise.,,,Information
258,10,Die Rede _____ die Zukunft des Unternehmens war inspirierend.,über,Die Rede über die Zukunft des Unternehmens war inspirierend.,The speech about the company's future was inspiring.,Le discours sur l’avenir de l’entreprise était inspirant.,,,Rede
259,10,Ihre Rede _____ Gleichberechtigung erhielt viel Applaus.,über,Ihre Rede über Gleichberechtigung erhielt viel Applaus.,Her speech about equality received a lot of applause.,Son discours sur l’égalité a reçu beaucoup d’applaudissements.,,,Rede
260,10,Sein Wissen _____ Geschichte beeindruckte alle.,über,Sein Wissen über Geschichte beeindruckte alle.,His knowledge about history impressed everyone.,Ses connaissances en histoire ont impressionné tout le monde.,,,Wissen
261,10,Ihr Wissen _____ Technik ist bemerkenswert.,über,Ihr Wissen über Technik ist bemerkenswert.,Her knowledge about technology is remarkable.,Ses connaissances en technologie sont remarquables.,,,Wissen
262,10,Das Spiel _____ den Pokal war spannend.,um,Das Spiel um den Pokal war spannend.,The game for the trophy was exciting.,Le match pour le trophée était passionnant.,,,Spiel
263,10,Ihr Spiel _____ den Sieg zog viele Zuschauer an.,um,Ihr Spiel um den Sieg zog viele Zuschauer an.,Their game for victory attracted many spectators.,Leur match pour la victoire a attiré de nombreux spectateurs.,,,Spiel
264,10,Der Streit _____ das Erbe spaltete die Familie.,um,Der Streit um das Erbe spaltete die Familie.,The argument about the inheritance divided the family.,La dispute au sujet de l'héritage a divisé la famille.,,,Streit
265,10,Ihr Streit _____ die Zuständigkeiten eskalierte schnell.,um,Ihr Streit um die Zuständigkeiten eskalierte schnell.,Their argument about responsibilities escalated quickly.,Leur dispute sur les responsabilités s’est rapidement aggravée.,,,Streit
266,10,Die Wette _____ 50 Euro wurde ernst genommen.,um,Die Wette um 50 Euro wurde ernst genommen.,The bet for 50 euros was taken seriously.,Le pari de 50 euros a été pris au sérieux.,,,Wette
267,10,Seine Wette _____ den Ausgang des Spiels sorgte für Spannung.,um,Seine Wette um den Ausgang des Spiels sorgte für Spannung.,His bet on the outcome of the game created excitement.,Son pari sur l’issue du match a créé l’enthousiasme.,,,Wette
268,10,Die Warnung _____ dem Sturm kam rechtzeitig.,vor,Die Warnung vor dem Sturm kam rechtzeitig.,The warning about the storm came in time.,L’avertissement concernant la tempête est arrivé à temps.,,,Warnung
269,10,Ihre Warnung _____ den Gefahren wurde ernst genommen.,vor,Ihre Warnung vor den Gefahren wurde ernst genommen.,Her warning about the dangers was taken seriously.,Son avertissement sur les dangers a été pris au sérieux.,,,Warnung
270,10,Der Rat _____ mehr Geduld war hilfreich.,zu,Der Rat zu mehr Geduld war hilfreich.,The advice for more patience was helpful.,Le conseil de faire preuve de plus de patience a été utile.,,,Rat
271,10,Ihr Rat _____ diesem Thema wurde ernst genommen.,zu,Ihr Rat zu diesem Thema wurde ernst genommen.,Her advice on this topic was taken seriously.,Ses conseils sur ce sujet ont été pris au sérieux.,,,Rat
272,10,Die Demonstration _____ mehr Lohn war friedlich.,für,Die Demonstration für mehr Lohn war friedlich.,The demonstration for higher wages was peaceful.,La manifestation pour des salaires plus élevés s'est déroulée pacifiquement.,,,Demonstration
273,10,Es gab eine große Demonstration _____ die Rechte der Minderheiten.,für,Es gab eine große Demonstration für die Rechte der Minderheiten.,There was a large demonstration for minority rights.,Il y a eu une grande manifestation pour les droits des minorités.,,,Demonstration
274,11,the designation as,als,die Bezeichnung,the designation as,la désignation comme,,,
275,11,the adaptation to,an,die Anpassung,the adaptation to,l'adaptation à,,,
276,11,the revenge on,an,die Rache,the revenge on,la vengeance sur,,,
277,11,the jealousy of,auf,die Eifersucht,the jealousy of,la jalousie de,,,
278,11,the envy of,auf,der Neid,the envy of,l'envie de,,,
279,11,the composition of,aus,die Zusammensetzung,the composition of,la composition de,,,
280,11,the revenge for,für,die Rache,the revenge for,la vengeance pour,,,
281,11,the violation of,gegen,der Verstoß,the violation of,la violation de,,,
282,11,the distinction in,in,die Unterscheidung,the distinction in,la distinction dans,,,
283,11,the agreement with,mit,die Einigung,the agreement with,l'accord avec,,,
284,11,the conversation with,mit,die Unterhaltung,the conversation with,la conversation avec,,,
285,11,the call for,nach,der Ruf,the call for,l'appel à,,,
286,11,the excitement about,über,die Aufregung,the excitement about,l'excitation à propos de,,,
287,11,the entertainment about,über,die Unterhaltung,the entertainment about,le divertissement à propos de,,,
288,11,the dependence on,von,die Abhängigkeit,the dependence on,la dépendance à l'égard,,,
289,11,the escape from,vor,die Flucht,the escape from,l'évasion de,,,
290,11,the readiness for,zu,die Bereitschaft,the readiness for,la préparation pour,,,
291,11,the belonging to,zu,die Zugehörigkeit,the belonging to,l'appartenance à,,,
292,11,the education to,zu,die Erziehung,the education to,l'éducation à,,,
293,11,the decision to,zu,der Entschluss,the decision to,la décision de,,,
294,12,Die Bezeichnung _____ Held ist übertrieben.,als,Die Bezeichnung als Held ist übertrieben.,The designation as a hero is exaggerated.,La désignation comme héros est exagérée.,,,Bezeichnung
295,12,Seine Bezeichnung _____ Experte wurde anerkannt.,als,Seine Bezeichnung als Experte wurde anerkannt.,His designation as an expert was acknowledged.,Sa désignation comme expert a été reconnue.,,,Bezeichnung
296,12,Die Anpassung _____ neue Umstände fiel ihr leicht.,an,Die Anpassung an neue Umstände fiel ihr leicht.,Adapting to new circumstances was easy for her.,S’adapter à de nouvelles circonstances était facile pour elle.,,,Anpassung
297,12,Die Anpassung _____ Klima dauerte mehrere Wochen.,ans,Die Anpassung ans Klima dauerte mehrere Wochen.,The adaptation to the climate took several weeks.,L’adaptation au climat a pris plusieurs semaines.,,,Anpassung
298,12,Die Rache _____ Täter war grausam.,am,Die Rache am Täter war grausam.,The revenge on the perpetrator was cruel.,La vengeance contre le coupable était cruelle.,,,Rache
299,12,Ihre Rache _____ ihm war wohlüberlegt.,an,Ihre Rache an ihm war wohlüberlegt.,Her revenge on him was deliberate.,Sa vengeance contre lui était délibérée.,,,Rache
300,12,Ihre Eifersucht _____ seine Kollegin war offensichtlich.,auf,Ihre Eifersucht auf seine Kollegin war offensichtlich.,Her jealousy of his colleague was obvious.,Sa jalousie envers son collègue était évidente.,,,Eifersucht
301,12,Die Eifersucht _____ den Erfolg anderer kann zerstörerisch sein.,auf,Die Eifersucht auf den Erfolg anderer kann zerstörerisch sein.,Jealousy of others’ success can be destructive.,La jalousie du succès des autres peut être destructrice.,,,Eifersucht
302,12,Sein Neid _____ den Nachbarn war unbegründet.,auf,Sein Neid auf den Nachbarn war unbegründet.,His envy of the neighbor was unfounded.,Son envie envers son voisin était infondée.,,,Neid
303,12,Der Neid _____ ihren Erfolg war nicht zu übersehen.,auf,Der Neid auf ihren Erfolg war nicht zu übersehen.,The envy of her success was noticeable.,L’envie de son succès était perceptible.,,,Neid
304,12,Die Zusammensetzung _____ verschiedenen Stoffen macht das Produkt aus.,aus,Die Zusammensetzung aus verschiedenen Stoffen macht das Produkt aus.,The composition from various materials defines the product.,La composition de divers matériaux définit le produit.,,,Zusammensetzung
305,12,Die Zusammensetzung _____ Experten unterschiedlicher Bereiche war sinnvoll.,aus,Die Zusammensetzung aus Experten unterschiedlicher Bereiche war sinnvoll.,The composition of experts from different fields made sense.,La composition d’experts de différents domaines avait du sens.,,,Zusammensetzung
306,12,Sie schwor Rache _____ den Betrug.,für,Sie schwor Rache für den Betrug.,She swore revenge for the betrayal.,Elle a juré de se venger de la trahison.,,,Rache
307,12,Die Rache _____ das Unrecht ließ nicht lange auf sich warten.,für,Die Rache für das Unrecht ließ nicht lange auf sich warten.,The revenge for the injustice came quickly.,La vengeance pour l’injustice est venue rapidement.,,,Rache
308,12,Sein Verstoß _____ die Regeln blieb nicht unbestraft.,gegen,Sein Verstoß gegen die Regeln blieb nicht unbestraft.,His violation of the rules did not go unpunished.,Sa violation des règles n’est pas restée impunie.,,,Verstoß
309,12,Der Verstoß _____ das Gesetz wurde angezeigt.,gegen,Der Verstoß gegen das Gesetz wurde angezeigt.,The violation of the law was reported.,La violation de la loi a été signalée.,,,Verstoß
310,12,Die Unterscheidung _____ Gruppen hilft beim Verständnis.,in,Die Unterscheidung in Gruppen hilft beim Verständnis.,The distinction into groups helps with understanding.,La distinction en groupes aide à la compréhension.,,,Unterscheidung
311,12,Die Unterscheidung _____ Kategorien ist nicht immer einfach.,in,Die Unterscheidung in Kategorien ist nicht immer einfach.,The classification into categories is not always easy.,La classification en catégories n’est pas toujours facile.,,,Unterscheidung
312,12,Die Einigung _____ dem Partner wurde schriftlich festgehalten.,mit,Die Einigung mit dem Partner wurde schriftlich festgehalten.,The agreement with the partner was put in writing.,L'accord avec le partenaire a été mis par écrit.,,,Einigung
313,12,Nach langer Diskussion kam es zur Einigung _____ der Gewerkschaft.,mit,Nach langer Diskussion kam es zur Einigung mit der Gewerkschaft.,"After long discussion, an agreement was reached with the union.","Après de longues discussions, un accord a été trouvé avec le syndicat.",,,Einigung
314,12,Die Unterhaltung _____ dem Gast war sehr angenehm.,mit,Die Unterhaltung mit dem Gast war sehr angenehm.,The conversation with the guest was very pleasant.,La conversation avec l'invité a été très agréable.,,,Unterhaltung
315,12,Ich hatte eine interessante Unterhaltung _____ meiner Nachbarin.,mit,Ich hatte eine interessante Unterhaltung mit meiner Nachbarin.,I had an interesting conversation with my neighbor.,J'ai eu une conversation intéressante avec mon voisin.,,,Unterhaltung
316,12,Sein Ruf _____ Freiheit wurde laut.,nach,Sein Ruf nach Freiheit wurde laut.,His call for freedom was loud.,Son appel à la liberté était fort.,,,Ruf
317,12,Der Ruf _____ Reformen wird immer stärker.,nach,Der Ruf nach Reformen wird immer stärker.,The call for reforms is getting stronger.,L’appel aux réformes se fait de plus en plus fort.,,,Ruf
318,12,Die Aufregung _____ das Ergebnis war groß.,über,Die Aufregung über das Ergebnis war groß.,The excitement about the result was huge.,L’enthousiasme suscité par le résultat était immense.,,,Aufregung
319,12,Ihre Aufregung _____ den Besuch war spürbar.,über,Ihre Aufregung über den Besuch war spürbar.,Her excitement about the visit was noticeable.,Son enthousiasme à l’idée de cette visite était perceptible.,,,Aufregung
320,12,Die Unterhaltung _____ Politik war sehr spannend.,über,Die Unterhaltung über Politik war sehr spannend.,The conversation about politics was very interesting.,La conversation sur la politique était très intéressante.,,,Unterhaltung
321,12,Unsere Unterhaltung _____ das Buch dauerte stundenlang.,über,Unsere Unterhaltung über das Buch dauerte stundenlang.,Our conversation about the book lasted for hours.,Notre conversation sur le livre a duré des heures.,,,Unterhaltung
322,12,Die Abhängigkeit _____ Alkohol wurde behandelt.,von,Die Abhängigkeit von Alkohol wurde behandelt.,The dependence on alcohol was treated.,La dépendance à l'alcool a été traitée.,,,Abhängigkeit
323,12,Seine Abhängigkeit _____ Geld war offensichtlich.,von,Seine Abhängigkeit von Geld war offensichtlich.,His dependence on money was obvious.,Sa dépendance à l’argent était évidente.,,,Abhängigkeit
324,12,Die Flucht _____ dem Feind war erfolgreich.,vor,Die Flucht vor dem Feind war erfolgreich.,The escape from the enemy was successful.,L'évasion face à l'ennemi a été un succès.,,,Flucht
325,12,Seine Flucht _____ der Verantwortung wurde kritisiert.,vor,Seine Flucht vor der Verantwortung wurde kritisiert.,His escape from responsibility was criticized.,Son évasion de responsabilité a été critiquée.,,,Flucht
326,12,Die Bereitschaft _____ Veränderungen ist gering.,zu,Die Bereitschaft zu Veränderungen ist gering.,The willingness for change is low.,La volonté de changement est faible.,,,Bereitschaft
327,12,Seine Bereitschaft _____ helfen war beeindruckend.,zu,Seine Bereitschaft zu helfen war beeindruckend.,His willingness to help was impressive.,Sa volonté d’aider était impressionnante.,,,Bereitschaft
328,12,Die Zugehörigkeit _____ dieser Gruppe war freiwillig.,zu,Die Zugehörigkeit zu dieser Gruppe war freiwillig.,Belonging to this group was voluntary.,L’appartenance à ce groupe était volontaire.,,,Zugehörigkeit
329,12,Die Zugehörigkeit _____ einer Nation prägt die Identität.,zu,Die Zugehörigkeit zu einer Nation prägt die Identität.,Belonging to a nation shapes identity.,L’appartenance à une nation façonne l’identité.,,,Zugehörigkeit
330,12,Die Erziehung _____ Selbstständigkeit beginnt früh.,zu,Die Erziehung zu Selbstständigkeit beginnt früh.,Upbringing toward independence starts early.,L’éducation vers l’indépendance commence tôt.,,,Erziehung
331,12,Die Erziehung _____ Toleranz ist wichtig.,zu,Die Erziehung zu Toleranz ist wichtig.,Education toward tolerance is important.,L’éducation à la tolérance est importante.,,,Erziehung
332,12,Der Entschluss _____ einem Neuanfang fiel schwer.,zu,Der Entschluss zu einem Neuanfang fiel schwer.,The decision to make a fresh start was hard.,La décision de prendre un nouveau départ a été difficile.,,,Entschluss
333,12,Ihr Entschluss _____ dieser Reise war spontan.,zu,Ihr Entschluss zu dieser Reise war spontan.,Her decision to take this trip was spontaneous.,Sa décision de faire ce voyage était spontanée.,,,Entschluss
334,13,the reputation as,als,das Ansehen,the reputation as,la réputation de,,,
335,13,the suffering from,an,das Leiden,the suffering from,la souffrance de,,,
336,13,the curiosity about,auf,die Neugier,the curiosity about,la curiosité à propos de,,,
337,13,the agreement on,auf,die Einigung,the agreement on,l'accord sur,,,
338,13,the waiver of,auf,der Verzicht,the waiver of,la renonciation à,,,
339,13,the suitability for,für,die Eignung,the suitability for,l'aptitude à,,,
340,13,the immunity against,gegen,die Immunität,the immunity against,l'immunité contre,,,
341,13,the error in,in,der Irrtum,the error in,l'erreur dans,,,
342,13,the deception in,in,die Täuschung,the deception in,la tromperie dans,,,
343,13,the phone call with,mit,das Telefonat,the phone call with,l'appel téléphonique avec,,,
344,13,the inquiry about,nach,die Erkundigung,the inquiry about,l'enquête sur,,,
345,13,the stink of,nach,der Gestank,the stink of,la puanteur de,,,
346,13,the horror of,über,das Entsetzen,the horror of,l'horreur de,,,
347,13,the mockery of,über,der Spott,the mockery of,la moquerie de,,,
348,13,the liberation from,von,die Befreiung,the liberation from,la libération de,,,
349,13,the protection against,vor,der Schutz,the protection against,la protection contre,,,
350,13,the appointment as,zu,die Ernennung,the appointment as,la nomination en tant que,,,
351,13,the tendency to,zu,die Neigung,the tendency to,la tendance à,,,
352,13,the request to,zu,die Aufforderung,the request to,la demande de,,,
353,13,the persuasion to,zu,die Überredung,the persuasion to,la persuasion de,,,
354,14,Sein Ansehen _____ Experte wurde nie infrage gestellt.,als,Sein Ansehen als Experte wurde nie infrage gestellt.,His reputation as an expert was never questioned.,Sa réputation d’expert n’a jamais été remise en question.,,,Ansehen
355,14,Das Ansehen _____ zuverlässiger Partner ist wichtig.,als,Das Ansehen als zuverlässiger Partner ist wichtig.,Reputation as a reliable partner is important.,La réputation d’un partenaire fiable est importante.,,,Ansehen
356,14,Das Leiden _____ Schlaflosigkeit beeinträchtigt ihn stark.,an,Das Leiden an Schlaflosigkeit beeinträchtigt ihn stark.,The suffering from insomnia affects him severely.,Les souffrances liées à l’insomnie l’affectent gravement.,,,Leiden
357,14,Ihr Leiden _____ Migräne ist chronisch.,an,Ihr Leiden an Migräne ist chronisch.,Her suffering from migraines is chronic.,Ses souffrances de migraines sont chroniques.,,,Leiden
358,14,Die Neugier _____ das neue Produkt war spürbar.,auf,Die Neugier auf das neue Produkt war spürbar.,The curiosity about the new product was noticeable.,La curiosité à l’égard du nouveau produit était perceptible.,,,Neugier
359,14,Seine Neugier _____ die Lösung des Rätsels war groß.,auf,Seine Neugier auf die Lösung des Rätsels war groß.,His curiosity about the solution to the puzzle was great.,Sa curiosité quant à la solution de l’énigme était grande.,,,Neugier
360,14,Die Einigung _____ einen Vertrag dauerte lange.,auf,Die Einigung auf einen Vertrag dauerte lange.,Agreement on a contract took a long time.,La conclusion d’un accord sur un contrat a pris beaucoup de temps.,,,Einigung
361,14,Es kam zur Einigung _____ einen gemeinsamen Plan.,auf,Es kam zur Einigung auf einen gemeinsamen Plan.,They reached an agreement on a common plan.,Ils sont parvenus à un accord sur un plan commun.,,,Einigung
362,14,Der Verzicht _____ Luxus fiel ihm schwer.,auf,Der Verzicht auf Luxus fiel ihm schwer.,Renouncing luxury was difficult for him.,Renoncer au luxe lui était difficile.,,,Verzicht
363,14,Sein Verzicht _____ das Erbe überraschte alle.,auf,Sein Verzicht auf das Erbe überraschte alle.,His renunciation of the inheritance surprised everyone.,Son renoncement à l’héritage a surpris tout le monde.,,,Verzicht
364,14,Ihre Eignung _____ die Stelle wurde überprüft.,für,Ihre Eignung für die Stelle wurde überprüft.,Her suitability for the position was reviewed.,Son aptitude à occuper le poste a été examinée.,,,Eignung
365,14,Die Eignung _____ den Beruf ist gesetzlich geregelt.,für,Die Eignung für den Beruf ist gesetzlich geregelt.,Suitability for the profession is legally regulated.,L’aptitude à la profession est réglementée par la loi.,,,Eignung
366,14,Die Immunität _____ das Virus ist noch nicht vollständig entwickelt.,gegen,Die Immunität gegen das Virus ist noch nicht vollständig entwickelt.,Immunity against the virus is not yet fully developed.,L’immunité contre le virus n’est pas encore complètement développée.,,,Immunität
367,14,Viele Tiere besitzen eine natürliche Immunität _____ bestimmte Krankheiten.,gegen,Viele Tiere besitzen eine natürliche Immunität gegen bestimmte Krankheiten.,Many animals have natural immunity against certain diseases.,De nombreux animaux possèdent une immunité naturelle contre certaines maladies.,,,Immunität
368,14,Sein Irrtum _____ dieser Sache war offensichtlich.,in,Sein Irrtum in dieser Sache war offensichtlich.,His error in this matter was obvious.,Son erreur dans cette affaire était évidente.,,,Irrtum
369,14,Der Irrtum _____ der Berechnung führte zum Fehler.,in,Der Irrtum in der Berechnung führte zum Fehler.,The mistake in the calculation led to the error.,L'erreur dans le calcul a conduit à l'erreur.,,,Irrtum
370,14,Die Täuschung _____ dieser Frage war beabsichtigt.,in,Die Täuschung in dieser Frage war beabsichtigt.,The deception in this matter was intentional.,La tromperie dans cette affaire était intentionnelle.,,,Täuschung
371,14,Seine Täuschung _____ Details war schwer zu erkennen.,in,Seine Täuschung in Details war schwer zu erkennen.,His deception in details was hard to detect.,Sa tromperie dans les détails était difficile à détecter.,,,Täuschung
372,14,Das Telefonat _____ der Kundin dauerte eine Stunde.,mit,Das Telefonat mit der Kundin dauerte eine Stunde.,The phone call with the client lasted an hour.,L'appel téléphonique avec le client a duré une heure.,,,Telefonat
373,14,Mein letztes Telefonat _____ ihm war sehr aufschlussreich.,mit,Mein letztes Telefonat mit ihm war sehr aufschlussreich.,My last phone call with him was very informative.,Mon dernier appel téléphonique avec lui a été très instructif.,,,Telefonat
374,14,Die Erkundigung _____ dem Weg war erfolglos.,nach,Die Erkundigung nach dem Weg war erfolglos.,The inquiry about the way was unsuccessful.,L'enquête sur le chemin n'a pas abouti.,,,Ekundigung
375,14,Seine Erkundigung _____ dem Preis wurde schnell beantwortet.,nach,Seine Erkundigung nach dem Preis wurde schnell beantwortet.,His inquiry about the price was quickly answered.,Sa demande de prix a rapidement reçu une réponse.,,,Ekundigung
376,14,Der Gestank _____ Verbranntem war unerträglich.,nach,Der Gestank nach Verbranntem war unerträglich.,The stench of something burnt was unbearable.,L’odeur de quelque chose de brûlé était insupportable.,,,Gestank
377,14,Der Gestank _____ Abfall erfüllte den Raum.,nach,Der Gestank nach Abfall erfüllte den Raum.,The stench of garbage filled the room.,L’odeur des ordures remplissait la pièce.,,,Gestank
378,14,Sein Entsetzen _____ den Unfall war deutlich.,über,Sein Entsetzen über den Unfall war deutlich.,His horror at the accident was obvious.,Son horreur face à l’accident était évidente.,,,Entsetzen
379,14,Das Entsetzen _____ die Nachricht war allgemein.,über,Das Entsetzen über die Nachricht war allgemein.,The horror at the news was widespread.,L’horreur suscitée par cette nouvelle fut générale.,,,Entsetzen
380,14,Sein Spott _____ den Vortrag war verletzend.,über,Sein Spott über den Vortrag war verletzend.,His mockery of the presentation was hurtful.,Sa moquerie de la présentation était blessante.,,,Spott
381,14,Der Spott _____ den Politiker war laut.,über,Der Spott über den Politiker war laut.,The mockery of the politician was loud.,Les moqueries du politicien étaient fortes.,,,Spott
382,14,Die Befreiung _____ der Last fiel ihm schwer.,von,Die Befreiung von der Last fiel ihm schwer.,Freeing himself from the burden was difficult.,Se libérer de ce fardeau était difficile.,,,Befreiung
383,14,Ihre Befreiung _____ der Verantwortung war notwendig.,von,Ihre Befreiung von der Verantwortung war notwendig.,Her release from responsibility was necessary.,Sa libération de responsabilité était nécessaire.,,,Befreiung
384,14,Der Schutz _____ Kälte ist wichtig im Winter.,vor,Der Schutz vor Kälte ist wichtig im Winter.,Protection from the cold is important in winter.,La protection contre le froid est importante en hiver.,,,Schutz
385,14,Der Schutz _____ Gefahren ist lebenswichtig.,vor,Der Schutz vor Gefahren ist lebenswichtig.,Protection from dangers is vital.,La protection contre les dangers est vitale.,,,Schutz
386,14,Die Ernennung _____ Direktor war überraschend.,zum,Die Ernennung zum Direktor war überraschend.,The appointment as director was surprising.,La nomination au poste de directeur a été surprenante.,,,Ernennung
387,14,Seine Ernennung _____ Präsidenten wurde gefeiert.,zum,Seine Ernennung zum Präsidenten wurde gefeiert.,His appointment as president was celebrated.,Sa nomination à la présidence a été célébrée.,,,Ernennung
388,14,Ihre Neigung _____ Dramatik ist bekannt.,zu,Ihre Neigung zu Dramatik ist bekannt.,Her tendency toward drama is well known.,Son penchant pour le drame est bien connu.,,,Neigung
389,14,Seine Neigung _____ Extremen ist gefährlich.,zu,Seine Neigung zu Extremen ist gefährlich.,His inclination toward extremes is dangerous.,Son penchant pour les extrêmes est dangereux.,,,Neigung
390,14,Die Aufforderung _____ Schweigen war deutlich.,zu,Die Aufforderung zu Schweigen war deutlich.,The request to be silent was clear.,La demande de silence était claire.,,,Aufforderung
391,14,Seine Aufforderung _____ Rücksicht wurde ignoriert.,zu,Seine Aufforderung zu Rücksicht wurde ignoriert.,His request for consideration was ignored.,Sa demande de prise en considération a été ignorée.,,,Aufforderung
392,14,Seine Überredung _____ dieser Handlung war erfolgreich.,zu,Seine Überredung zu dieser Handlung war erfolgreich.,His persuasion to this action was successful.,Sa persuasion en faveur de cette action a été couronnée de succès.,,,Überredung
393,14,Die Überredung _____ Kauf war geschickt.,zum,Die Überredung zum Kauf war geschickt.,The persuasion to make the purchase was clever.,La persuasion de faire l’achat était intelligente.,,,Überredung
394,15,the illness of,an,die Erkrankung,the illness of,la maladie de,,,
395,15,the orientation to,an,die Orientierung,the orientation to,l'orientation vers,,,
396,15,the reference to,auf,der Bezug,the reference to,la référence à,,,
397,15,the rage at,auf,die Wut,the rage at,la rage contre,,,
398,15,the emergence from,aus,die Entstehung,the emergence from,l'émergence de,,,
399,15,the commitment to,für,das Engagement,the commitment to,l'engagement envers,,,
400,15,the defense against,gegen,die Verteidigung,the defense against,la défense contre,,,
401,15,the transformation into,in,die Verwandlung,the transformation into,la transformation en,,,
402,15,the structure in,in,die Gliederung,the structure in,la structure en,,,
403,15,the confrontation with,mit,die Auseinandersetzung,the confrontation with,la confrontation avec,,,
404,15,the longing for,nach,die Sehnsucht,the longing for,le désir de,,,
405,15,the amazement about,über,die Verwunderung,the amazement about,l'étonnement à propos de,,,
406,15,the complaint about,über,die Klage,the complaint about,la plainte concernant,,,
407,15,the astonishment at,über,das Erstaunen,the astonishment at,l'étonnement devant,,,
408,15,the disgust for,vor,der Ekel,the disgust for,le dégoût pour,,,
409,15,the congratulations on,zu,der Glückwunsch,the congratulations on,les félicitations pour,,,
410,15,the suitability to,zu,die Eignung,the suitability to,l'aptitude à,,,
411,15,the suggestion to,zu,die Anregung,the suggestion to,la suggestion de,,,
412,15,the transport to,zu,die Beförderung,the transport to,le transport vers,,,
413,15,the compulsion to,zu,der Zwang,the compulsion to,la contrainte de,,,
414,16,Die Erkrankung _____ Grippe war mild.,an,Die Erkrankung an Grippe war mild.,The illness with flu was mild.,La maladie grippale était bénigne.,,,Erkrankung
415,16,Seine Erkrankung _____ Krebs wurde früh erk_____nt.,an,Seine Erkrankung an Krebs wurde früh erkannt.,His illness with cancer was detected early.,Sa maladie cancéreuse a été détectée tôt.,,,Erkrankung
416,16,Die Orientierung _____ den Zielen ist wichtig.,an,Die Orientierung an den Zielen ist wichtig.,Orientation toward the goals is important.,L’orientation vers les objectifs est importante.,,,Orientierung
417,16,Seine Orientierung _____ traditionellen Werten prägt sein Handeln.,an,Seine Orientierung an traditionellen Werten prägt sein Handeln.,His orientation toward traditional values shapes his actions.,Son orientation vers les valeurs traditionnelles façonne ses actions.,,,Orientierung
418,16,Sein Bezug _____ das alte Gesetz war ungenau.,auf,Sein Bezug auf das alte Gesetz war ungenau.,His reference to the old law was inaccurate.,Sa référence à l’ancienne loi était inexacte.,,,Bezug
419,16,Ich nehme Bezug _____ Ihren letzten Brief.,auf,Ich nehme Bezug auf Ihren letzten Brief.,I refer to your last letter.,Je me réfère à votre dernière lettre.,,,Bezug
420,16,Ihre Wut _____ den Chef war kaum zu übersehen.,auf,Ihre Wut auf den Chef war kaum zu übersehen.,Her anger at the boss was hard to miss.,Sa colère envers le patron était difficile à manquer.,,,Wut
421,16,Die Wut _____ den Verkehr wuchs mit jeder Minute.,auf,Die Wut auf den Verkehr wuchs mit jeder Minute.,The anger at the traffic grew by the minute.,La colère contre le trafic grandissait de minute en minute.,,,Wut
422,16,Die Entstehung _____ einfachen Verhältnissen beeindruckte viele.,aus,Die Entstehung aus einfachen Verhältnissen beeindruckte viele.,His emergence from humble origins impressed many.,Son émergence à partir d’origines modestes a impressionné plus d’un.,,,Entstehung
423,16,Die Entstehung _____ dieser Idee war unerwartet.,aus,Die Entstehung aus dieser Idee war unerwartet.,The emergence from this idea was unexpected.,L’émergence de cette idée était inattendue.,,,Entstehung
424,16,Sein Engagement _____ den Umweltschutz ist beeindruckend.,für,Sein Engagement für den Umweltschutz ist beeindruckend.,His commitment to environmental protection is impressive.,Son engagement en faveur de la protection de l’environnement est impressionnant.,,,Engagement
425,16,Das Engagement _____ soziale Projekte steigt.,für,Das Engagement für soziale Projekte steigt.,The commitment to social projects is increasing.,L’engagement dans les projets sociaux augmente.,,,Engagement
426,16,Die Verteidigung _____ die Angriffe war gut organisiert.,gegen,Die Verteidigung gegen die Angriffe war gut organisiert.,The defense against the attacks was well organized.,La défense contre les attaques était bien organisée.,,,Verteidigung
427,16,Seine Verteidigung _____ die Vorwürfe war überzeugend.,gegen,Seine Verteidigung gegen die Vorwürfe war überzeugend.,His defense against the accusations was convincing.,Sa défense contre les accusations était convaincante.,,,Verteidigung
428,16,Die Verwandlung _____ einen modernen Raum war beeindruckend.,in,Die Verwandlung in einen modernen Raum war beeindruckend.,The transformation into a modern space was impressive.,La transformation en un espace moderne était impressionnante.,,,Verwandlung
429,16,Die Verwandlung _____ eine grüne Stadt ist ein großes Ziel.,in,Die Verwandlung in eine grüne Stadt ist ein großes Ziel.,The transformation into a green city is a big goal.,La transformation en une ville verte est un objectif majeur.,,,Verwandlung
430,16,Die Gliederung _____ Kapitel macht das Lesen einfacher.,in,Die Gliederung in Kapitel macht das Lesen einfacher.,The division into chapters makes reading easier.,La division en chapitres facilite la lecture.,,,Gliederung
431,16,Die Gliederung _____ Bereiche ist sinnvoll.,in,Die Gliederung in Bereiche ist sinnvoll.,The structure into sections is practical.,La structure en sections est pratique.,,,Gliederung
432,16,Die Auseinandersetzung _____ dem Thema war intensiv.,mit,Die Auseinandersetzung mit dem Thema war intensiv.,The engagement with the topic was intense.,L’engagement avec le sujet était intense.,,,Auseinandersetzung
433,16,Seine Auseinandersetzung _____ dem Gegner war hart.,mit,Seine Auseinandersetzung mit dem Gegner war hart.,His confrontation with the opponent was tough.,Sa confrontation avec l’adversaire fut rude.,,,Auseinandersetzung
434,16,Ihre Sehnsucht _____ Ruhe wurde stärker.,nach,Ihre Sehnsucht nach Ruhe wurde stärker.,Her longing for peace grew stronger.,Son désir de paix s’est renforcé.,,,Sehnsucht
435,16,Die Sehnsucht _____ der Heimat begleitete ihn ständig.,nach,Die Sehnsucht nach der Heimat begleitete ihn ständig.,The longing for home followed him constantly.,Le désir de rentrer chez lui le poursuivait constamment.,,,Sehnsucht
436,16,Ihre Verwunderung _____ die Entscheidung war groß.,über,Ihre Verwunderung über die Entscheidung war groß.,Her astonishment about the decision was great.,Son étonnement face à cette décision fut grand.,,,Verwunderung
437,16,Meine Verwunderung _____ sein Verhalten war ehrlich.,über,Meine Verwunderung über sein Verhalten war ehrlich.,My surprise at his behavior was genuine.,Ma surprise face à son comportement était sincère.,,,Verwunderung
438,16,Ihre Klage _____ die Arbeitsbedingungen war berechtigt.,über,Ihre Klage über die Arbeitsbedingungen war berechtigt.,Her complaint about the working conditions was justified.,Sa plainte concernant les conditions de travail était justifiée.,,,Klage
439,16,Die Klage _____ den Lärm wurde ignoriert.,über,Die Klage über den Lärm wurde ignoriert.,The complaint about the noise was ignored.,La plainte concernant le bruit a été ignorée.,,,Klage
440,16,Das Erstaunen _____ die Reaktion war groß.,über,Das Erstaunen über die Reaktion war groß.,The astonishment at the reaction was great.,L’étonnement face à la réaction fut grand.,,,Erstaunen
441,16,Unser Erstaunen _____ den Sieg war ehrlich.,über,Unser Erstaunen über den Sieg war ehrlich.,Our amazement at the victory was genuine.,Notre étonnement face à la victoire était sincère.,,,Erstaunen
442,16,Sein Ekel _____ dem Anblick war sichtbar.,vor,Sein Ekel vor dem Anblick war sichtbar.,His disgust at the sight was visible.,Son dégoût à la vue de cette scène était visible.,,,Ekel
443,16,Der Ekel _____ bestimmten Tieren ist weit verbreitet.,vor,Der Ekel vor bestimmten Tieren ist weit verbreitet.,Disgust toward certain animals is widespread.,Le dégoût envers certains animaux est très répandu.,,,Ekel
444,16,Der Glückwunsch _____ ihrem Erfolg war herzlich.,zu,Der Glückwunsch zu ihrem Erfolg war herzlich.,The congratulations on her success were heartfelt.,Les félicitations pour son succès étaient sincères.,,,Glückwunsch
445,16,Sein Glückwunsch _____ ihrer Hochzeit war sehr persönlich.,zu,Sein Glückwunsch zu ihrer Hochzeit war sehr persönlich.,His congratulations on her wedding were very personal.,Ses félicitations pour son mariage étaient très personnelles.,,,Glückwunsch
446,16,Die Eignung _____ diesem Beruf muss nachgewiesen werden.,zu,Die Eignung zu diesem Beruf muss nachgewiesen werden.,Suitability for this profession must be proven.,L'aptitude à cette profession doit être prouvée.,,,Eignung
447,16,Seine Eignung _____ dieser Aufgabe ist fraglich.,zu,Seine Eignung zu dieser Aufgabe ist fraglich.,His suitability for this task is questionable.,Son aptitude à accomplir cette tâche est discutable.,,,Eignung
448,16,Die Anregung _____ neuen Ideen war hilfreich.,zu,Die Anregung zu neuen Ideen war hilfreich.,The stimulation to new ideas was helpful.,La stimulation de nouvelles idées a été utile.,,,Anregung
449,16,Die Anregung _____ Kreativität fehlte.,zu,Die Anregung zu Kreativität fehlte.,The encouragement toward creativity was lacking.,L’encouragement à la créativité faisait défaut.,,,Anregung
450,16,Die Beförderung _____ Manager war verdient.,zum,Die Beförderung zum Manager war verdient.,The promotion to manager was deserved.,La promotion au poste de manager était méritée.,,,Beförderung
451,16,Seine Beförderung _____ Direktor wurde gefeiert.,zum,Seine Beförderung zum Direktor wurde gefeiert.,His promotion to director was celebrated.,Sa promotion au poste de directeur a été célébrée.,,,Beförderung
452,16,Der Zwang _____ Leistung belastet ihn.,zu,Der Zwang zu Leistung belastet ihn.,The pressure to perform burdens him.,La pression de la performance l’accable.,,,Zwang
453,16,Der Zwang _____ Ehrlichkeit war unangemessen.,zu,Der Zwang zu Ehrlichkeit war unangemessen.,The compulsion for honesty was inappropriate.,L’obligation d’honnêteté était inappropriée.,,,Zwang
454,100,the best about,an,das Beste,the best about,,,,
455,100,an increase in,an,die Zunahme,an increase in,,,,
456,100,a decrease in,an,die Abnahme,a decrease in,,,,
457,100,the need in,an,Bedarf,the need in,,,,
458,100,the shortage of,an,Mangel,the shortage of,,,,
459,100,the request to (someone),an,die Bitte,the request to (someone),,,,
460,100,the trust in (someone's ability),in,Vertrauen,the trust in (someone's ability),,,,
461,100,,um,Verdienst,,,,,
462,100,,um,das Wissen,,,,,
463,100,,um,die Geschichte,,,,,
464,100,,um,die Spekulation,,,,,